Volume Fraction,Matrix Material,Fibre Material,Matrix Density (kg/m^3),Matrix Elastic Modulus (MPa),Matrix Poisson's Ratio,Matrix Yield Strength (MPa),Fibre Density (kg/m^3),Fibre Elastic Modulus (MPa),Fibre Poisson Ratio,Strain Rate,Fibre Diameter,Fibre Type,Mesh Size,Composite Elastic Modulus (MPa)
0.05,1,1,1490,2662.557781,0.38,149.590164,1770,220000,0.2,0.1,4.21,1,6,3151.8658
0.05,1,1,1490,2662.557781,0.38,149.590164,1770,220000,0.2,0.2,4.21,1,6,3151.8658
0.05,1,1,1490,2662.557781,0.38,149.590164,1770,220000,0.2,0.3,4.21,1,6,3151.8657
0.05,1,2,1490,2662.557781,0.38,149.590164,2540,75000,0.22,0.1,4.21,1,6,3056.1521
0.05,1,2,1490,2662.557781,0.38,149.590164,2540,75000,0.22,0.2,4.21,1,6,3056.1521
0.05,1,2,1490,2662.557781,0.38,149.590164,2540,75000,0.22,0.3,4.21,1,6,3056.1519
0.05,1,3,1490,2662.557781,0.38,149.590164,1470,150000,0.35,0.1,4.21,1,6,3117.5446
0.05,1,3,1490,2662.557781,0.38,149.590164,1470,150000,0.35,0.2,4.21,1,6,3117.5446
0.05,1,3,1490,2662.557781,0.38,149.590164,1470,150000,0.35,0.3,4.21,1,6,3117.5445
0.05,1,4,1490,2662.557781,0.38,149.590164,2530,85000,0.21,0.1,4.21,1,6,3068.8294
0.05,1,4,1490,2662.557781,0.38,149.590164,2530,85000,0.21,0.2,4.21,1,6,3068.8294
0.05,1,4,1490,2662.557781,0.38,149.590164,2530,85000,0.21,0.3,4.21,1,6,3068.8294
0.1,1,1,1490,2662.557781,0.38,149.590164,1770,220000,0.2,0.1,5.95,1,6,3495.0303
0.1,1,1,1490,2662.557781,0.38,149.590164,1770,220000,0.2,0.2,5.95,1,6,3495.0303
0.1,1,1,1490,2662.557781,0.38,149.590164,1770,220000,0.2,0.3,5.95,1,6,3495.0303
0.1,1,2,1490,2662.557781,0.38,149.590164,2540,75000,0.22,0.1,5.95,1,6,3396.6234
0.1,1,2,1490,2662.557781,0.38,149.590164,2540,75000,0.22,0.2,5.95,1,6,3396.6234
0.1,1,2,1490,2662.557781,0.38,149.590164,2540,75000,0.22,0.3,5.95,1,6,3396.6234
0.1,1,3,1490,2662.557781,0.38,149.590164,1470,150000,0.35,0.1,5.95,1,6,3460.3513
0.1,1,3,1490,2662.557781,0.38,149.590164,1470,150000,0.35,0.2,5.95,1,6,3460.3513
0.1,1,3,1490,2662.557781,0.38,149.590164,1470,150000,0.35,0.3,5.95,1,6,3460.3510
0.1,1,4,1490,2662.557781,0.38,149.590164,2530,85000,0.21,0.1,5.95,1,6,3411.1000
0.1,1,4,1490,2662.557781,0.38,149.590164,2530,85000,0.21,0.2,5.95,1,6,3411.1000
0.1,1,4,1490,2662.557781,0.38,149.590164,2530,85000,0.21,0.3,5.95,1,6,3411.0999
0.15,1,1,1490,2662.557781,0.38,149.590164,1770,220000,0.2,0.1,7.29,1,6,3920.5585
0.15,1,1,1490,2662.557781,0.38,149.590164,1770,220000,0.2,0.2,7.29,1,6,3920.5585
0.15,1,1,1490,2662.557781,0.38,149.590164,1770,220000,0.2,0.3,7.29,1,6,3920.5584
0.15,1,2,1490,2662.557781,0.38,149.590164,2540,75000,0.22,0.1,7.29,1,6,3802.1140
0.15,1,2,1490,2662.557781,0.38,149.590164,2540,75000,0.22,0.2,7.29,1,6,3802.1140
0.15,1,2,1490,2662.557781,0.38,149.590164,2540,75000,0.22,0.3,7.29,1,6,3802.1139
0.15,1,3,1490,2662.557781,0.38,149.590164,1470,150000,0.35,0.1,7.29,1,6,3879.6188
0.15,1,3,1490,2662.557781,0.38,149.590164,1470,150000,0.35,0.2,7.29,1,6,3879.6188
0.15,1,3,1490,2662.557781,0.38,149.590164,1470,150000,0.35,0.3,7.29,1,6,3879.6185
0.15,1,4,1490,2662.557781,0.38,149.590164,2530,85000,0.21,0.1,7.29,1,6,3822.3561
0.15,1,4,1490,2662.557781,0.38,149.590164,2530,85000,0.21,0.2,7.29,1,6,3822.3561
0.15,1,4,1490,2662.557781,0.38,149.590164,2530,85000,0.21,0.3,7.29,1,6,3822.3562
0.2,1,1,1490,2662.557781,0.38,149.590164,1770,220000,0.2,0.1,8.4,1,6,4387.1712
0.2,1,1,1490,2662.557781,0.38,149.590164,1770,220000,0.2,0.2,8.4,1,6,4387.1712
0.2,1,1,1490,2662.557781,0.38,149.590164,1770,220000,0.2,0.3,8.4,1,6,4387.1712
0.2,1,2,1490,2662.557781,0.38,149.590164,2540,75000,0.22,0.1,8.4,1,6,4239.2335
0.2,1,2,1490,2662.557781,0.38,149.590164,2540,75000,0.22,0.2,8.4,1,6,4239.2335
0.2,1,2,1490,2662.557781,0.38,149.590164,2540,75000,0.22,0.3,8.4,1,6,4239.2337
0.2,1,3,1490,2662.557781,0.38,149.590164,1470,150000,0.35,0.1,8.4,1,6,4336.3602
0.2,1,3,1490,2662.557781,0.38,149.590164,1470,150000,0.35,0.2,8.4,1,6,4336.3602
0.2,1,3,1490,2662.557781,0.38,149.590164,1470,150000,0.35,0.3,8.4,1,6,4336.3603
0.2,1,4,1490,2662.557781,0.38,149.590164,2530,85000,0.21,0.1,8.4,1,6,4265.0406
0.2,1,4,1490,2662.557781,0.38,149.590164,2530,85000,0.21,0.2,8.4,1,6,4265.0406
0.2,1,4,1490,2662.557781,0.38,149.590164,2530,85000,0.21,0.3,8.4,1,6,4265.0405
0.25,1,1,1490,2662.557781,0.38,149.590164,1770,220000,0.2,0.1,9.41,1,6,4968.7131
0.25,1,1,1490,2662.557781,0.38,149.590164,1770,220000,0.2,0.2,9.41,1,6,4968.7131
0.25,1,1,1490,2662.557781,0.38,149.590164,1770,220000,0.2,0.3,9.41,1,6,4968.7128
0.25,1,2,1490,2662.557781,0.38,149.590164,2540,75000,0.22,0.1,9.41,1,6,4772.0559
0.25,1,2,1490,2662.557781,0.38,149.590164,2540,75000,0.22,0.2,9.41,1,6,4772.0559
0.25,1,2,1490,2662.557781,0.38,149.590164,2540,75000,0.22,0.3,9.41,1,6,4772.0563
0.25,1,3,1490,2662.557781,0.38,149.590164,1470,150000,0.35,0.1,9.41,1,6,4901.6957
0.25,1,3,1490,2662.557781,0.38,149.590164,1470,150000,0.35,0.2,9.41,1,6,4901.6957
0.25,1,3,1490,2662.557781,0.38,149.590164,1470,150000,0.35,0.3,9.41,1,6,4901.6957
0.25,1,4,1490,2662.557781,0.38,149.590164,2530,85000,0.21,0.1,9.41,1,6,4806.5682
0.25,1,4,1490,2662.557781,0.38,149.590164,2530,85000,0.21,0.2,9.41,1,6,4806.5682
0.25,1,4,1490,2662.557781,0.38,149.590164,2530,85000,0.21,0.3,9.41,1,6,4806.5684
0.3,1,1,1490,2662.557781,0.38,149.590164,1770,220000,0.2,0.1,10.3,1,6,5459.3605
0.3,1,1,1490,2662.557781,0.38,149.590164,1770,220000,0.2,0.2,10.3,1,6,5459.3605
0.3,1,1,1490,2662.557781,0.38,149.590164,1770,220000,0.2,0.3,10.3,1,6,5459.3607
0.3,1,2,1490,2662.557781,0.38,149.590164,2540,75000,0.22,0.1,10.3,1,6,5218.2018
0.3,1,2,1490,2662.557781,0.38,149.590164,2540,75000,0.22,0.2,10.3,1,6,5218.2018
0.3,1,2,1490,2662.557781,0.38,149.590164,2540,75000,0.22,0.3,10.3,1,6,5218.2018
0.3,1,3,1490,2662.557781,0.38,149.590164,1470,150000,0.35,0.1,10.3,1,6,5376.2035
0.3,1,3,1490,2662.557781,0.38,149.590164,1470,150000,0.35,0.2,10.3,1,6,5376.2035
0.3,1,3,1490,2662.557781,0.38,149.590164,1470,150000,0.35,0.3,10.3,1,6,5376.2034
0.3,1,4,1490,2662.557781,0.38,149.590164,2530,85000,0.21,0.1,10.3,1,6,5256.2628
0.3,1,4,1490,2662.557781,0.38,149.590164,2530,85000,0.21,0.2,10.3,1,6,5256.2628
0.3,1,4,1490,2662.557781,0.38,149.590164,2530,85000,0.21,0.3,10.3,1,6,5256.2629
0.35,1,1,1490,2662.557781,0.38,149.590164,1770,220000,0.2,0.1,11.13,1,6,6526.2610
0.35,1,1,1490,2662.557781,0.38,149.590164,1770,220000,0.2,0.2,11.13,1,6,6526.2610
0.35,1,1,1490,2662.557781,0.38,149.590164,1770,220000,0.2,0.3,11.13,1,6,6526.2614
0.35,1,2,1490,2662.557781,0.38,149.590164,2540,75000,0.22,0.1,11.13,1,6,6163.6221
0.35,1,2,1490,2662.557781,0.38,149.590164,2540,75000,0.22,0.2,11.13,1,6,6163.6221
0.35,1,2,1490,2662.557781,0.38,149.590164,2540,75000,0.22,0.3,11.13,1,6,6163.6224
0.35,1,3,1490,2662.557781,0.38,149.590164,1470,150000,0.35,0.1,11.13,1,6,6405.2960
0.35,1,3,1490,2662.557781,0.38,149.590164,1470,150000,0.35,0.2,11.13,1,6,6405.2960
0.35,1,3,1490,2662.557781,0.38,149.590164,1470,150000,0.35,0.3,11.13,1,6,6405.2960
0.35,1,4,1490,2662.557781,0.38,149.590164,2530,85000,0.21,0.1,11.13,1,6,6226.8847
0.35,1,4,1490,2662.557781,0.38,149.590164,2530,85000,0.21,0.2,11.13,1,6,6226.8847
0.35,1,4,1490,2662.557781,0.38,149.590164,2530,85000,0.21,0.3,11.13,1,6,6226.8847
0.4,1,1,1490,2662.557781,0.38,149.590164,1770,220000,0.2,0.1,11.9,1,6,7545.7567
0.4,1,1,1490,2662.557781,0.38,149.590164,1770,220000,0.2,0.2,11.9,1,6,7545.7567
0.4,1,1,1490,2662.557781,0.38,149.590164,1770,220000,0.2,0.3,11.9,1,6,7545.7565
0.4,1,2,1490,2662.557781,0.38,149.590164,2540,75000,0.22,0.1,11.9,1,6,7044.9463
0.4,1,2,1490,2662.557781,0.38,149.590164,2540,75000,0.22,0.2,11.9,1,6,7044.9463
0.4,1,2,1490,2662.557781,0.38,149.590164,2540,75000,0.22,0.3,11.9,1,6,7044.9465
0.4,1,3,1490,2662.557781,0.38,149.590164,1470,150000,0.35,0.1,11.9,1,6,7380.5627
0.4,1,3,1490,2662.557781,0.38,149.590164,1470,150000,0.35,0.2,11.9,1,6,7380.5627
0.4,1,3,1490,2662.557781,0.38,149.590164,1470,150000,0.35,0.3,11.9,1,6,7380.5630
0.4,1,4,1490,2662.557781,0.38,149.590164,2530,85000,0.21,0.1,11.9,1,6,7131.4171
0.4,1,4,1490,2662.557781,0.38,149.590164,2530,85000,0.21,0.2,11.9,1,6,7131.4171
0.4,1,4,1490,2662.557781,0.38,149.590164,2530,85000,0.21,0.3,11.9,1,6,7131.4169
0.45,1,1,1490,2662.557781,0.38,149.590164,1770,220000,0.2,0.1,12.62,1,6,8933.9141
0.45,1,1,1490,2662.557781,0.38,149.590164,1770,220000,0.2,0.2,12.62,1,6,8933.9141
0.45,1,1,1490,2662.557781,0.38,149.590164,1770,220000,0.2,0.3,12.62,1,6,8933.9147
0.45,1,2,1490,2662.557781,0.38,149.590164,2540,75000,0.22,0.1,12.62,1,6,8208.0485
0.45,1,2,1490,2662.557781,0.38,149.590164,2540,75000,0.22,0.2,12.62,1,6,8208.0485
0.45,1,2,1490,2662.557781,0.38,149.590164,2540,75000,0.22,0.3,12.62,1,6,8208.0485
0.45,1,3,1490,2662.557781,0.38,149.590164,1470,150000,0.35,0.1,12.62,1,6,8698.3934
0.45,1,3,1490,2662.557781,0.38,149.590164,1470,150000,0.35,0.2,12.62,1,6,8698.3934
0.45,1,3,1490,2662.557781,0.38,149.590164,1470,150000,0.35,0.3,12.62,1,6,8698.3932
0.45,1,4,1490,2662.557781,0.38,149.590164,2530,85000,0.21,0.1,12.62,1,6,8331.2856
0.45,1,4,1490,2662.557781,0.38,149.590164,2530,85000,0.21,0.2,12.62,1,6,8331.2856
0.45,1,4,1490,2662.557781,0.38,149.590164,2530,85000,0.21,0.3,12.62,1,6,8331.2858
0.5,1,1,1490,2662.557781,0.38,149.590164,1770,220000,0.2,0.1,13.3,1,6,9974.4816
0.5,1,1,1490,2662.557781,0.38,149.590164,1770,220000,0.2,0.2,13.3,1,6,9974.4816
0.5,1,1,1490,2662.557781,0.38,149.590164,1770,220000,0.2,0.3,13.3,1,6,9974.4813
0.5,1,2,1490,2662.557781,0.38,149.590164,2540,75000,0.22,0.1,13.3,1,6,9010.8474
0.5,1,2,1490,2662.557781,0.38,149.590164,2540,75000,0.22,0.2,13.3,1,6,9010.8474
0.5,1,2,1490,2662.557781,0.38,149.590164,2540,75000,0.22,0.3,13.3,1,6,9010.8479
0.5,1,3,1490,2662.557781,0.38,149.590164,1470,150000,0.35,0.1,13.3,1,6,9680.6391
0.5,1,3,1490,2662.557781,0.38,149.590164,1470,150000,0.35,0.2,13.3,1,6,9680.6391
0.5,1,3,1490,2662.557781,0.38,149.590164,1470,150000,0.35,0.3,13.3,1,6,9680.6389
0.5,1,4,1490,2662.557781,0.38,149.590164,2530,85000,0.21,0.1,13.3,1,6,9170.0730
0.5,1,4,1490,2662.557781,0.38,149.590164,2530,85000,0.21,0.2,13.3,1,6,9170.0730
0.5,1,4,1490,2662.557781,0.38,149.590164,2530,85000,0.21,0.3,13.3,1,6,9170.0732
0.05,1,1,1490,2662.557781,0.38,149.590164,1770,220000,0.2,0.1,10.98,2,6,2980.4062
0.05,1,2,1490,2662.557781,0.38,149.590164,2540,75000,0.22,0.1,10.98,2,6,2960.4394
0.05,1,3,1490,2662.557781,0.38,149.590164,1470,150000,0.35,0.1,10.98,2,6,2974.4477
0.05,1,4,1490,2662.557781,0.38,149.590164,2530,85000,0.21,0.1,10.98,2,6,2963.7765
0.1,1,1,1490,2662.557781,0.38,149.590164,1770,220000,0.2,0.1,13.85,2,6,3384.5900
0.1,1,2,1490,2662.557781,0.38,149.590164,2540,75000,0.22,0.1,13.85,2,6,3338.3691
0.1,1,3,1490,2662.557781,0.38,149.590164,1470,150000,0.35,0.1,13.85,2,6,3370.7776
0.1,1,4,1490,2662.557781,0.38,149.590164,2530,85000,0.21,0.1,13.85,2,6,3346.5290
0.15,1,1,1490,2662.557781,0.38,149.590164,1770,220000,0.2,0.1,15.84,2,6,3805.7158
0.15,1,2,1490,2662.557781,0.38,149.590164,2540,75000,0.22,0.1,15.84,2,6,3730.7770
0.15,1,3,1490,2662.557781,0.38,149.590164,1470,150000,0.35,0.1,15.84,2,6,3783.5643
0.15,1,4,1490,2662.557781,0.38,149.590164,2530,85000,0.21,0.1,15.84,2,6,3743.9993
0.2,1,1,1490,2662.557781,0.38,149.590164,1770,220000,0.2,0.1,17.44,2,6,4639.2243
0.2,1,2,1490,2662.557781,0.38,149.590164,2540,75000,0.22,0.1,17.44,2,6,4415.7066
0.2,1,3,1490,2662.557781,0.38,149.590164,1470,150000,0.35,0.1,17.44,2,6,4573.5395
0.2,1,4,1490,2662.557781,0.38,149.590164,2530,85000,0.21,0.1,17.44,2,6,4449.6821
0.25,1,1,1490,2662.557781,0.38,149.590164,1770,220000,0.2,0.1,18.79,2,6,5212.4847
0.25,1,2,1490,2662.557781,0.38,149.590164,2540,75000,0.22,0.1,18.79,2,6,4965.4691
0.25,1,3,1490,2662.557781,0.38,149.590164,1470,150000,0.35,0.1,18.79,2,6,5140.3784
0.25,1,4,1490,2662.557781,0.38,149.590164,2530,85000,0.21,0.1,18.79,2,6,5007.0825
0.3,1,1,1490,2662.557781,0.38,149.590164,1770,220000,0.2,0.1,19.96,2,6,6433.2451
0.3,1,2,1490,2662.557781,0.38,149.590164,2540,75000,0.22,0.1,19.96,2,6,5883.2296
0.3,1,3,1490,2662.557781,0.38,149.590164,1470,150000,0.35,0.1,19.96,2,6,6274.2364
0.3,1,4,1490,2662.557781,0.38,149.590164,2530,85000,0.21,0.1,19.96,2,6,5965.4380
0.35,1,1,1490,2662.557781,0.38,149.590164,1770,220000,0.2,0.1,21.02,2,6,7137.2420
0.35,1,2,1490,2662.557781,0.38,149.590164,2540,75000,0.22,0.1,21.02,2,6,6592.6405
0.35,1,3,1490,2662.557781,0.38,149.590164,1470,150000,0.35,0.1,21.02,2,6,6978.6822
0.35,1,4,1490,2662.557781,0.38,149.590164,2530,85000,0.21,0.1,21.02,2,6,6681.5669
0.4,1,1,1490,2662.557781,0.38,149.590164,1770,220000,0.2,0.1,21.98,2,6,8551.9866
0.4,1,2,1490,2662.557781,0.38,149.590164,2540,75000,0.22,0.1,21.98,2,6,7744.2423
0.4,1,3,1490,2662.557781,0.38,149.590164,1470,150000,0.35,0.1,21.98,2,6,8316.5014
0.4,1,4,1490,2662.557781,0.38,149.590164,2530,85000,0.21,0.1,21.98,2,6,7874.0292
0.45,1,1,1490,2662.557781,0.38,149.590164,1770,220000,0.2,0.1,22.86,2,6,11141.5499
0.45,1,2,1490,2662.557781,0.38,149.590164,2540,75000,0.22,0.1,22.86,2,6,9537.1598
0.45,1,3,1490,2662.557781,0.38,149.590164,1470,150000,0.35,0.1,22.86,2,6,10673.7349
0.45,1,4,1490,2662.557781,0.38,149.590164,2530,85000,0.21,0.1,22.86,2,6,9773.7081
0.5,1,1,1490,2662.557781,0.38,149.590164,1770,220000,0.2,0.1,23.67,2,6,15350.4933
0.5,1,2,1490,2662.557781,0.38,149.590164,2540,75000,0.22,0.1,23.67,2,6,12081.0111
0.5,1,3,1490,2662.557781,0.38,149.590164,1470,150000,0.35,0.1,23.67,2,6,14294.4082
0.5,1,4,1490,2662.557781,0.38,149.590164,2530,85000,0.21,0.1,23.67,2,6,12498.6327
0.05,2,1,1200,2000,0.37,59,1770,220000,0.2,0.1,4.21,1,6,2368.2641
0.05,2,1,1200,2000,0.37,59,1770,220000,0.2,0.2,4.21,1,6,2368.2641
0.05,2,1,1200,2000,0.37,59,1770,220000,0.2,0.3,4.21,1,6,2368.2642
0.05,2,2,1200,2000,0.37,59,2540,75000,0.22,0.1,4.21,1,6,2308.1034
0.05,2,2,1200,2000,0.37,59,2540,75000,0.22,0.2,4.21,1,6,2308.1034
0.05,2,2,1200,2000,0.37,59,2540,75000,0.22,0.3,4.21,1,6,2308.1034
0.05,2,3,1200,2000,0.37,59,1470,150000,0.35,0.1,4.21,1,6,2347.7635
0.05,2,3,1200,2000,0.37,59,1470,150000,0.35,0.2,4.21,1,6,2347.7635
0.05,2,3,1200,2000,0.37,59,1470,150000,0.35,0.3,4.21,1,6,2347.7634
0.05,2,4,1200,2000,0.37,59,2530,85000,0.21,0.1,4.21,1,6,2317.0481
0.05,2,4,1200,2000,0.37,59,2530,85000,0.21,0.2,4.21,1,6,2317.0481
0.05,2,4,1200,2000,0.37,59,2530,85000,0.21,0.3,4.21,1,6,2317.0482
0.1,2,1,1200,2000,0.37,59,1770,220000,0.2,0.1,5.95,1,6,2615.5563
0.1,2,1,1200,2000,0.37,59,1770,220000,0.2,0.2,5.95,1,6,2615.5563
0.1,2,1,1200,2000,0.37,59,1770,220000,0.2,0.3,5.95,1,6,2615.5562
0.1,2,2,1200,2000,0.37,59,2540,75000,0.22,0.1,5.95,1,6,2557.4510
0.1,2,2,1200,2000,0.37,59,2540,75000,0.22,0.2,5.95,1,6,2557.4510
0.1,2,2,1200,2000,0.37,59,2540,75000,0.22,0.3,5.95,1,6,2557.4511
0.1,2,3,1200,2000,0.37,59,1470,150000,0.35,0.1,5.95,1,6,2595.9000
0.1,2,3,1200,2000,0.37,59,1470,150000,0.35,0.2,5.95,1,6,2595.9000
0.1,2,3,1200,2000,0.37,59,1470,150000,0.35,0.3,5.95,1,6,2595.9000
0.1,2,4,1200,2000,0.37,59,2530,85000,0.21,0.1,5.95,1,6,2567.1216
0.1,2,4,1200,2000,0.37,59,2530,85000,0.21,0.2,5.95,1,6,2567.1216
0.1,2,4,1200,2000,0.37,59,2530,85000,0.21,0.3,5.95,1,6,2567.1218
0.15,2,1,1200,2000,0.37,59,1770,220000,0.2,0.1,7.29,1,6,2930.3269
0.15,2,1,1200,2000,0.37,59,1770,220000,0.2,0.2,7.29,1,6,2930.3269
0.15,2,1,1200,2000,0.37,59,1770,220000,0.2,0.3,7.29,1,6,2930.3269
0.15,2,2,1200,2000,0.37,59,2540,75000,0.22,0.1,7.29,1,6,2863.2980
0.15,2,2,1200,2000,0.37,59,2540,75000,0.22,0.2,7.29,1,6,2863.2980
0.15,2,2,1200,2000,0.37,59,2540,75000,0.22,0.3,7.29,1,6,2863.2978
0.15,2,3,1200,2000,0.37,59,1470,150000,0.35,0.1,7.29,1,6,2907.5171
0.15,2,3,1200,2000,0.37,59,1470,150000,0.35,0.2,7.29,1,6,2907.5171
0.15,2,3,1200,2000,0.37,59,1470,150000,0.35,0.3,7.29,1,6,2907.5173
0.15,2,4,1200,2000,0.37,59,2530,85000,0.21,0.1,7.29,1,6,2874.9765
0.15,2,4,1200,2000,0.37,59,2530,85000,0.21,0.2,7.29,1,6,2874.9765
0.15,2,4,1200,2000,0.37,59,2530,85000,0.21,0.3,7.29,1,6,2874.9765
0.2,2,1,1200,2000,0.37,59,1770,220000,0.2,0.1,8.4,1,6,3272.9373
0.2,2,1,1200,2000,0.37,59,1770,220000,0.2,0.2,8.4,1,6,3272.9373
0.2,2,1,1200,2000,0.37,59,1770,220000,0.2,0.3,8.4,1,6,3272.9371
0.2,2,2,1200,2000,0.37,59,2540,75000,0.22,0.1,8.4,1,6,3190.1853
0.2,2,2,1200,2000,0.37,59,2540,75000,0.22,0.2,8.4,1,6,3190.1853
0.2,2,2,1200,2000,0.37,59,2540,75000,0.22,0.3,8.4,1,6,3190.1852
0.2,2,3,1200,2000,0.37,59,1470,150000,0.35,0.1,8.4,1,6,3244.8931
0.2,2,3,1200,2000,0.37,59,1470,150000,0.35,0.2,8.4,1,6,3244.8931
0.2,2,3,1200,2000,0.37,59,1470,150000,0.35,0.3,8.4,1,6,3244.8929
0.2,2,4,1200,2000,0.37,59,2530,85000,0.21,0.1,8.4,1,6,3204.8516
0.2,2,4,1200,2000,0.37,59,2530,85000,0.21,0.2,8.4,1,6,3204.8516
0.2,2,4,1200,2000,0.37,59,2530,85000,0.21,0.3,8.4,1,6,3204.8515
0.25,2,1,1200,2000,0.37,59,1770,220000,0.2,0.1,9.41,1,6,3698.8024
0.25,2,1,1200,2000,0.37,59,1770,220000,0.2,0.2,9.41,1,6,3698.8024
0.25,2,1,1200,2000,0.37,59,1770,220000,0.2,0.3,9.41,1,6,3698.8025
0.25,2,2,1200,2000,0.37,59,2540,75000,0.22,0.1,9.41,1,6,3589.5542
0.25,2,2,1200,2000,0.37,59,2540,75000,0.22,0.2,9.41,1,6,3589.5542
0.25,2,2,1200,2000,0.37,59,2540,75000,0.22,0.3,9.41,1,6,3589.5542
0.25,2,3,1200,2000,0.37,59,1470,150000,0.35,0.1,9.41,1,6,3662.0740
0.25,2,3,1200,2000,0.37,59,1470,150000,0.35,0.2,9.41,1,6,3662.0740
0.25,2,3,1200,2000,0.37,59,1470,150000,0.35,0.3,9.41,1,6,3662.0739
0.25,2,4,1200,2000,0.37,59,2530,85000,0.21,0.1,9.41,1,6,3609.0141
0.25,2,4,1200,2000,0.37,59,2530,85000,0.21,0.2,9.41,1,6,3609.0141
0.25,2,4,1200,2000,0.37,59,2530,85000,0.21,0.3,9.41,1,6,3609.0142
0.3,2,1,1200,2000,0.37,59,1770,220000,0.2,0.1,10.3,1,6,4059.4008
0.3,2,1,1200,2000,0.37,59,1770,220000,0.2,0.2,10.3,1,6,4059.4008
0.3,2,1,1200,2000,0.37,59,1770,220000,0.2,0.3,10.3,1,6,4059.4008
0.3,2,2,1200,2000,0.37,59,2540,75000,0.22,0.1,10.3,1,6,3922.7788
0.3,2,2,1200,2000,0.37,59,2540,75000,0.22,0.2,10.3,1,6,3922.7788
0.3,2,2,1200,2000,0.37,59,2540,75000,0.22,0.3,10.3,1,6,3922.7792
0.3,2,3,1200,2000,0.37,59,1470,150000,0.35,0.1,10.3,1,6,4013.9345
0.3,2,3,1200,2000,0.37,59,1470,150000,0.35,0.2,10.3,1,6,4013.9345
0.3,2,3,1200,2000,0.37,59,1470,150000,0.35,0.3,10.3,1,6,4013.9345
0.3,2,4,1200,2000,0.37,59,2530,85000,0.21,0.1,10.3,1,6,3947.0783
0.3,2,4,1200,2000,0.37,59,2530,85000,0.21,0.2,10.3,1,6,3947.0783
0.3,2,4,1200,2000,0.37,59,2530,85000,0.21,0.3,10.3,1,6,3947.0782
0.35,2,1,1200,2000,0.37,59,1770,220000,0.2,0.1,11.13,1,6,4840.0102
0.35,2,1,1200,2000,0.37,59,1770,220000,0.2,0.2,11.13,1,6,4840.0102
0.35,2,1,1200,2000,0.37,59,1770,220000,0.2,0.3,11.13,1,6,4840.0101
0.35,2,2,1200,2000,0.37,59,2540,75000,0.22,0.1,11.13,1,6,4639.5566
0.35,2,2,1200,2000,0.37,59,2540,75000,0.22,0.2,11.13,1,6,4639.5566
0.35,2,2,1200,2000,0.37,59,2540,75000,0.22,0.3,11.13,1,6,4639.5565
0.35,2,3,1200,2000,0.37,59,1470,150000,0.35,0.1,11.13,1,6,4774.2455
0.35,2,3,1200,2000,0.37,59,1470,150000,0.35,0.2,11.13,1,6,4774.2455
0.35,2,3,1200,2000,0.37,59,1470,150000,0.35,0.3,11.13,1,6,4774.2456
0.35,2,4,1200,2000,0.37,59,2530,85000,0.21,0.1,11.13,1,6,4675.0931
0.35,2,4,1200,2000,0.37,59,2530,85000,0.21,0.2,11.13,1,6,4675.0931
0.35,2,4,1200,2000,0.37,59,2530,85000,0.21,0.3,11.13,1,6,4675.0931
0.4,2,1,1200,2000,0.37,59,1770,220000,0.2,0.1,11.9,1,6,5586.8654
0.4,2,1,1200,2000,0.37,59,1770,220000,0.2,0.2,11.9,1,6,5586.8654
0.4,2,1,1200,2000,0.37,59,1770,220000,0.2,0.3,11.9,1,6,5586.8658
0.4,2,2,1200,2000,0.37,59,2540,75000,0.22,0.1,11.9,1,6,5309.9492
0.4,2,2,1200,2000,0.37,59,2540,75000,0.22,0.2,11.9,1,6,5309.9492
0.4,2,2,1200,2000,0.37,59,2540,75000,0.22,0.3,11.9,1,6,5309.9491
0.4,2,3,1200,2000,0.37,59,1470,150000,0.35,0.1,11.9,1,6,5497.2429
0.4,2,3,1200,2000,0.37,59,1470,150000,0.35,0.2,11.9,1,6,5497.2429
0.4,2,3,1200,2000,0.37,59,1470,150000,0.35,0.3,11.9,1,6,5497.2427
0.4,2,4,1200,2000,0.37,59,2530,85000,0.21,0.1,11.9,1,6,5358.6336
0.4,2,4,1200,2000,0.37,59,2530,85000,0.21,0.2,11.9,1,6,5358.6336
0.4,2,4,1200,2000,0.37,59,2530,85000,0.21,0.3,11.9,1,6,5358.6336
0.45,2,1,1200,2000,0.37,59,1770,220000,0.2,0.1,12.62,1,6,6610.3404
0.45,2,1,1200,2000,0.37,59,1770,220000,0.2,0.2,12.62,1,6,6610.3404
0.45,2,1,1200,2000,0.37,59,1770,220000,0.2,0.3,12.62,1,6,6610.0724
0.45,2,2,1200,2000,0.37,59,2540,75000,0.22,0.1,12.62,1,6,6207.0922
0.45,2,2,1200,2000,0.37,59,2540,75000,0.22,0.2,12.62,1,6,6207.0922
0.45,2,2,1200,2000,0.37,59,2540,75000,0.22,0.3,12.62,1,6,6207.0924
0.45,2,3,1200,2000,0.37,59,1470,150000,0.35,0.1,12.62,1,6,6482.3807
0.45,2,3,1200,2000,0.37,59,1470,150000,0.35,0.2,12.62,1,6,6482.3807
0.45,2,3,1200,2000,0.37,59,1470,150000,0.35,0.3,12.62,1,6,6482.3322
0.45,2,4,1200,2000,0.37,59,2530,85000,0.21,0.1,12.62,1,6,6277.0171
0.45,2,4,1200,2000,0.37,59,2530,85000,0.21,0.2,12.62,1,6,6277.0171
0.45,2,4,1200,2000,0.37,59,2530,85000,0.21,0.3,12.62,1,6,6277.0171
0.5,2,1,1200,2000,0.37,59,1770,220000,0.2,0.1,13.3,1,6,7396.9487
0.5,2,1,1200,2000,0.37,59,1770,220000,0.2,0.2,13.3,1,6,7396.9487
0.5,2,1,1200,2000,0.37,59,1770,220000,0.2,0.3,13.3,1,6,7355.6453
0.5,2,2,1200,2000,0.37,59,2540,75000,0.22,0.1,13.3,1,6,6854.6357
0.5,2,2,1200,2000,0.37,59,2540,75000,0.22,0.2,13.3,1,6,6854.6357
0.5,2,2,1200,2000,0.37,59,2540,75000,0.22,0.3,13.3,1,6,6846.4367
0.5,2,3,1200,2000,0.37,59,1470,150000,0.35,0.1,13.3,1,6,7230.3831
0.5,2,3,1200,2000,0.37,59,1470,150000,0.35,0.2,13.3,1,6,7230.3831
0.5,2,3,1200,2000,0.37,59,1470,150000,0.35,0.3,13.3,1,6,7200.9240
0.5,2,4,1200,2000,0.37,59,2530,85000,0.21,0.1,13.3,1,6,6946.5296
0.5,2,4,1200,2000,0.37,59,2530,85000,0.21,0.2,13.3,1,6,6946.5296
0.5,2,4,1200,2000,0.37,59,2530,85000,0.21,0.3,13.3,1,6,6934.8063
0.05,2,1,1200,2000,0.37,59,1770,220000,0.2,0.1,10.98,2,6,2240.8213
0.05,2,2,1200,2000,0.37,59,2540,75000,0.22,0.1,10.98,2,6,2228.8336
0.05,2,3,1200,2000,0.37,59,1470,150000,0.35,0.1,10.98,2,6,2237.2570
0.05,2,4,1200,2000,0.37,59,2530,85000,0.21,0.1,10.98,2,6,2230.8078
0.1,2,1,1200,2000,0.37,59,1770,220000,0.2,0.1,13.85,2,6,2541.8290
0.1,2,2,1200,2000,0.37,59,2540,75000,0.22,0.1,13.85,2,6,2515.7180
0.1,2,3,1200,2000,0.37,59,1470,150000,0.35,0.1,13.85,2,6,2534.1352
0.1,2,4,1200,2000,0.37,59,2530,85000,0.21,0.1,13.85,2,6,2520.3692
0.15,2,1,1200,2000,0.37,59,1770,220000,0.2,0.1,15.84,2,6,2857.7110
0.15,2,2,1200,2000,0.37,59,2540,75000,0.22,0.1,15.84,2,6,2815.2716
0.15,2,3,1200,2000,0.37,59,1470,150000,0.35,0.1,15.84,2,6,2845.3428
0.15,2,4,1200,2000,0.37,59,2530,85000,0.21,0.1,15.84,2,6,2822.8243
0.2,2,1,1200,2000,0.37,59,1770,220000,0.2,0.1,17.44,2,6,3495.9616
0.2,2,2,1200,2000,0.37,59,2540,75000,0.22,0.1,17.44,2,6,3356.3827
0.2,2,3,1200,2000,0.37,59,1470,150000,0.35,0.1,17.44,2,6,3455.0910
0.2,2,4,1200,2000,0.37,59,2530,85000,0.21,0.1,17.44,2,6,3377.4263
0.25,2,1,1200,2000,0.37,59,1770,220000,0.2,0.1,18.79,2,6,3910.4918
0.25,2,2,1200,2000,0.37,59,2540,75000,0.22,0.1,18.79,2,6,3769.3001
0.25,2,3,1200,2000,0.37,59,1470,150000,0.35,0.1,18.79,2,6,3870.1757
0.25,2,4,1200,2000,0.37,59,2530,85000,0.21,0.1,18.79,2,6,3793.5133
0.3,2,1,1200,2000,0.37,59,1770,220000,0.2,0.1,19.96,2,6,4840.4621
0.3,2,2,1200,2000,0.37,59,2540,75000,0.22,0.1,19.96,2,6,4512.6156
0.3,2,3,1200,2000,0.37,59,1470,150000,0.35,0.1,19.96,2,6,4749.6377
0.3,2,4,1200,2000,0.37,59,2530,85000,0.21,0.1,19.96,2,6,4563.4247
0.35,2,1,1200,2000,0.37,59,1770,220000,0.2,0.1,21.02,2,6,5355.1048
0.35,2,2,1200,2000,0.37,59,2540,75000,0.22,0.1,21.02,2,6,5040.5576
0.35,2,3,1200,2000,0.37,59,1470,150000,0.35,0.1,21.02,2,6,5266.0096
0.35,2,4,1200,2000,0.37,59,2530,85000,0.21,0.1,21.02,2,6,5093.1561
0.4,2,1,1200,2000,0.37,59,1770,220000,0.2,0.1,21.98,2,6,6421.0882
0.4,2,2,1200,2000,0.37,59,2540,75000,0.22,0.1,21.98,2,6,5951.2101
0.4,2,3,1200,2000,0.37,59,1470,150000,0.35,0.1,21.98,2,6,6288.2238
0.4,2,4,1200,2000,0.37,59,2530,85000,0.21,0.1,21.98,2,6,6028.7779
0.45,2,1,1200,2000,0.37,59,1770,220000,0.2,0.1,22.86,2,6,8336.9787
0.45,2,2,1200,2000,0.37,59,2540,75000,0.22,0.1,22.86,2,6,7434.5959
0.45,2,3,1200,2000,0.37,59,1470,150000,0.35,0.1,22.86,2,6,8089.0770
0.45,2,4,1200,2000,0.37,59,2530,85000,0.21,0.1,22.86,2,6,7577.7815
0.5,2,1,1200,2000,0.37,59,1770,220000,0.2,0.1,23.67,2,6,11693.7182
0.5,2,2,1200,2000,0.37,59,2540,75000,0.22,0.1,23.67,2,6,9598.6523
0.5,2,3,1200,2000,0.37,59,1470,150000,0.35,0.1,23.67,2,6,11048.5399
0.5,2,4,1200,2000,0.37,59,2530,85000,0.21,0.1,23.67,2,6,9875.0490
0.05,3,1,1180,2070,0.36,58.31,1770,220000,0.2,0.1,4.21,1,6,2435.1231
0.05,3,1,1180,2070,0.36,58.31,1770,220000,0.2,0.2,4.21,1,6,2435.1231
0.05,3,1,1180,2070,0.36,58.31,1770,220000,0.2,0.3,4.21,1,6,2435.1231
0.05,3,2,1180,2070,0.36,58.31,2540,75000,0.22,0.1,4.21,1,6,2375.4824
0.05,3,2,1180,2070,0.36,58.31,2540,75000,0.22,0.2,4.21,1,6,2375.4824
0.05,3,2,1180,2070,0.36,58.31,2540,75000,0.22,0.3,4.21,1,6,2375.4823
0.05,3,3,1180,2070,0.36,58.31,1470,150000,0.35,0.1,4.21,1,6,2414.6431
0.05,3,3,1180,2070,0.36,58.31,1470,150000,0.35,0.2,4.21,1,6,2414.6431
0.05,3,3,1180,2070,0.36,58.31,1470,150000,0.35,0.3,4.21,1,6,2414.6431
0.05,3,4,1180,2070,0.36,58.31,2530,85000,0.21,0.1,4.21,1,6,2384.3355
0.05,3,4,1180,2070,0.36,58.31,2530,85000,0.21,0.2,4.21,1,6,2384.3355
0.05,3,4,1180,2070,0.36,58.31,2530,85000,0.21,0.3,4.21,1,6,2384.3356
0.1,3,1,1180,2070,0.36,58.31,1770,220000,0.2,0.1,5.95,1,6,2685.0451
0.1,3,1,1180,2070,0.36,58.31,1770,220000,0.2,0.2,5.95,1,6,2685.0451
0.1,3,1,1180,2070,0.36,58.31,1770,220000,0.2,0.3,5.95,1,6,2685.0451
0.1,3,2,1180,2070,0.36,58.31,2540,75000,0.22,0.1,5.95,1,6,2626.8256
0.1,3,2,1180,2070,0.36,58.31,2540,75000,0.22,0.2,5.95,1,6,2626.8256
0.1,3,2,1180,2070,0.36,58.31,2540,75000,0.22,0.3,5.95,1,6,2626.8255
0.1,3,3,1180,2070,0.36,58.31,1470,150000,0.35,0.1,5.95,1,6,2665.2421
0.1,3,3,1180,2070,0.36,58.31,1470,150000,0.35,0.2,5.95,1,6,2665.2421
0.1,3,3,1180,2070,0.36,58.31,1470,150000,0.35,0.3,5.95,1,6,2665.2423
0.1,3,4,1180,2070,0.36,58.31,2530,85000,0.21,0.1,5.95,1,6,2636.5162
0.1,3,4,1180,2070,0.36,58.31,2530,85000,0.21,0.2,5.95,1,6,2636.5162
0.1,3,4,1180,2070,0.36,58.31,2530,85000,0.21,0.3,5.95,1,6,2636.5163
0.15,3,1,1180,2070,0.36,58.31,1770,220000,0.2,0.1,7.29,1,6,3002.3595
0.15,3,1,1180,2070,0.36,58.31,1770,220000,0.2,0.2,7.29,1,6,3002.3595
0.15,3,1,1180,2070,0.36,58.31,1770,220000,0.2,0.3,7.29,1,6,3002.3593
0.15,3,2,1180,2070,0.36,58.31,2540,75000,0.22,0.1,7.29,1,6,2934.7604
0.15,3,2,1180,2070,0.36,58.31,2540,75000,0.22,0.2,7.29,1,6,2934.7604
0.15,3,2,1180,2070,0.36,58.31,2540,75000,0.22,0.3,7.29,1,6,2934.7604
0.15,3,3,1180,2070,0.36,58.31,1470,150000,0.35,0.1,7.29,1,6,2979.3029
0.15,3,3,1180,2070,0.36,58.31,1470,150000,0.35,0.2,7.29,1,6,2979.3029
0.15,3,3,1180,2070,0.36,58.31,1470,150000,0.35,0.3,7.29,1,6,2979.3030
0.15,3,4,1180,2070,0.36,58.31,2530,85000,0.21,0.1,7.29,1,6,2946.5425
0.15,3,4,1180,2070,0.36,58.31,2530,85000,0.21,0.2,7.29,1,6,2946.5425
0.15,3,4,1180,2070,0.36,58.31,2530,85000,0.21,0.3,7.29,1,6,2946.5425
0.2,3,1,1180,2070,0.36,58.31,1770,220000,0.2,0.1,8.4,1,6,3346.4359
0.2,3,1,1180,2070,0.36,58.31,1770,220000,0.2,0.2,8.4,1,6,3346.4359
0.2,3,1,1180,2070,0.36,58.31,1770,220000,0.2,0.3,8.4,1,6,3346.4359
0.2,3,2,1180,2070,0.36,58.31,2540,75000,0.22,0.1,8.4,1,6,3262.7881
0.2,3,2,1180,2070,0.36,58.31,2540,75000,0.22,0.2,8.4,1,6,3262.7881
0.2,3,2,1180,2070,0.36,58.31,2540,75000,0.22,0.3,8.4,1,6,3262.7880
0.2,3,3,1180,2070,0.36,58.31,1470,150000,0.35,0.1,8.4,1,6,3318.0913
0.2,3,3,1180,2070,0.36,58.31,1470,150000,0.35,0.2,8.4,1,6,3318.0913
0.2,3,3,1180,2070,0.36,58.31,1470,150000,0.35,0.3,8.4,1,6,3318.0914
0.2,3,4,1180,2070,0.36,58.31,2530,85000,0.21,0.1,8.4,1,6,3277.6156
0.2,3,4,1180,2070,0.36,58.31,2530,85000,0.21,0.2,8.4,1,6,3277.6156
0.2,3,4,1180,2070,0.36,58.31,2530,85000,0.21,0.3,8.4,1,6,3277.6155
0.25,3,1,1180,2070,0.36,58.31,1770,220000,0.2,0.1,9.41,1,6,3771.6335
0.25,3,1,1180,2070,0.36,58.31,1770,220000,0.2,0.2,9.41,1,6,3771.6335
0.25,3,1,1180,2070,0.36,58.31,1770,220000,0.2,0.3,9.41,1,6,3771.6335
0.25,3,2,1180,2070,0.36,58.31,2540,75000,0.22,0.1,9.41,1,6,3661.3446
0.25,3,2,1180,2070,0.36,58.31,2540,75000,0.22,0.2,9.41,1,6,3661.3446
0.25,3,2,1180,2070,0.36,58.31,2540,75000,0.22,0.3,9.41,1,6,3661.3447
0.25,3,3,1180,2070,0.36,58.31,1470,150000,0.35,0.1,9.41,1,6,3734.6273
0.25,3,3,1180,2070,0.36,58.31,1470,150000,0.35,0.2,9.41,1,6,3734.6273
0.25,3,3,1180,2070,0.36,58.31,1470,150000,0.35,0.3,9.41,1,6,3734.6275
0.25,3,4,1180,2070,0.36,58.31,2530,85000,0.21,0.1,9.41,1,6,3680.9890
0.25,3,4,1180,2070,0.36,58.31,2530,85000,0.21,0.2,9.41,1,6,3680.9890
0.25,3,4,1180,2070,0.36,58.31,2530,85000,0.21,0.3,9.41,1,6,3680.9893
0.3,3,1,1180,2070,0.36,58.31,1770,220000,0.2,0.1,10.3,1,6,4131.9295
0.3,3,1,1180,2070,0.36,58.31,1770,220000,0.2,0.2,10.3,1,6,4131.9295
0.3,3,1,1180,2070,0.36,58.31,1770,220000,0.2,0.3,10.3,1,6,4131.9295
0.3,3,2,1180,2070,0.36,58.31,2540,75000,0.22,0.1,10.3,1,6,3994.0896
0.3,3,2,1180,2070,0.36,58.31,2540,75000,0.22,0.2,10.3,1,6,3994.0896
0.3,3,2,1180,2070,0.36,58.31,2540,75000,0.22,0.3,10.3,1,6,3994.0893
0.3,3,3,1180,2070,0.36,58.31,1470,150000,0.35,0.1,10.3,1,6,4086.1968
0.3,3,3,1180,2070,0.36,58.31,1470,150000,0.35,0.2,10.3,1,6,4086.1968
0.3,3,3,1180,2070,0.36,58.31,1470,150000,0.35,0.3,10.3,1,6,4086.1967
0.3,3,4,1180,2070,0.36,58.31,2530,85000,0.21,0.1,10.3,1,6,4018.5997
0.3,3,4,1180,2070,0.36,58.31,2530,85000,0.21,0.2,10.3,1,6,4018.5997
0.3,3,4,1180,2070,0.36,58.31,2530,85000,0.21,0.3,10.3,1,6,4018.5994
0.35,3,1,1180,2070,0.36,58.31,1770,220000,0.2,0.1,11.13,1,6,4907.7653
0.35,3,1,1180,2070,0.36,58.31,1770,220000,0.2,0.2,11.13,1,6,4907.7653
0.35,3,1,1180,2070,0.36,58.31,1770,220000,0.2,0.3,11.13,1,6,4907.7656
0.35,3,2,1180,2070,0.36,58.31,2540,75000,0.22,0.1,11.13,1,6,4706.2503
0.35,3,2,1180,2070,0.36,58.31,2540,75000,0.22,0.2,11.13,1,6,4706.2503
0.35,3,2,1180,2070,0.36,58.31,2540,75000,0.22,0.3,11.13,1,6,4706.2503
0.35,3,3,1180,2070,0.36,58.31,1470,150000,0.35,0.1,11.13,1,6,4841.9324
0.35,3,3,1180,2070,0.36,58.31,1470,150000,0.35,0.2,11.13,1,6,4841.9324
0.35,3,3,1180,2070,0.36,58.31,1470,150000,0.35,0.3,11.13,1,6,4841.9325
0.35,3,4,1180,2070,0.36,58.31,2530,85000,0.21,0.1,11.13,1,6,4741.9595
0.35,3,4,1180,2070,0.36,58.31,2530,85000,0.21,0.2,11.13,1,6,4741.9595
0.35,3,4,1180,2070,0.36,58.31,2530,85000,0.21,0.3,11.13,1,6,4741.9595
0.4,3,1,1180,2070,0.36,58.31,1770,220000,0.2,0.1,11.9,1,6,5647.8892
0.4,3,1,1180,2070,0.36,58.31,1770,220000,0.2,0.2,11.9,1,6,5647.8892
0.4,3,1,1180,2070,0.36,58.31,1770,220000,0.2,0.3,11.9,1,6,5647.8894
0.4,3,2,1180,2070,0.36,58.31,2540,75000,0.22,0.1,11.9,1,6,5370.5169
0.4,3,2,1180,2070,0.36,58.31,2540,75000,0.22,0.2,11.9,1,6,5370.5169
0.4,3,2,1180,2070,0.36,58.31,2540,75000,0.22,0.3,11.9,1,6,5370.5170
0.4,3,3,1180,2070,0.36,58.31,1470,150000,0.35,0.1,11.9,1,6,5558.5564
0.4,3,3,1180,2070,0.36,58.31,1470,150000,0.35,0.2,11.9,1,6,5558.5564
0.4,3,3,1180,2070,0.36,58.31,1470,150000,0.35,0.3,11.9,1,6,5558.5564
0.4,3,4,1180,2070,0.36,58.31,2530,85000,0.21,0.1,11.9,1,6,5419.2583
0.4,3,4,1180,2070,0.36,58.31,2530,85000,0.21,0.2,11.9,1,6,5419.2583
0.4,3,4,1180,2070,0.36,58.31,2530,85000,0.21,0.3,11.9,1,6,5419.2583
0.45,3,1,1180,2070,0.36,58.31,1770,220000,0.2,0.1,12.62,1,6,6663.7116
0.45,3,1,1180,2070,0.36,58.31,1770,220000,0.2,0.2,12.62,1,6,6663.7116
0.45,3,1,1180,2070,0.36,58.31,1770,220000,0.2,0.3,12.62,1,6,6662.4431
0.45,3,2,1180,2070,0.36,58.31,2540,75000,0.22,0.1,12.62,1,6,6260.8782
0.45,3,2,1180,2070,0.36,58.31,2540,75000,0.22,0.2,12.62,1,6,6260.8782
0.45,3,2,1180,2070,0.36,58.31,2540,75000,0.22,0.3,12.62,1,6,6260.8782
0.45,3,3,1180,2070,0.36,58.31,1470,150000,0.35,0.1,12.62,1,6,6536.5574
0.45,3,3,1180,2070,0.36,58.31,1470,150000,0.35,0.2,12.62,1,6,6536.5574
0.45,3,3,1180,2070,0.36,58.31,1470,150000,0.35,0.3,12.62,1,6,6535.9590
0.45,3,4,1180,2070,0.36,58.31,2530,85000,0.21,0.1,12.62,1,6,6330.6976
0.45,3,4,1180,2070,0.36,58.31,2530,85000,0.21,0.2,12.62,1,6,6330.6976
0.45,3,4,1180,2070,0.36,58.31,2530,85000,0.21,0.3,12.62,1,6,6330.6553
0.5,3,1,1180,2070,0.36,58.31,1770,220000,0.2,0.1,13.3,1,6,7452.5160
0.5,3,1,1180,2070,0.36,58.31,1770,220000,0.2,0.2,13.3,1,6,7452.5160
0.5,3,1,1180,2070,0.36,58.31,1770,220000,0.2,0.3,13.3,1,6,7387.3936
0.5,3,2,1180,2070,0.36,58.31,2540,75000,0.22,0.1,13.3,1,6,6910.8813
0.5,3,2,1180,2070,0.36,58.31,2540,75000,0.22,0.2,13.3,1,6,6910.8813
0.5,3,2,1180,2070,0.36,58.31,2540,75000,0.22,0.3,13.3,1,6,6893.1940
0.5,3,3,1180,2070,0.36,58.31,1470,150000,0.35,0.1,13.3,1,6,7286.9446
0.5,3,3,1180,2070,0.36,58.31,1470,150000,0.35,0.2,13.3,1,6,7286.9446
0.5,3,3,1180,2070,0.36,58.31,1470,150000,0.35,0.3,13.3,1,6,7237.6923
0.5,3,4,1180,2070,0.36,58.31,2530,85000,0.21,0.1,13.3,1,6,7002.6402
0.5,3,4,1180,2070,0.36,58.31,2530,85000,0.21,0.2,13.3,1,6,7002.6402
0.5,3,4,1180,2070,0.36,58.31,2530,85000,0.21,0.3,13.3,1,6,6979.7090
0.05,3,1,1180,2070,0.36,58.31,1770,220000,0.2,0.1,10.98,2,6,2316.6779
0.05,3,2,1180,2070,0.36,58.31,2540,75000,0.22,0.1,10.98,2,6,2304.0818
0.05,3,3,1180,2070,0.36,58.31,1470,150000,0.35,0.1,10.98,2,6,2312.9498
0.05,3,4,1180,2070,0.36,58.31,2530,85000,0.21,0.1,10.98,2,6,2306.1543
0.1,3,1,1180,2070,0.36,58.31,1770,220000,0.2,0.1,13.85,2,6,2623.0600
0.1,3,2,1180,2070,0.36,58.31,2540,75000,0.22,0.1,13.85,2,6,2595.7927
0.1,3,3,1180,2070,0.36,58.31,1470,150000,0.35,0.1,13.85,2,6,2615.0727
0.1,3,4,1180,2070,0.36,58.31,2530,85000,0.21,0.1,13.85,2,6,2600.6433
0.15,3,1,1180,2070,0.36,58.31,1770,220000,0.2,0.1,15.84,2,6,2946.2567
0.15,3,2,1180,2070,0.36,58.31,2540,75000,0.22,0.1,15.84,2,6,2901.8004
0.15,3,3,1180,2070,0.36,58.31,1470,150000,0.35,0.1,15.84,2,6,2933.3802
0.15,3,4,1180,2070,0.36,58.31,2530,85000,0.21,0.1,15.84,2,6,2909.6991
0.2,3,1,1180,2070,0.36,58.31,1770,220000,0.2,0.1,17.44,2,6,3594.0752
0.2,3,2,1180,2070,0.36,58.31,2540,75000,0.22,0.1,17.44,2,6,3450.0801
0.2,3,3,1180,2070,0.36,58.31,1470,150000,0.35,0.1,17.44,2,6,3551.8589
0.2,3,4,1180,2070,0.36,58.31,2530,85000,0.21,0.1,17.44,2,6,3471.7748
0.25,3,1,1180,2070,0.36,58.31,1770,220000,0.2,0.1,18.79,2,6,4011.8243
0.25,3,2,1180,2070,0.36,58.31,2540,75000,0.22,0.1,18.79,2,6,3866.2288
0.25,3,3,1180,2070,0.36,58.31,1470,150000,0.35,0.1,18.79,2,6,3970.4438
0.25,3,4,1180,2070,0.36,58.31,2530,85000,0.21,0.1,18.79,2,6,3891.1712
0.3,3,1,1180,2070,0.36,58.31,1770,220000,0.2,0.1,19.96,2,6,4947.4755
0.3,3,2,1180,2070,0.36,58.31,2540,75000,0.22,0.1,19.96,2,6,4614.9635
0.3,3,3,1180,2070,0.36,58.31,1470,150000,0.35,0.1,19.96,2,6,4855.6645
0.3,3,4,1180,2070,0.36,58.31,2530,85000,0.21,0.1,19.96,2,6,4666.6796
0.35,3,1,1180,2070,0.36,58.31,1770,220000,0.2,0.1,21.02,2,6,5469.6274
0.35,3,2,1180,2070,0.36,58.31,2540,75000,0.22,0.1,21.02,2,6,5147.5730
0.35,3,3,1180,2070,0.36,58.31,1470,150000,0.35,0.1,21.02,2,6,5378.8013
0.35,3,4,1180,2070,0.36,58.31,2530,85000,0.21,0.1,21.02,2,6,5201.3869
0.4,3,1,1180,2070,0.36,58.31,1770,220000,0.2,0.1,21.98,2,6,6542.4150
0.4,3,2,1180,2070,0.36,58.31,2540,75000,0.22,0.1,21.98,2,6,6063.1128
0.4,3,3,1180,2070,0.36,58.31,1470,150000,0.35,0.1,21.98,2,6,6407.9141
0.4,3,4,1180,2070,0.36,58.31,2530,85000,0.21,0.1,21.98,2,6,6142.3111
0.45,3,1,1180,2070,0.36,58.31,1770,220000,0.2,0.1,22.86,2,6,8447.0884
0.45,3,2,1180,2070,0.36,58.31,2540,75000,0.22,0.1,22.86,2,6,7545.0024
0.45,3,3,1180,2070,0.36,58.31,1470,150000,0.35,0.1,22.86,2,6,8200.3231
0.45,3,4,1180,2070,0.36,58.31,2530,85000,0.21,0.1,22.86,2,6,7688.8159
0.5,3,1,1180,2070,0.36,58.31,1770,220000,0.2,0.1,23.67,2,6,11775.5517
0.5,3,2,1180,2070,0.36,58.31,2540,75000,0.22,0.1,23.67,2,6,9691.1766
0.5,3,3,1180,2070,0.36,58.31,1470,150000,0.35,0.1,23.67,2,6,11136.5915
0.5,3,4,1180,2070,0.36,58.31,2530,85000,0.21,0.1,23.67,2,6,9967.6239
0.05,4,1,931,1890,0.4,39.8,1770,220000,0.2,0.1,4.21,1,6,2284.8843
0.05,4,1,931,1890,0.4,39.8,1770,220000,0.2,0.2,4.21,1,6,2284.8843
0.05,4,1,931,1890,0.4,39.8,1770,220000,0.2,0.3,4.21,1,6,2284.8842
0.05,4,2,931,1890,0.4,39.8,2540,75000,0.22,0.1,4.21,1,6,2218.7559
0.05,4,2,931,1890,0.4,39.8,2540,75000,0.22,0.2,4.21,1,6,2218.7559
0.05,4,2,931,1890,0.4,39.8,2540,75000,0.22,0.3,4.21,1,6,2218.7558
0.05,4,3,931,1890,0.4,39.8,1470,150000,0.35,0.1,4.21,1,6,2262.6984
0.05,4,3,931,1890,0.4,39.8,1470,150000,0.35,0.2,4.21,1,6,2262.6984
0.05,4,3,931,1890,0.4,39.8,1470,150000,0.35,0.3,4.21,1,6,2262.6983
0.05,4,4,931,1890,0.4,39.8,2530,85000,0.21,0.1,4.21,1,6,2228.5756
0.05,4,4,931,1890,0.4,39.8,2530,85000,0.21,0.2,4.21,1,6,2228.5756
0.05,4,4,931,1890,0.4,39.8,2530,85000,0.21,0.3,4.21,1,6,2228.5755
0.1,4,1,931,1890,0.4,39.8,1770,220000,0.2,0.1,5.95,1,6,2538.2527
0.1,4,1,931,1890,0.4,39.8,1770,220000,0.2,0.2,5.95,1,6,2538.2527
0.1,4,1,931,1890,0.4,39.8,1770,220000,0.2,0.3,5.95,1,6,2538.2528
0.1,4,2,931,1890,0.4,39.8,2540,75000,0.22,0.1,5.95,1,6,2475.3799
0.1,4,2,931,1890,0.4,39.8,2540,75000,0.22,0.2,5.95,1,6,2475.3799
0.1,4,2,931,1890,0.4,39.8,2540,75000,0.22,0.3,5.95,1,6,2475.3799
0.1,4,3,931,1890,0.4,39.8,1470,150000,0.35,0.1,5.95,1,6,2517.2517
0.1,4,3,931,1890,0.4,39.8,1470,150000,0.35,0.2,5.95,1,6,2517.2517
0.1,4,3,931,1890,0.4,39.8,1470,150000,0.35,0.3,5.95,1,6,2517.2517
0.1,4,4,931,1890,0.4,39.8,2530,85000,0.21,0.1,5.95,1,6,2485.8024
0.1,4,4,931,1890,0.4,39.8,2530,85000,0.21,0.2,5.95,1,6,2485.8024
0.1,4,4,931,1890,0.4,39.8,2530,85000,0.21,0.3,5.95,1,6,2485.8023
0.15,4,1,931,1890,0.4,39.8,1770,220000,0.2,0.1,7.29,1,6,2863.4943
0.15,4,1,931,1890,0.4,39.8,1770,220000,0.2,0.2,7.29,1,6,2863.4943
0.15,4,1,931,1890,0.4,39.8,1770,220000,0.2,0.3,7.29,1,6,2863.4942
0.15,4,2,931,1890,0.4,39.8,2540,75000,0.22,0.1,7.29,1,6,2791.6750
0.15,4,2,931,1890,0.4,39.8,2540,75000,0.22,0.2,7.29,1,6,2791.6750
0.15,4,2,931,1890,0.4,39.8,2540,75000,0.22,0.3,7.29,1,6,2791.6750
0.15,4,3,931,1890,0.4,39.8,1470,150000,0.35,0.1,7.29,1,6,2839.1906
0.15,4,3,931,1890,0.4,39.8,1470,150000,0.35,0.2,7.29,1,6,2839.1906
0.15,4,3,931,1890,0.4,39.8,1470,150000,0.35,0.3,7.29,1,6,2839.1904
0.15,4,4,931,1890,0.4,39.8,2530,85000,0.21,0.1,7.29,1,6,2804.1386
0.15,4,4,931,1890,0.4,39.8,2530,85000,0.21,0.2,7.29,1,6,2804.1386
0.15,4,4,931,1890,0.4,39.8,2530,85000,0.21,0.3,7.29,1,6,2804.1386
0.2,4,1,931,1890,0.4,39.8,1770,220000,0.2,0.1,8.4,1,6,3222.2659
0.2,4,1,931,1890,0.4,39.8,1770,220000,0.2,0.2,8.4,1,6,3222.2659
0.2,4,1,931,1890,0.4,39.8,1770,220000,0.2,0.3,8.4,1,6,3222.2660
0.2,4,2,931,1890,0.4,39.8,2540,75000,0.22,0.1,8.4,1,6,3133.6602
0.2,4,2,931,1890,0.4,39.8,2540,75000,0.22,0.2,8.4,1,6,3133.6602
0.2,4,2,931,1890,0.4,39.8,2540,75000,0.22,0.3,8.4,1,6,3133.6602
0.2,4,3,931,1890,0.4,39.8,1470,150000,0.35,0.1,8.4,1,6,3192.2176
0.2,4,3,931,1890,0.4,39.8,1470,150000,0.35,0.2,8.4,1,6,3192.2176
0.2,4,3,931,1890,0.4,39.8,1470,150000,0.35,0.3,8.4,1,6,3192.2177
0.2,4,4,931,1890,0.4,39.8,2530,85000,0.21,0.1,8.4,1,6,3149.3135
0.2,4,4,931,1890,0.4,39.8,2530,85000,0.21,0.2,8.4,1,6,3149.3135
0.2,4,4,931,1890,0.4,39.8,2530,85000,0.21,0.3,8.4,1,6,3149.3135
0.25,4,1,931,1890,0.4,39.8,1770,220000,0.2,0.1,9.41,1,6,3677.5625
0.25,4,1,931,1890,0.4,39.8,1770,220000,0.2,0.2,9.41,1,6,3677.5625
0.25,4,1,931,1890,0.4,39.8,1770,220000,0.2,0.3,9.41,1,6,3677.5623
0.25,4,2,931,1890,0.4,39.8,2540,75000,0.22,0.1,9.41,1,6,3559.4568
0.25,4,2,931,1890,0.4,39.8,2540,75000,0.22,0.2,9.41,1,6,3559.4568
0.25,4,2,931,1890,0.4,39.8,2540,75000,0.22,0.3,9.41,1,6,3559.4568
0.25,4,3,931,1890,0.4,39.8,1470,150000,0.35,0.1,9.41,1,6,3637.6170
0.25,4,3,931,1890,0.4,39.8,1470,150000,0.35,0.2,9.41,1,6,3637.6170
0.25,4,3,931,1890,0.4,39.8,1470,150000,0.35,0.3,9.41,1,6,3637.6170
0.25,4,4,931,1890,0.4,39.8,2530,85000,0.21,0.1,9.41,1,6,3580.4375
0.25,4,4,931,1890,0.4,39.8,2530,85000,0.21,0.2,9.41,1,6,3580.4375
0.25,4,4,931,1890,0.4,39.8,2530,85000,0.21,0.3,9.41,1,6,3580.4375
0.3,4,1,931,1890,0.4,39.8,1770,220000,0.2,0.1,10.3,1,6,4062.4790
0.3,4,1,931,1890,0.4,39.8,1770,220000,0.2,0.2,10.3,1,6,4062.4790
0.3,4,1,931,1890,0.4,39.8,1770,220000,0.2,0.3,10.3,1,6,4062.4783
0.3,4,2,931,1890,0.4,39.8,2540,75000,0.22,0.1,10.3,1,6,3914.1032
0.3,4,2,931,1890,0.4,39.8,2540,75000,0.22,0.2,10.3,1,6,3914.1032
0.3,4,2,931,1890,0.4,39.8,2540,75000,0.22,0.3,10.3,1,6,3914.1031
0.3,4,3,931,1890,0.4,39.8,1470,150000,0.35,0.1,10.3,1,6,4012.6333
0.3,4,3,931,1890,0.4,39.8,1470,150000,0.35,0.2,10.3,1,6,4012.6333
0.3,4,3,931,1890,0.4,39.8,1470,150000,0.35,0.3,10.3,1,6,4012.6334
0.3,4,4,931,1890,0.4,39.8,2530,85000,0.21,0.1,10.3,1,6,3940.4342
0.3,4,4,931,1890,0.4,39.8,2530,85000,0.21,0.2,10.3,1,6,3940.4342
0.3,4,4,931,1890,0.4,39.8,2530,85000,0.21,0.3,10.3,1,6,3940.4341
0.35,4,1,931,1890,0.4,39.8,1770,220000,0.2,0.1,11.13,1,6,4911.5490
0.35,4,1,931,1890,0.4,39.8,1770,220000,0.2,0.2,11.13,1,6,4911.5490
0.35,4,1,931,1890,0.4,39.8,1770,220000,0.2,0.3,11.13,1,6,4907.0748
0.35,4,2,931,1890,0.4,39.8,2540,75000,0.22,0.1,11.13,1,6,4690.3227
0.35,4,2,931,1890,0.4,39.8,2540,75000,0.22,0.2,11.13,1,6,4690.3227
0.35,4,2,931,1890,0.4,39.8,2540,75000,0.22,0.3,11.13,1,6,4689.0982
0.35,4,3,931,1890,0.4,39.8,1470,150000,0.35,0.1,11.13,1,6,4837.9806
0.35,4,3,931,1890,0.4,39.8,1470,150000,0.35,0.2,11.13,1,6,4837.9806
0.35,4,3,931,1890,0.4,39.8,1470,150000,0.35,0.3,11.13,1,6,4834.8371
0.35,4,4,931,1890,0.4,39.8,2530,85000,0.21,0.1,11.13,1,6,4729.4664
0.35,4,4,931,1890,0.4,39.8,2530,85000,0.21,0.2,11.13,1,6,4729.4664
0.35,4,4,931,1890,0.4,39.8,2530,85000,0.21,0.3,11.13,1,6,4727.8103
0.4,4,1,931,1890,0.4,39.8,1770,220000,0.2,0.1,11.9,1,6,5733.6096
0.4,4,1,931,1890,0.4,39.8,1770,220000,0.2,0.2,11.9,1,6,5733.6096
0.4,4,1,931,1890,0.4,39.8,1770,220000,0.2,0.3,11.9,1,6,5666.5196
0.4,4,2,931,1890,0.4,39.8,2540,75000,0.22,0.1,11.9,1,6,5423.4350
0.4,4,2,931,1890,0.4,39.8,2540,75000,0.22,0.2,11.9,1,6,5423.4350
0.4,4,2,931,1890,0.4,39.8,2540,75000,0.22,0.3,11.9,1,6,5401.7803
0.4,4,3,931,1890,0.4,39.8,1470,150000,0.35,0.1,11.9,1,6,5631.5891
0.4,4,3,931,1890,0.4,39.8,1470,150000,0.35,0.2,11.9,1,6,5631.5891
0.4,4,3,931,1890,0.4,39.8,1470,150000,0.35,0.3,11.9,1,6,5581.7343
0.4,4,4,931,1890,0.4,39.8,2530,85000,0.21,0.1,11.9,1,6,5477.8423
0.4,4,4,931,1890,0.4,39.8,2530,85000,0.21,0.2,11.9,1,6,5477.8423
0.4,4,4,931,1890,0.4,39.8,2530,85000,0.21,0.3,11.9,1,6,5450.3727
0.45,4,1,931,1890,0.4,39.8,1770,220000,0.2,0.1,12.62,1,6,6854.7550
0.45,4,1,931,1890,0.4,39.8,1770,220000,0.2,0.2,12.62,1,6,6854.7546
0.45,4,1,931,1890,0.4,39.8,1770,220000,0.2,0.3,12.62,1,6,6558.2233
0.45,4,2,931,1890,0.4,39.8,2540,75000,0.22,0.1,12.62,1,6,6398.1920
0.45,4,2,931,1890,0.4,39.8,2540,75000,0.22,0.2,12.62,1,6,6398.1920
0.45,4,2,931,1890,0.4,39.8,2540,75000,0.22,0.3,12.62,1,6,6398.1925
0.45,4,3,931,1890,0.4,39.8,1470,150000,0.35,0.1,12.62,1,6,6707.1970
0.45,4,3,931,1890,0.4,39.8,1470,150000,0.35,0.2,12.62,1,6,6707.1970
0.45,4,3,931,1890,0.4,39.8,1470,150000,0.35,0.3,12.62,1,6,6707.1976
0.45,4,4,931,1890,0.4,39.8,2530,85000,0.21,0.1,12.62,1,6,6477.1318
0.45,4,4,931,1890,0.4,39.8,2530,85000,0.21,0.2,12.62,1,6,6477.1318
0.45,4,4,931,1890,0.4,39.8,2530,85000,0.21,0.3,12.62,1,6,6477.1320
0.5,4,1,931,1890,0.4,39.8,1770,220000,0.2,0.1,13.3,1,6,7683.4970
0.5,4,1,931,1890,0.4,39.8,1770,220000,0.2,0.2,13.3,1,6,7660.4119
0.5,4,1,931,1890,0.4,39.8,1770,220000,0.2,0.3,13.3,1,6,7679.6594
0.5,4,2,931,1890,0.4,39.8,2540,75000,0.22,0.1,13.3,1,6,7069.7556
0.5,4,2,931,1890,0.4,39.8,2540,75000,0.22,0.2,13.3,1,6,7067.0162
0.5,4,2,931,1890,0.4,39.8,2540,75000,0.22,0.3,13.3,1,6,7069.4836
0.5,4,3,931,1890,0.4,39.8,1470,150000,0.35,0.1,13.3,1,6,7491.5990
0.5,4,3,931,1890,0.4,39.8,1470,150000,0.35,0.2,13.3,1,6,7491.5990
0.5,4,3,931,1890,0.4,39.8,1470,150000,0.35,0.3,13.3,1,6,7489.6210
0.5,4,4,931,1890,0.4,39.8,2530,85000,0.21,0.1,13.3,1,6,7173.2912
0.5,4,4,931,1890,0.4,39.8,2530,85000,0.21,0.2,13.3,1,6,7173.2912
0.5,4,4,931,1890,0.4,39.8,2530,85000,0.21,0.3,13.3,1,6,7172.8440
0.05,4,1,931,1890,0.4,39.8,1770,220000,0.2,0.1,10.98,2,6,2125.5030
0.05,4,2,931,1890,0.4,39.8,2540,75000,0.22,0.1,10.98,2,6,2114.2328
0.05,4,3,931,1890,0.4,39.8,1470,150000,0.35,0.1,10.98,2,6,2122.1142
0.05,4,4,931,1890,0.4,39.8,2530,85000,0.21,0.1,10.98,2,6,2116.0999
0.1,4,1,931,1890,0.4,39.8,1770,220000,0.2,0.1,13.85,2,6,2426.4434
0.1,4,2,931,1890,0.4,39.8,2540,75000,0.22,0.1,13.85,2,6,2401.0465
0.1,4,3,931,1890,0.4,39.8,1470,150000,0.35,0.1,13.85,2,6,2418.8248
0.1,4,4,931,1890,0.4,39.8,2530,85000,0.21,0.1,13.85,2,6,2405.5810
0.15,4,1,931,1890,0.4,39.8,1770,220000,0.2,0.1,15.84,2,6,2736.7268
0.15,4,2,931,1890,0.4,39.8,2540,75000,0.22,0.1,15.84,2,6,2695.8933
0.15,4,3,931,1890,0.4,39.8,1470,150000,0.35,0.1,15.84,2,6,2724.5999
0.15,4,4,931,1890,0.4,39.8,2530,85000,0.21,0.1,15.84,2,6,2703.1837
0.2,4,1,931,1890,0.4,39.8,1770,220000,0.2,0.1,17.44,2,6,3375.9468
0.2,4,2,931,1890,0.4,39.8,2540,75000,0.22,0.1,17.44,2,6,3239.2951
0.2,4,3,931,1890,0.4,39.8,1470,150000,0.35,0.1,17.44,2,6,3335.6585
0.2,4,4,931,1890,0.4,39.8,2530,85000,0.21,0.1,17.44,2,6,3259.9822
0.25,4,1,931,1890,0.4,39.8,1770,220000,0.2,0.1,18.79,2,6,3810.2830
0.25,4,2,931,1890,0.4,39.8,2540,75000,0.22,0.1,18.79,2,6,3666.9794
0.25,4,3,931,1890,0.4,39.8,1470,150000,0.35,0.1,18.79,2,6,3768.6870
0.25,4,4,931,1890,0.4,39.8,2530,85000,0.21,0.1,18.79,2,6,3691.5465
0.3,4,1,931,1890,0.4,39.8,1770,220000,0.2,0.1,19.96,2,6,4761.9329
0.3,4,2,931,1890,0.4,39.8,2540,75000,0.22,0.1,19.96,2,6,4423.4143
0.3,4,3,931,1890,0.4,39.8,1470,150000,0.35,0.1,19.96,2,6,4666.8127
0.3,4,4,931,1890,0.4,39.8,2530,85000,0.21,0.1,19.96,2,6,4475.6743
0.35,4,1,931,1890,0.4,39.8,1770,220000,0.2,0.1,21.02,2,6,5291.3701
0.35,4,2,931,1890,0.4,39.8,2540,75000,0.22,0.1,21.02,2,6,4972.4352
0.35,4,3,931,1890,0.4,39.8,1470,150000,0.35,0.1,21.02,2,6,5200.5365
0.35,4,4,931,1890,0.4,39.8,2530,85000,0.21,0.1,21.02,2,6,5026.7082
0.4,4,1,931,1890,0.4,39.8,1770,220000,0.2,0.1,21.98,2,6,6377.3167
0.4,4,2,931,1890,0.4,39.8,2540,75000,0.22,0.1,21.98,2,6,5911.8911
0.4,4,3,931,1890,0.4,39.8,1470,150000,0.35,0.1,21.98,2,6,6244.7426
0.4,4,4,931,1890,0.4,39.8,2530,85000,0.21,0.1,21.98,2,6,5990.6864
0.45,4,1,931,1890,0.4,39.8,1770,220000,0.2,0.1,22.86,2,6,8262.2310
0.45,4,2,931,1890,0.4,39.8,2540,75000,0.22,0.1,22.86,2,6,7396.8019
0.45,4,3,931,1890,0.4,39.8,1470,150000,0.35,0.1,22.86,2,6,8023.1183
0.45,4,4,931,1890,0.4,39.8,2530,85000,0.21,0.1,22.86,2,6,7537.2075
0.5,4,1,931,1890,0.4,39.8,1770,220000,0.2,0.1,23.67,2,6,11558.3798
0.5,4,2,931,1890,0.4,39.8,2540,75000,0.22,0.1,23.67,2,6,9643.6198
0.5,4,3,931,1890,0.4,39.8,1470,150000,0.35,0.1,23.67,2,6,10968.0047
0.5,4,4,931,1890,0.4,39.8,2530,85000,0.21,0.1,23.67,2,6,9903.8580
