Volume Fraction,Matrix Material,Fibre Material,Matrix Density (kg/m^3),Matrix Elastic Modulus (MPa),Matrix Poisson's Ratio,Matrix Yield Strength (MPa),Fibre Density (kg/m^3),Fibre Elastic Modulus (MPa),Fibre Poisson Ratio,Strain Rate,Fibre Diameter,Fibre Type,Mesh Size, Composite Ultimate Strength (MPa)
0.05,1,1,1490,2662.557781,0.38,149.590164,1770,220000,0.2,0.1,4.21,1,6,166.9307
0.05,1,1,1490,2662.557781,0.38,149.590164,1770,220000,0.2,0.2,4.21,1,6,167.8350
0.05,1,1,1490,2662.557781,0.38,149.590164,1770,220000,0.2,0.3,4.21,1,6,168.0916
0.05,1,2,1490,2662.557781,0.38,149.590164,2540,75000,0.22,0.1,4.21,1,6,165.6115
0.05,1,2,1490,2662.557781,0.38,149.590164,2540,75000,0.22,0.2,4.21,1,6,167.5470
0.05,1,2,1490,2662.557781,0.38,149.590164,2540,75000,0.22,0.3,4.21,1,6,167.9522
0.05,1,3,1490,2662.557781,0.38,149.590164,1470,150000,0.35,0.1,4.21,1,6,167.0711
0.05,1,3,1490,2662.557781,0.38,149.590164,1470,150000,0.35,0.2,4.21,1,6,168.2280
0.05,1,3,1490,2662.557781,0.38,149.590164,1470,150000,0.35,0.3,4.21,1,6,168.5076
0.05,1,4,1490,2662.557781,0.38,149.590164,2530,85000,0.21,0.1,4.21,1,6,166.3026
0.05,1,4,1490,2662.557781,0.38,149.590164,2530,85000,0.21,0.2,4.21,1,6,168.0626
0.05,1,4,1490,2662.557781,0.38,149.590164,2530,85000,0.21,0.3,4.21,1,6,168.4334
0.1,1,1,1490,2662.557781,0.38,149.590164,1770,220000,0.2,0.1,5.95,1,6,168.9813
0.1,1,1,1490,2662.557781,0.38,149.590164,1770,220000,0.2,0.2,5.95,1,6,170.0286
0.1,1,1,1490,2662.557781,0.38,149.590164,1770,220000,0.2,0.3,5.95,1,6,170.4675
0.1,1,2,1490,2662.557781,0.38,149.590164,2540,75000,0.22,0.1,5.95,1,6,168.4441
0.1,1,2,1490,2662.557781,0.38,149.590164,2540,75000,0.22,0.2,5.95,1,6,169.8271
0.1,1,2,1490,2662.557781,0.38,149.590164,2540,75000,0.22,0.3,5.95,1,6,170.2719
0.1,1,3,1490,2662.557781,0.38,149.590164,1470,150000,0.35,0.1,5.95,1,6,168.8425
0.1,1,3,1490,2662.557781,0.38,149.590164,1470,150000,0.35,0.2,5.95,1,6,169.9586
0.1,1,3,1490,2662.557781,0.38,149.590164,1470,150000,0.35,0.3,5.95,1,6,170.3889
0.1,1,4,1490,2662.557781,0.38,149.590164,2530,85000,0.21,0.1,5.95,1,6,168.5430
0.1,1,4,1490,2662.557781,0.38,149.590164,2530,85000,0.21,0.2,5.95,1,6,169.8548
0.1,1,4,1490,2662.557781,0.38,149.590164,2530,85000,0.21,0.3,5.95,1,6,170.2925
0.15,1,1,1490,2662.557781,0.38,149.590164,1770,220000,0.2,0.1,7.29,1,6,170.2817
0.15,1,1,1490,2662.557781,0.38,149.590164,1770,220000,0.2,0.2,7.29,1,6,171.7691
0.15,1,1,1490,2662.557781,0.38,149.590164,1770,220000,0.2,0.3,7.29,1,6,172.3223
0.15,1,2,1490,2662.557781,0.38,149.590164,2540,75000,0.22,0.1,7.29,1,6,170.0225
0.15,1,2,1490,2662.557781,0.38,149.590164,2540,75000,0.22,0.2,7.29,1,6,171.5856
0.15,1,2,1490,2662.557781,0.38,149.590164,2540,75000,0.22,0.3,7.29,1,6,172.1106
0.15,1,3,1490,2662.557781,0.38,149.590164,1470,150000,0.35,0.1,7.29,1,6,170.2054
0.15,1,3,1490,2662.557781,0.38,149.590164,1470,150000,0.35,0.2,7.29,1,6,171.6989
0.15,1,3,1490,2662.557781,0.38,149.590164,1470,150000,0.35,0.3,7.29,1,6,172.2384
0.15,1,4,1490,2662.557781,0.38,149.590164,2530,85000,0.21,0.1,7.29,1,6,170.0673
0.15,1,4,1490,2662.557781,0.38,149.590164,2530,85000,0.21,0.2,7.29,1,6,171.6070
0.15,1,4,1490,2662.557781,0.38,149.590164,2530,85000,0.21,0.3,7.29,1,6,172.1326
0.2,1,1,1490,2662.557781,0.38,149.590164,1770,220000,0.2,0.1,8.4,1,6,173.8098
0.2,1,1,1490,2662.557781,0.38,149.590164,1770,220000,0.2,0.2,8.4,1,6,175.8329
0.2,1,1,1490,2662.557781,0.38,149.590164,1770,220000,0.2,0.3,8.4,1,6,176.8026
0.2,1,2,1490,2662.557781,0.38,149.590164,2540,75000,0.22,0.1,8.4,1,6,173.5770
0.2,1,2,1490,2662.557781,0.38,149.590164,2540,75000,0.22,0.2,8.4,1,6,175.6102
0.2,1,2,1490,2662.557781,0.38,149.590164,2540,75000,0.22,0.3,8.4,1,6,176.5610
0.2,1,3,1490,2662.557781,0.38,149.590164,1470,150000,0.35,0.1,8.4,1,6,173.7330
0.2,1,3,1490,2662.557781,0.38,149.590164,1470,150000,0.35,0.2,8.4,1,6,175.7494
0.2,1,3,1490,2662.557781,0.38,149.590164,1470,150000,0.35,0.3,8.4,1,6,176.7124
0.2,1,4,1490,2662.557781,0.38,149.590164,2530,85000,0.21,0.1,8.4,1,6,173.6132
0.2,1,4,1490,2662.557781,0.38,149.590164,2530,85000,0.21,0.2,8.4,1,6,175.6381
0.2,1,4,1490,2662.557781,0.38,149.590164,2530,85000,0.21,0.3,8.4,1,6,176.5897
0.25,1,1,1490,2662.557781,0.38,149.590164,1770,220000,0.2,0.1,9.41,1,6,186.1895
0.25,1,1,1490,2662.557781,0.38,149.590164,1770,220000,0.2,0.2,9.41,1,6,191.0316
0.25,1,1,1490,2662.557781,0.38,149.590164,1770,220000,0.2,0.3,9.41,1,6,193.1186
0.25,1,2,1490,2662.557781,0.38,149.590164,2540,75000,0.22,0.1,9.41,1,6,185.5735
0.25,1,2,1490,2662.557781,0.38,149.590164,2540,75000,0.22,0.2,9.41,1,6,190.4905
0.25,1,2,1490,2662.557781,0.38,149.590164,2540,75000,0.22,0.3,9.41,1,6,192.6133
0.25,1,3,1490,2662.557781,0.38,149.590164,1470,150000,0.35,0.1,9.41,1,6,185.9801
0.25,1,3,1490,2662.557781,0.38,149.590164,1470,150000,0.35,0.2,9.41,1,6,190.8428
0.25,1,3,1490,2662.557781,0.38,149.590164,1470,150000,0.35,0.3,9.41,1,6,192.9434
0.25,1,4,1490,2662.557781,0.38,149.590164,2530,85000,0.21,0.1,9.41,1,6,185.6752
0.25,1,4,1490,2662.557781,0.38,149.590164,2530,85000,0.21,0.2,9.41,1,6,190.5720
0.25,1,4,1490,2662.557781,0.38,149.590164,2530,85000,0.21,0.3,9.41,1,6,192.6855
0.3,1,1,1490,2662.557781,0.38,149.590164,1770,220000,0.2,0.1,10.3,1,6,192.8421
0.3,1,1,1490,2662.557781,0.38,149.590164,1770,220000,0.2,0.2,10.3,1,6,197.6578
0.3,1,1,1490,2662.557781,0.38,149.590164,1770,220000,0.2,0.3,10.3,1,6,199.7451
0.3,1,2,1490,2662.557781,0.38,149.590164,2540,75000,0.22,0.1,10.3,1,6,192.0721
0.3,1,2,1490,2662.557781,0.38,149.590164,2540,75000,0.22,0.2,10.3,1,6,197.1357
0.3,1,2,1490,2662.557781,0.38,149.590164,2540,75000,0.22,0.3,10.3,1,6,199.2662
0.3,1,3,1490,2662.557781,0.38,149.590164,1470,150000,0.35,0.1,10.3,1,6,192.5757
0.3,1,3,1490,2662.557781,0.38,149.590164,1470,150000,0.35,0.2,10.3,1,6,197.4757
0.3,1,3,1490,2662.557781,0.38,149.590164,1470,150000,0.35,0.3,10.3,1,6,199.5810
0.3,1,4,1490,2662.557781,0.38,149.590164,2530,85000,0.21,0.1,10.3,1,6,192.1876
0.3,1,4,1490,2662.557781,0.38,149.590164,2530,85000,0.21,0.2,10.3,1,6,197.2077
0.3,1,4,1490,2662.557781,0.38,149.590164,2530,85000,0.21,0.3,10.3,1,6,199.3305
0.35,1,1,1490,2662.557781,0.38,149.590164,1770,220000,0.2,0.1,11.13,1,6,218.6039
0.35,1,1,1490,2662.557781,0.38,149.590164,1770,220000,0.2,0.2,11.13,1,6,224.0711
0.35,1,1,1490,2662.557781,0.38,149.590164,1770,220000,0.2,0.3,11.13,1,6,226.1633
0.35,1,2,1490,2662.557781,0.38,149.590164,2540,75000,0.22,0.1,11.13,1,6,217.6213
0.35,1,2,1490,2662.557781,0.38,149.590164,2540,75000,0.22,0.2,11.13,1,6,223.5346
0.35,1,2,1490,2662.557781,0.38,149.590164,2540,75000,0.22,0.3,11.13,1,6,225.7282
0.35,1,3,1490,2662.557781,0.38,149.590164,1470,150000,0.35,0.1,11.13,1,6,218.2813
0.35,1,3,1490,2662.557781,0.38,149.590164,1470,150000,0.35,0.2,11.13,1,6,223.8897
0.35,1,3,1490,2662.557781,0.38,149.590164,1470,150000,0.35,0.3,11.13,1,6,226.0249
0.35,1,4,1490,2662.557781,0.38,149.590164,2530,85000,0.21,0.1,11.13,1,6,217.7929
0.35,1,4,1490,2662.557781,0.38,149.590164,2530,85000,0.21,0.2,11.13,1,6,223.6116
0.35,1,4,1490,2662.557781,0.38,149.590164,2530,85000,0.21,0.3,11.13,1,6,225.7900
0.4,1,1,1490,2662.557781,0.38,149.590164,1770,220000,0.2,0.1,11.9,1,6,243.2841
0.4,1,1,1490,2662.557781,0.38,149.590164,1770,220000,0.2,0.2,11.9,1,6,249.8830
0.4,1,1,1490,2662.557781,0.38,149.590164,1770,220000,0.2,0.3,11.9,1,6,252.7067
0.4,1,2,1490,2662.557781,0.38,149.590164,2540,75000,0.22,0.1,11.9,1,6,241.8502
0.4,1,2,1490,2662.557781,0.38,149.590164,2540,75000,0.22,0.2,11.9,1,6,249.1570
0.4,1,2,1490,2662.557781,0.38,149.590164,2540,75000,0.22,0.3,11.9,1,6,252.0818
0.4,1,3,1490,2662.557781,0.38,149.590164,1470,150000,0.35,0.1,11.9,1,6,242.8219
0.4,1,3,1490,2662.557781,0.38,149.590164,1470,150000,0.35,0.2,11.9,1,6,249.6405
0.4,1,3,1490,2662.557781,0.38,149.590164,1470,150000,0.35,0.3,11.9,1,6,252.5143
0.4,1,4,1490,2662.557781,0.38,149.590164,2530,85000,0.21,0.1,11.9,1,6,242.0983
0.4,1,4,1490,2662.557781,0.38,149.590164,2530,85000,0.21,0.2,11.9,1,6,249.2580
0.4,1,4,1490,2662.557781,0.38,149.590164,2530,85000,0.21,0.3,11.9,1,6,252.1725
0.45,1,1,1490,2662.557781,0.38,149.590164,1770,220000,0.2,0.1,12.62,1,6,266.5012
0.45,1,1,1490,2662.557781,0.38,149.590164,1770,220000,0.2,0.2,12.62,1,6,273.3995
0.45,1,1,1490,2662.557781,0.38,149.590164,1770,220000,0.2,0.3,12.62,1,6,277.1730
0.45,1,2,1490,2662.557781,0.38,149.590164,2540,75000,0.22,0.1,12.62,1,6,265.0751
0.45,1,2,1490,2662.557781,0.38,149.590164,2540,75000,0.22,0.2,12.62,1,6,272.5154
0.45,1,2,1490,2662.557781,0.38,149.590164,2540,75000,0.22,0.3,12.62,1,6,276.3614
0.45,1,3,1490,2662.557781,0.38,149.590164,1470,150000,0.35,0.1,12.62,1,6,266.0445
0.45,1,3,1490,2662.557781,0.38,149.590164,1470,150000,0.35,0.2,12.62,1,6,273.1096
0.45,1,3,1490,2662.557781,0.38,149.590164,1470,150000,0.35,0.3,12.62,1,6,276.9248
0.45,1,4,1490,2662.557781,0.38,149.590164,2530,85000,0.21,0.1,12.62,1,6,265.3152
0.45,1,4,1490,2662.557781,0.38,149.590164,2530,85000,0.21,0.2,12.62,1,6,272.6411
0.45,1,4,1490,2662.557781,0.38,149.590164,2530,85000,0.21,0.3,12.62,1,6,276.4825
0.5,1,1,1490,2662.557781,0.38,149.590164,1770,220000,0.2,0.1,13.3,1,6,262.4064
0.5,1,1,1490,2662.557781,0.38,149.590164,1770,220000,0.2,0.2,13.3,1,6,267.8007
0.5,1,1,1490,2662.557781,0.38,149.590164,1770,220000,0.2,0.3,13.3,1,6,270.7692
0.5,1,2,1490,2662.557781,0.38,149.590164,2540,75000,0.22,0.1,13.3,1,6,261.0351
0.5,1,2,1490,2662.557781,0.38,149.590164,2540,75000,0.22,0.2,13.3,1,6,267.1017
0.5,1,2,1490,2662.557781,0.38,149.590164,2540,75000,0.22,0.3,13.3,1,6,270.2867
0.5,1,3,1490,2662.557781,0.38,149.590164,1470,150000,0.35,0.1,13.3,1,6,261.2823
0.5,1,3,1490,2662.557781,0.38,149.590164,1470,150000,0.35,0.2,13.3,1,6,266.8821
0.5,1,3,1490,2662.557781,0.38,149.590164,1470,150000,0.35,0.3,13.3,1,6,269.9067
0.5,1,4,1490,2662.557781,0.38,149.590164,2530,85000,0.21,0.1,13.3,1,6,261.2603
0.5,1,4,1490,2662.557781,0.38,149.590164,2530,85000,0.21,0.2,13.3,1,6,267.2242
0.5,1,4,1490,2662.557781,0.38,149.590164,2530,85000,0.21,0.3,13.3,1,6,270.3741
0.05,1,1,1490,2662.557781,0.38,149.590164,1770,220000,0.2,0.1,10.98,2,6,153.6350
0.05,1,2,1490,2662.557781,0.38,149.590164,2540,75000,0.22,0.1,10.98,2,6,153.5952
0.05,1,3,1490,2662.557781,0.38,149.590164,1470,150000,0.35,0.1,10.98,2,6,153.6227
0.05,1,4,1490,2662.557781,0.38,149.590164,2530,85000,0.21,0.1,10.98,2,6,153.6015
0.1,1,1,1490,2662.557781,0.38,149.590164,1770,220000,0.2,0.1,13.85,2,6,158.1546
0.1,1,2,1490,2662.557781,0.38,149.590164,2540,75000,0.22,0.1,13.85,2,6,158.0934
0.1,1,3,1490,2662.557781,0.38,149.590164,1470,150000,0.35,0.1,13.85,2,6,158.1354
0.1,1,4,1490,2662.557781,0.38,149.590164,2530,85000,0.21,0.1,13.85,2,6,158.1052
0.15,1,1,1490,2662.557781,0.38,149.590164,1770,220000,0.2,0.1,15.84,2,6,161.1395
0.15,1,2,1490,2662.557781,0.38,149.590164,2540,75000,0.22,0.1,15.84,2,6,161.0866
0.15,1,3,1490,2662.557781,0.38,149.590164,1470,150000,0.35,0.1,15.84,2,6,161.1224
0.15,1,4,1490,2662.557781,0.38,149.590164,2530,85000,0.21,0.1,15.84,2,6,161.0968
0.2,1,1,1490,2662.557781,0.38,149.590164,1770,220000,0.2,0.1,17.44,2,6,172.5027
0.2,1,2,1490,2662.557781,0.38,149.590164,2540,75000,0.22,0.1,17.44,2,6,171.9462
0.2,1,3,1490,2662.557781,0.38,149.590164,1470,150000,0.35,0.1,17.44,2,6,172.3496
0.2,1,4,1490,2662.557781,0.38,149.590164,2530,85000,0.21,0.1,17.44,2,6,172.0292
0.25,1,1,1490,2662.557781,0.38,149.590164,1770,220000,0.2,0.1,18.79,2,6,178.7819
0.25,1,2,1490,2662.557781,0.38,149.590164,2540,75000,0.22,0.1,18.79,2,6,178.4845
0.25,1,3,1490,2662.557781,0.38,149.590164,1470,150000,0.35,0.1,18.79,2,6,178.7005
0.25,1,4,1490,2662.557781,0.38,149.590164,2530,85000,0.21,0.1,18.79,2,6,178.5405
0.3,1,1,1490,2662.557781,0.38,149.590164,1770,220000,0.2,0.1,19.96,2,6,201.3776
0.3,1,2,1490,2662.557781,0.38,149.590164,2540,75000,0.22,0.1,19.96,2,6,198.9019
0.3,1,3,1490,2662.557781,0.38,149.590164,1470,150000,0.35,0.1,19.96,2,6,200.7493
0.3,1,4,1490,2662.557781,0.38,149.590164,2530,85000,0.21,0.1,19.96,2,6,199.2884
0.35,1,1,1490,2662.557781,0.38,149.590164,1770,220000,0.2,0.1,21.02,2,6,198.7922
0.35,1,2,1490,2662.557781,0.38,149.590164,2540,75000,0.22,0.1,21.02,2,6,198.1980
0.35,1,3,1490,2662.557781,0.38,149.590164,1470,150000,0.35,0.1,21.02,2,6,198.6370
0.35,1,4,1490,2662.557781,0.38,149.590164,2530,85000,0.21,0.1,21.02,2,6,198.3092
0.4,1,1,1490,2662.557781,0.38,149.590164,1770,220000,0.2,0.1,21.98,2,6,214.4995
0.4,1,2,1490,2662.557781,0.38,149.590164,2540,75000,0.22,0.1,21.98,2,6,213.6032
0.4,1,3,1490,2662.557781,0.38,149.590164,1470,150000,0.35,0.1,21.98,2,6,214.2662
0.4,1,4,1490,2662.557781,0.38,149.590164,2530,85000,0.21,0.1,21.98,2,6,213.7695
0.45,1,1,1490,2662.557781,0.38,149.590164,1770,220000,0.2,0.1,22.86,2,6,255.3457
0.45,1,2,1490,2662.557781,0.38,149.590164,2540,75000,0.22,0.1,22.86,2,6,252.0355
0.45,1,3,1490,2662.557781,0.38,149.590164,1470,150000,0.35,0.1,22.86,2,6,254.5607
0.45,1,4,1490,2662.557781,0.38,149.590164,2530,85000,0.21,0.1,22.86,2,6,252.6196
0.5,1,1,1490,2662.557781,0.38,149.590164,1770,220000,0.2,0.1,23.67,2,6,381.1514
0.5,1,2,1490,2662.557781,0.38,149.590164,2540,75000,0.22,0.1,23.67,2,6,336.4483
0.5,1,3,1490,2662.557781,0.38,149.590164,1470,150000,0.35,0.1,23.67,2,6,367.4733
0.5,1,4,1490,2662.557781,0.38,149.590164,2530,85000,0.21,0.1,23.67,2,6,340.8520
0.05,2,1,1200,2000,0.37,59,1770,220000,0.2,0.1,4.21,1,6,66.1947
0.05,2,1,1200,2000,0.37,59,1770,220000,0.2,0.2,4.21,1,6,66.3733
0.05,2,1,1200,2000,0.37,59,1770,220000,0.2,0.3,4.21,1,6,66.5021
0.05,2,2,1200,2000,0.37,59,2540,75000,0.22,0.1,4.21,1,6,66.1034
0.05,2,2,1200,2000,0.37,59,2540,75000,0.22,0.2,4.21,1,6,66.3242
0.05,2,2,1200,2000,0.37,59,2540,75000,0.22,0.3,4.21,1,6,66.4422
0.05,2,3,1200,2000,0.37,59,1470,150000,0.35,0.1,4.21,1,6,66.1721
0.05,2,3,1200,2000,0.37,59,1470,150000,0.35,0.2,4.21,1,6,66.3538
0.05,2,3,1200,2000,0.37,59,1470,150000,0.35,0.3,4.21,1,6,66.4767
0.05,2,4,1200,2000,0.37,59,2530,85000,0.21,0.1,4.21,1,6,66.1212
0.05,2,4,1200,2000,0.37,59,2530,85000,0.21,0.2,4.21,1,6,66.3296
0.05,2,4,1200,2000,0.37,59,2530,85000,0.21,0.3,4.21,1,6,66.4477
0.1,2,1,1200,2000,0.37,59,1770,220000,0.2,0.1,5.95,1,6,67.0577
0.1,2,1,1200,2000,0.37,59,1770,220000,0.2,0.2,5.95,1,6,67.3791
0.1,2,1,1200,2000,0.37,59,1770,220000,0.2,0.3,5.95,1,6,67.6274
0.1,2,2,1200,2000,0.37,59,2540,75000,0.22,0.1,5.95,1,6,66.9795
0.1,2,2,1200,2000,0.37,59,2540,75000,0.22,0.2,5.95,1,6,67.2844
0.1,2,2,1200,2000,0.37,59,2540,75000,0.22,0.3,5.95,1,6,67.5122
0.1,2,3,1200,2000,0.37,59,1470,150000,0.35,0.1,5.95,1,6,67.0291
0.1,2,3,1200,2000,0.37,59,1470,150000,0.35,0.2,5.95,1,6,67.3401
0.1,2,3,1200,2000,0.37,59,1470,150000,0.35,0.3,5.95,1,6,67.5811
0.1,2,4,1200,2000,0.37,59,2530,85000,0.21,0.1,5.95,1,6,66.9895
0.1,2,4,1200,2000,0.37,59,2530,85000,0.21,0.2,5.95,1,6,67.2935
0.1,2,4,1200,2000,0.37,59,2530,85000,0.21,0.3,5.95,1,6,67.5233
0.15,2,1,1200,2000,0.37,59,1770,220000,0.2,0.1,7.29,1,6,67.5566
0.15,2,1,1200,2000,0.37,59,1770,220000,0.2,0.2,7.29,1,6,67.9510
0.15,2,1,1200,2000,0.37,59,1770,220000,0.2,0.3,7.29,1,6,68.2431
0.15,2,2,1200,2000,0.37,59,2540,75000,0.22,0.1,7.29,1,6,67.4825
0.15,2,2,1200,2000,0.37,59,2540,75000,0.22,0.2,7.29,1,6,67.8544
0.15,2,2,1200,2000,0.37,59,2540,75000,0.22,0.3,7.29,1,6,68.1382
0.15,2,3,1200,2000,0.37,59,1470,150000,0.35,0.1,7.29,1,6,67.5277
0.15,2,3,1200,2000,0.37,59,1470,150000,0.35,0.2,7.29,1,6,67.9141
0.15,2,3,1200,2000,0.37,59,1470,150000,0.35,0.3,7.29,1,6,68.2059
0.15,2,4,1200,2000,0.37,59,2530,85000,0.21,0.1,7.29,1,6,67.4907
0.15,2,4,1200,2000,0.37,59,2530,85000,0.21,0.2,7.29,1,6,67.8645
0.15,2,4,1200,2000,0.37,59,2530,85000,0.21,0.3,7.29,1,6,68.1500
0.2,2,1,1200,2000,0.37,59,1770,220000,0.2,0.1,8.4,1,6,69.1287
0.2,2,1,1200,2000,0.37,59,1770,220000,0.2,0.2,8.4,1,6,69.8041
0.2,2,1,1200,2000,0.37,59,1770,220000,0.2,0.3,8.4,1,6,70.2821
0.2,2,2,1200,2000,0.37,59,2540,75000,0.22,0.1,8.4,1,6,69.0438
0.2,2,2,1200,2000,0.37,59,2540,75000,0.22,0.2,8.4,1,6,69.7091
0.2,2,2,1200,2000,0.37,59,2540,75000,0.22,0.3,8.4,1,6,70.1902
0.2,2,3,1200,2000,0.37,59,1470,150000,0.35,0.1,8.4,1,6,69.0969
0.2,2,3,1200,2000,0.37,59,1470,150000,0.35,0.2,8.4,1,6,69.7710
0.2,2,3,1200,2000,0.37,59,1470,150000,0.35,0.3,8.4,1,6,70.2533
0.2,2,4,1200,2000,0.37,59,2530,85000,0.21,0.1,8.4,1,6,69.0541
0.2,2,4,1200,2000,0.37,59,2530,85000,0.21,0.2,8.4,1,6,69.7207
0.2,2,4,1200,2000,0.37,59,2530,85000,0.21,0.3,8.4,1,6,70.2026
0.25,2,1,1200,2000,0.37,59,1770,220000,0.2,0.1,9.41,1,6,74.9849
0.25,2,1,1200,2000,0.37,59,1770,220000,0.2,0.2,9.41,1,6,76.4634
0.25,2,1,1200,2000,0.37,59,1770,220000,0.2,0.3,9.41,1,6,77.4595
0.25,2,2,1200,2000,0.37,59,2540,75000,0.22,0.1,9.41,1,6,74.8027
0.25,2,2,1200,2000,0.37,59,2540,75000,0.22,0.2,9.41,1,6,76.2865
0.25,2,2,1200,2000,0.37,59,2540,75000,0.22,0.3,9.41,1,6,77.2731
0.25,2,3,1200,2000,0.37,59,1470,150000,0.35,0.1,9.41,1,6,74.9224
0.25,2,3,1200,2000,0.37,59,1470,150000,0.35,0.2,9.41,1,6,76.4054
0.25,2,3,1200,2000,0.37,59,1470,150000,0.35,0.3,9.41,1,6,77.4015
0.25,2,4,1200,2000,0.37,59,2530,85000,0.21,0.1,9.41,1,6,74.8301
0.25,2,4,1200,2000,0.37,59,2530,85000,0.21,0.2,9.41,1,6,76.3123
0.25,2,4,1200,2000,0.37,59,2530,85000,0.21,0.3,9.41,1,6,77.3020
0.3,2,1,1200,2000,0.37,59,1770,220000,0.2,0.1,10.3,1,6,77.8354
0.3,2,1,1200,2000,0.37,59,1770,220000,0.2,0.2,10.3,1,6,79.2776
0.3,2,1,1200,2000,0.37,59,1770,220000,0.2,0.3,10.3,1,6,80.2059
0.3,2,2,1200,2000,0.37,59,2540,75000,0.22,0.1,10.3,1,6,77.6438
0.3,2,2,1200,2000,0.37,59,2540,75000,0.22,0.2,10.3,1,6,79.1173
0.3,2,2,1200,2000,0.37,59,2540,75000,0.22,0.3,10.3,1,6,80.0563
0.3,2,3,1200,2000,0.37,59,1470,150000,0.35,0.1,10.3,1,6,77.7703
0.3,2,3,1200,2000,0.37,59,1470,150000,0.35,0.2,10.3,1,6,79.2269
0.3,2,3,1200,2000,0.37,59,1470,150000,0.35,0.3,10.3,1,6,80.1620
0.3,2,4,1200,2000,0.37,59,2530,85000,0.21,0.1,10.3,1,6,77.6720
0.3,2,4,1200,2000,0.37,59,2530,85000,0.21,0.2,10.3,1,6,79.1410
0.3,2,4,1200,2000,0.37,59,2530,85000,0.21,0.3,10.3,1,6,80.0801
0.35,2,1,1200,2000,0.37,59,1770,220000,0.2,0.1,11.13,1,6,88.0155
0.35,2,1,1200,2000,0.37,59,1770,220000,0.2,0.2,11.13,1,6,89.4837
0.35,2,1,1200,2000,0.37,59,1770,220000,0.2,0.3,11.13,1,6,90.5040
0.35,2,2,1200,2000,0.37,59,2540,75000,0.22,0.1,11.13,1,6,87.8213
0.35,2,2,1200,2000,0.37,59,2540,75000,0.22,0.2,11.13,1,6,89.3529
0.35,2,2,1200,2000,0.37,59,2540,75000,0.22,0.3,11.13,1,6,90.4011
0.35,2,3,1200,2000,0.37,59,1470,150000,0.35,0.1,11.13,1,6,87.9517
0.35,2,3,1200,2000,0.37,59,1470,150000,0.35,0.2,11.13,1,6,89.4463
0.35,2,3,1200,2000,0.37,59,1470,150000,0.35,0.3,11.13,1,6,90.4773
0.35,2,4,1200,2000,0.37,59,2530,85000,0.21,0.1,11.13,1,6,87.8495
0.35,2,4,1200,2000,0.37,59,2530,85000,0.21,0.2,11.13,1,6,89.3732
0.35,2,4,1200,2000,0.37,59,2530,85000,0.21,0.3,11.13,1,6,90.4187
0.4,2,1,1200,2000,0.37,59,1770,220000,0.2,0.1,11.9,1,6,98.1593
0.4,2,1,1200,2000,0.37,59,1770,220000,0.2,0.2,11.9,1,6,100.1374
0.4,2,1,1200,2000,0.37,59,1770,220000,0.2,0.3,11.9,1,6,101.5605
0.4,2,2,1200,2000,0.37,59,2540,75000,0.22,0.1,11.9,1,6,97.8992
0.4,2,2,1200,2000,0.37,59,2540,75000,0.22,0.2,11.9,1,6,99.9571
0.4,2,2,1200,2000,0.37,59,2540,75000,0.22,0.3,11.9,1,6,101.4291
0.4,2,3,1200,2000,0.37,59,1470,150000,0.35,0.1,11.9,1,6,98.0750
0.4,2,3,1200,2000,0.37,59,1470,150000,0.35,0.2,11.9,1,6,100.0886
0.4,2,3,1200,2000,0.37,59,1470,150000,0.35,0.3,11.9,1,6,101.5277
0.4,2,4,1200,2000,0.37,59,2530,85000,0.21,0.1,11.9,1,6,97.9361
0.4,2,4,1200,2000,0.37,59,2530,85000,0.21,0.2,11.9,1,6,99.9868
0.4,2,4,1200,2000,0.37,59,2530,85000,0.21,0.3,11.9,1,6,101.4532
0.45,2,1,1200,2000,0.37,59,1770,220000,0.2,0.1,12.62,1,6,107.3768
0.45,2,1,1200,2000,0.37,59,1770,220000,0.2,0.2,12.62,1,6,110.0526
0.45,2,1,1200,2000,0.37,59,1770,220000,0.2,0.3,12.62,1,6,112.0760
0.45,2,2,1200,2000,0.37,59,2540,75000,0.22,0.1,12.62,1,6,107.0684
0.45,2,2,1200,2000,0.37,59,2540,75000,0.22,0.2,12.62,1,6,109.8136
0.45,2,2,1200,2000,0.37,59,2540,75000,0.22,0.3,12.62,1,6,111.9000
0.45,2,3,1200,2000,0.37,59,1470,150000,0.35,0.1,12.62,1,6,107.2788
0.45,2,3,1200,2000,0.37,59,1470,150000,0.35,0.2,12.62,1,6,109.9864
0.45,2,3,1200,2000,0.37,59,1470,150000,0.35,0.3,12.62,1,6,112.0306
0.45,2,4,1200,2000,0.37,59,2530,85000,0.21,0.1,12.62,1,6,107.1132
0.45,2,4,1200,2000,0.37,59,2530,85000,0.21,0.2,12.62,1,6,109.8528
0.45,2,4,1200,2000,0.37,59,2530,85000,0.21,0.3,12.62,1,6,111.9316
0.5,2,1,1200,2000,0.37,59,1770,220000,0.2,0.1,13.3,1,6,105.1849
0.5,2,1,1200,2000,0.37,59,1770,220000,0.2,0.2,13.3,1,6,107.2693
0.5,2,1,1200,2000,0.37,59,1770,220000,0.2,0.3,13.3,1,6,108.7904
0.5,2,2,1200,2000,0.37,59,2540,75000,0.22,0.1,13.3,1,6,104.9630
0.5,2,2,1200,2000,0.37,59,2540,75000,0.22,0.2,13.3,1,6,107.1515
0.5,2,2,1200,2000,0.37,59,2540,75000,0.22,0.3,13.3,1,6,108.7069
0.5,2,3,1200,2000,0.37,59,1470,150000,0.35,0.1,13.3,1,6,105.1237
0.5,2,3,1200,2000,0.37,59,1470,150000,0.35,0.2,13.3,1,6,107.2364
0.5,2,3,1200,2000,0.37,59,1470,150000,0.35,0.3,13.3,1,6,108.7668
0.5,2,4,1200,2000,0.37,59,2530,85000,0.21,0.1,13.3,1,6,105.0028
0.5,2,4,1200,2000,0.37,59,2530,85000,0.21,0.2,13.3,1,6,107.1730
0.5,2,4,1200,2000,0.37,59,2530,85000,0.21,0.3,13.3,1,6,108.7222
0.05,2,1,1200,2000,0.37,59,1770,220000,0.2,0.1,10.98,2,6,60.5413
0.05,2,2,1200,2000,0.37,59,2540,75000,0.22,0.1,10.98,2,6,60.5333
0.05,2,3,1200,2000,0.37,59,1470,150000,0.35,0.1,10.98,2,6,60.5393
0.05,2,4,1200,2000,0.37,59,2530,85000,0.21,0.1,10.98,2,6,60.5347
0.1,2,1,1200,2000,0.37,59,1770,220000,0.2,0.1,13.85,2,6,62.4783
0.1,2,2,1200,2000,0.37,59,2540,75000,0.22,0.1,13.85,2,6,62.4698
0.1,2,3,1200,2000,0.37,59,1470,150000,0.35,0.1,13.85,2,6,62.4758
0.1,2,4,1200,2000,0.37,59,2530,85000,0.21,0.1,13.85,2,6,62.4714
0.15,2,1,1200,2000,0.37,59,1770,220000,0.2,0.1,15.84,2,6,63.7333
0.15,2,2,1200,2000,0.37,59,2540,75000,0.22,0.1,15.84,2,6,63.7258
0.15,2,3,1200,2000,0.37,59,1470,150000,0.35,0.1,15.84,2,6,63.7311
0.15,2,4,1200,2000,0.37,59,2530,85000,0.21,0.1,15.84,2,6,63.7272
0.2,2,1,1200,2000,0.37,59,1770,220000,0.2,0.1,17.44,2,6,68.5896
0.2,2,2,1200,2000,0.37,59,2540,75000,0.22,0.1,17.44,2,6,68.4653
0.2,2,3,1200,2000,0.37,59,1470,150000,0.35,0.1,17.44,2,6,68.5574
0.2,2,4,1200,2000,0.37,59,2530,85000,0.21,0.1,17.44,2,6,68.4839
0.25,2,1,1200,2000,0.37,59,1770,220000,0.2,0.1,18.79,2,6,71.2991
0.25,2,2,1200,2000,0.37,59,2540,75000,0.22,0.1,18.79,2,6,71.2613
0.25,2,3,1200,2000,0.37,59,1470,150000,0.35,0.1,18.79,2,6,71.2887
0.25,2,4,1200,2000,0.37,59,2530,85000,0.21,0.1,18.79,2,6,71.2683
0.3,2,1,1200,2000,0.37,59,1770,220000,0.2,0.1,19.96,2,6,81.7433
0.3,2,2,1200,2000,0.37,59,2540,75000,0.22,0.1,19.96,2,6,81.0986
0.3,2,3,1200,2000,0.37,59,1470,150000,0.35,0.1,19.96,2,6,81.5863
0.3,2,4,1200,2000,0.37,59,2530,85000,0.21,0.1,19.96,2,6,81.2004
0.35,2,1,1200,2000,0.37,59,1770,220000,0.2,0.1,21.02,2,6,79.8703
0.35,2,2,1200,2000,0.37,59,2540,75000,0.22,0.1,21.02,2,6,79.7967
0.35,2,3,1200,2000,0.37,59,1470,150000,0.35,0.1,21.02,2,6,79.8508
0.35,2,4,1200,2000,0.37,59,2530,85000,0.21,0.1,21.02,2,6,79.8103
0.4,2,1,1200,2000,0.37,59,1770,220000,0.2,0.1,21.98,2,6,86.8562
0.4,2,2,1200,2000,0.37,59,2540,75000,0.22,0.1,21.98,2,6,86.7290
0.4,2,3,1200,2000,0.37,59,1470,150000,0.35,0.1,21.98,2,6,86.8230
0.4,2,4,1200,2000,0.37,59,2530,85000,0.21,0.1,21.98,2,6,86.7523
0.45,2,1,1200,2000,0.37,59,1770,220000,0.2,0.1,22.86,2,6,106.5375
0.45,2,2,1200,2000,0.37,59,2540,75000,0.22,0.1,22.86,2,6,105.8209
0.45,2,3,1200,2000,0.37,59,1470,150000,0.35,0.1,22.86,2,6,106.3721
0.45,2,4,1200,2000,0.37,59,2530,85000,0.21,0.1,22.86,2,6,105.9461
0.5,2,1,1200,2000,0.37,59,1770,220000,0.2,0.1,23.67,2,6,176.9242
0.5,2,2,1200,2000,0.37,59,2540,75000,0.22,0.1,23.67,2,6,157.0917
0.5,2,3,1200,2000,0.37,59,1470,150000,0.35,0.1,23.67,2,6,172.0625
0.5,2,4,1200,2000,0.37,59,2530,85000,0.21,0.1,23.67,2,6,159.4355
0.05,3,1,1180,2070,0.36,58.31,1770,220000,0.2,0.1,4.21,1,6,65.4173
0.05,3,1,1180,2070,0.36,58.31,1770,220000,0.2,0.2,4.21,1,6,65.5966
0.05,3,1,1180,2070,0.36,58.31,1770,220000,0.2,0.3,4.21,1,6,65.7276
0.05,3,2,1180,2070,0.36,58.31,2540,75000,0.22,0.1,4.21,1,6,65.3302
0.05,3,2,1180,2070,0.36,58.31,2540,75000,0.22,0.2,4.21,1,6,65.5481
0.05,3,2,1180,2070,0.36,58.31,2540,75000,0.22,0.3,4.21,1,6,65.6679
0.05,3,3,1180,2070,0.36,58.31,1470,150000,0.35,0.1,4.21,1,6,65.3956
0.05,3,3,1180,2070,0.36,58.31,1470,150000,0.35,0.2,4.21,1,6,65.5774
0.05,3,3,1180,2070,0.36,58.31,1470,150000,0.35,0.3,4.21,1,6,65.7023
0.05,3,4,1180,2070,0.36,58.31,2530,85000,0.21,0.1,4.21,1,6,65.3470
0.05,3,4,1180,2070,0.36,58.31,2530,85000,0.21,0.2,4.21,1,6,65.5534
0.05,3,4,1180,2070,0.36,58.31,2530,85000,0.21,0.3,4.21,1,6,65.6734
0.1,3,1,1180,2070,0.36,58.31,1770,220000,0.2,0.1,5.95,1,6,66.2755
0.1,3,1,1180,2070,0.36,58.31,1770,220000,0.2,0.2,5.95,1,6,66.6001
0.1,3,1,1180,2070,0.36,58.31,1770,220000,0.2,0.3,5.95,1,6,66.8534
0.1,3,2,1180,2070,0.36,58.31,2540,75000,0.22,0.1,5.95,1,6,66.1987
0.1,3,2,1180,2070,0.36,58.31,2540,75000,0.22,0.2,5.95,1,6,66.5059
0.1,3,2,1180,2070,0.36,58.31,2540,75000,0.22,0.3,5.95,1,6,66.7390
0.1,3,3,1180,2070,0.36,58.31,1470,150000,0.35,0.1,5.95,1,6,66.2472
0.1,3,3,1180,2070,0.36,58.31,1470,150000,0.35,0.2,5.95,1,6,66.5613
0.1,3,3,1180,2070,0.36,58.31,1470,150000,0.35,0.3,5.95,1,6,66.8075
0.1,3,4,1180,2070,0.36,58.31,2530,85000,0.21,0.1,5.95,1,6,66.2085
0.1,3,4,1180,2070,0.36,58.31,2530,85000,0.21,0.2,5.95,1,6,66.5150
0.1,3,4,1180,2070,0.36,58.31,2530,85000,0.21,0.3,5.95,1,6,66.7501
0.15,3,1,1180,2070,0.36,58.31,1770,220000,0.2,0.1,7.29,1,6,66.7762
0.15,3,1,1180,2070,0.36,58.31,1770,220000,0.2,0.2,7.29,1,6,67.1718
0.15,3,1,1180,2070,0.36,58.31,1770,220000,0.2,0.3,7.29,1,6,67.4706
0.15,3,2,1180,2070,0.36,58.31,2540,75000,0.22,0.1,7.29,1,6,66.7024
0.15,3,2,1180,2070,0.36,58.31,2540,75000,0.22,0.2,7.29,1,6,67.0760
0.15,3,2,1180,2070,0.36,58.31,2540,75000,0.22,0.3,7.29,1,6,67.3665
0.15,3,3,1180,2070,0.36,58.31,1470,150000,0.35,0.1,7.29,1,6,66.7476
0.15,3,3,1180,2070,0.36,58.31,1470,150000,0.35,0.2,7.29,1,6,67.1352
0.15,3,3,1180,2070,0.36,58.31,1470,150000,0.35,0.3,7.29,1,6,67.4337
0.15,3,4,1180,2070,0.36,58.31,2530,85000,0.21,0.1,7.29,1,6,66.7106
0.15,3,4,1180,2070,0.36,58.31,2530,85000,0.21,0.2,7.29,1,6,67.0860
0.15,3,4,1180,2070,0.36,58.31,2530,85000,0.21,0.3,7.29,1,6,67.3783
0.2,3,1,1180,2070,0.36,58.31,1770,220000,0.2,0.1,8.4,1,6,68.3359
0.2,3,1,1180,2070,0.36,58.31,1770,220000,0.2,0.2,8.4,1,6,69.0175
0.2,3,1,1180,2070,0.36,58.31,1770,220000,0.2,0.3,8.4,1,6,69.5076
0.2,3,2,1180,2070,0.36,58.31,2540,75000,0.22,0.1,8.4,1,6,68.2515
0.2,3,2,1180,2070,0.36,58.31,2540,75000,0.22,0.2,8.4,1,6,68.9234
0.2,3,2,1180,2070,0.36,58.31,2540,75000,0.22,0.3,8.4,1,6,69.4164
0.2,3,3,1180,2070,0.36,58.31,1470,150000,0.35,0.1,8.4,1,6,68.3044
0.2,3,3,1180,2070,0.36,58.31,1470,150000,0.35,0.2,8.4,1,6,68.9848
0.2,3,3,1180,2070,0.36,58.31,1470,150000,0.35,0.3,8.4,1,6,69.4791
0.2,3,4,1180,2070,0.36,58.31,2530,85000,0.21,0.1,8.4,1,6,68.2617
0.2,3,4,1180,2070,0.36,58.31,2530,85000,0.21,0.2,8.4,1,6,68.9349
0.2,3,4,1180,2070,0.36,58.31,2530,85000,0.21,0.3,8.4,1,6,69.4288
0.25,3,1,1180,2070,0.36,58.31,1770,220000,0.2,0.1,9.41,1,6,74.1231
0.25,3,1,1180,2070,0.36,58.31,1770,220000,0.2,0.2,9.41,1,6,75.6122
0.25,3,1,1180,2070,0.36,58.31,1770,220000,0.2,0.3,9.41,1,6,76.6217
0.25,3,2,1180,2070,0.36,58.31,2540,75000,0.22,0.1,9.41,1,6,73.9448
0.25,3,2,1180,2070,0.36,58.31,2540,75000,0.22,0.2,9.41,1,6,75.4398
0.25,3,2,1180,2070,0.36,58.31,2540,75000,0.22,0.3,9.41,1,6,76.4402
0.25,3,3,1180,2070,0.36,58.31,1470,150000,0.35,0.1,9.41,1,6,74.0619
0.25,3,3,1180,2070,0.36,58.31,1470,150000,0.35,0.2,9.41,1,6,75.5557
0.25,3,3,1180,2070,0.36,58.31,1470,150000,0.35,0.3,9.41,1,6,76.5654
0.25,3,4,1180,2070,0.36,58.31,2530,85000,0.21,0.1,9.41,1,6,73.9716
0.25,3,4,1180,2070,0.36,58.31,2530,85000,0.21,0.2,9.41,1,6,75.4649
0.25,3,4,1180,2070,0.36,58.31,2530,85000,0.21,0.3,9.41,1,6,76.4684
0.3,3,1,1180,2070,0.36,58.31,1770,220000,0.2,0.1,10.3,1,6,76.9465
0.3,3,1,1180,2070,0.36,58.31,1770,220000,0.2,0.2,10.3,1,6,78.4051
0.3,3,1,1180,2070,0.36,58.31,1770,220000,0.2,0.3,10.3,1,6,79.3488
0.3,3,2,1180,2070,0.36,58.31,2540,75000,0.22,0.1,10.3,1,6,76.7587
0.3,3,2,1180,2070,0.36,58.31,2540,75000,0.22,0.2,10.3,1,6,78.2476
0.3,3,2,1180,2070,0.36,58.31,2540,75000,0.22,0.3,10.3,1,6,79.2016
0.3,3,3,1180,2070,0.36,58.31,1470,150000,0.35,0.1,10.3,1,6,76.8828
0.3,3,3,1180,2070,0.36,58.31,1470,150000,0.35,0.2,10.3,1,6,78.3554
0.3,3,3,1180,2070,0.36,58.31,1470,150000,0.35,0.3,10.3,1,6,79.3058
0.3,3,4,1180,2070,0.36,58.31,2530,85000,0.21,0.1,10.3,1,6,76.7864
0.3,3,4,1180,2070,0.36,58.31,2530,85000,0.21,0.2,10.3,1,6,78.2708
0.3,3,4,1180,2070,0.36,58.31,2530,85000,0.21,0.3,10.3,1,6,79.2250
0.35,3,1,1180,2070,0.36,58.31,1770,220000,0.2,0.1,11.13,1,6,87.0134
0.35,3,1,1180,2070,0.36,58.31,1770,220000,0.2,0.2,11.13,1,6,88.5143
0.35,3,1,1180,2070,0.36,58.31,1770,220000,0.2,0.3,11.13,1,6,89.5632
0.35,3,2,1180,2070,0.36,58.31,2540,75000,0.22,0.1,11.13,1,6,86.8218
0.35,3,2,1180,2070,0.36,58.31,2540,75000,0.22,0.2,11.13,1,6,88.3845
0.35,3,2,1180,2070,0.36,58.31,2540,75000,0.22,0.3,11.13,1,6,89.4611
0.35,3,3,1180,2070,0.36,58.31,1470,150000,0.35,0.1,11.13,1,6,86.9504
0.35,3,3,1180,2070,0.36,58.31,1470,150000,0.35,0.2,11.13,1,6,88.4772
0.35,3,3,1180,2070,0.36,58.31,1470,150000,0.35,0.3,11.13,1,6,89.5364
0.35,3,4,1180,2070,0.36,58.31,2530,85000,0.21,0.1,11.13,1,6,86.8498
0.35,3,4,1180,2070,0.36,58.31,2530,85000,0.21,0.2,11.13,1,6,88.4046
0.35,3,4,1180,2070,0.36,58.31,2530,85000,0.21,0.3,11.13,1,6,89.4787
0.4,3,1,1180,2070,0.36,58.31,1770,220000,0.2,0.1,11.9,1,6,97.0605
0.4,3,1,1180,2070,0.36,58.31,1770,220000,0.2,0.2,11.9,1,6,99.0805
0.4,3,1,1180,2070,0.36,58.31,1770,220000,0.2,0.3,11.9,1,6,100.5383
0.4,3,2,1180,2070,0.36,58.31,2540,75000,0.22,0.1,11.9,1,6,96.8040
0.4,3,2,1180,2070,0.36,58.31,2540,75000,0.22,0.2,11.9,1,6,98.9015
0.4,3,2,1180,2070,0.36,58.31,2540,75000,0.22,0.3,11.9,1,6,100.4082
0.4,3,3,1180,2070,0.36,58.31,1470,150000,0.35,0.1,11.9,1,6,96.9775
0.4,3,3,1180,2070,0.36,58.31,1470,150000,0.35,0.2,11.9,1,6,99.0322
0.4,3,3,1180,2070,0.36,58.31,1470,150000,0.35,0.3,11.9,1,6,100.5056
0.4,3,4,1180,2070,0.36,58.31,2530,85000,0.21,0.1,11.9,1,6,96.8405
0.4,3,4,1180,2070,0.36,58.31,2530,85000,0.21,0.2,11.9,1,6,98.9311
0.4,3,4,1180,2070,0.36,58.31,2530,85000,0.21,0.3,11.9,1,6,100.4321
0.45,3,1,1180,2070,0.36,58.31,1770,220000,0.2,0.1,12.62,1,6,106.1915
0.45,3,1,1180,2070,0.36,58.31,1770,220000,0.2,0.2,12.62,1,6,108.9284
0.45,3,1,1180,2070,0.36,58.31,1770,220000,0.2,0.3,12.62,1,6,111.0036
0.45,3,2,1180,2070,0.36,58.31,2540,75000,0.22,0.1,12.62,1,6,105.8864
0.45,3,2,1180,2070,0.36,58.31,2540,75000,0.22,0.2,12.62,1,6,108.6912
0.45,3,2,1180,2070,0.36,58.31,2540,75000,0.22,0.3,12.62,1,6,110.8291
0.45,3,3,1180,2070,0.36,58.31,1470,150000,0.35,0.1,12.62,1,6,106.0947
0.45,3,3,1180,2070,0.36,58.31,1470,150000,0.35,0.2,12.62,1,6,108.8627
0.45,3,3,1180,2070,0.36,58.31,1470,150000,0.35,0.3,12.62,1,6,110.9585
0.45,3,4,1180,2070,0.36,58.31,2530,85000,0.21,0.1,12.62,1,6,105.9309
0.45,3,4,1180,2070,0.36,58.31,2530,85000,0.21,0.2,12.62,1,6,108.7302
0.45,3,4,1180,2070,0.36,58.31,2530,85000,0.21,0.3,12.62,1,6,110.8606
0.5,3,1,1180,2070,0.36,58.31,1770,220000,0.2,0.1,13.3,1,6,104.0014
0.5,3,1,1180,2070,0.36,58.31,1770,220000,0.2,0.2,13.3,1,6,106.1262
0.5,3,1,1180,2070,0.36,58.31,1770,220000,0.2,0.3,13.3,1,6,107.6821
0.5,3,2,1180,2070,0.36,58.31,2540,75000,0.22,0.1,13.3,1,6,103.7828
0.5,3,2,1180,2070,0.36,58.31,2540,75000,0.22,0.2,13.3,1,6,106.0101
0.5,3,2,1180,2070,0.36,58.31,2540,75000,0.22,0.3,13.3,1,6,107.5989
0.5,3,3,1180,2070,0.36,58.31,1470,150000,0.35,0.1,13.3,1,6,103.9411
0.5,3,3,1180,2070,0.36,58.31,1470,150000,0.35,0.2,13.3,1,6,106.0937
0.5,3,3,1180,2070,0.36,58.31,1470,150000,0.35,0.3,13.3,1,6,107.6583
0.5,3,4,1180,2070,0.36,58.31,2530,85000,0.21,0.1,13.3,1,6,103.8219
0.5,3,4,1180,2070,0.36,58.31,2530,85000,0.21,0.2,13.3,1,6,106.0313
0.5,3,4,1180,2070,0.36,58.31,2530,85000,0.21,0.3,13.3,1,6,107.6141
0.05,3,1,1180,2070,0.36,58.31,1770,220000,0.2,0.1,10.98,2,6,59.8222
0.05,3,2,1180,2070,0.36,58.31,2540,75000,0.22,0.1,10.98,2,6,59.8142
0.05,3,3,1180,2070,0.36,58.31,1470,150000,0.35,0.1,10.98,2,6,59.8203
0.05,3,4,1180,2070,0.36,58.31,2530,85000,0.21,0.1,10.98,2,6,59.8155
0.1,3,1,1180,2070,0.36,58.31,1770,220000,0.2,0.1,13.85,2,6,61.7315
0.1,3,2,1180,2070,0.36,58.31,2540,75000,0.22,0.1,13.85,2,6,61.7233
0.1,3,3,1180,2070,0.36,58.31,1470,150000,0.35,0.1,13.85,2,6,61.7290
0.1,3,4,1180,2070,0.36,58.31,2530,85000,0.21,0.1,13.85,2,6,61.7248
0.15,3,1,1180,2070,0.36,58.31,1770,220000,0.2,0.1,15.84,2,6,62.9694
0.15,3,2,1180,2070,0.36,58.31,2540,75000,0.22,0.1,15.84,2,6,62.9622
0.15,3,3,1180,2070,0.36,58.31,1470,150000,0.35,0.1,15.84,2,6,62.9673
0.15,3,4,1180,2070,0.36,58.31,2530,85000,0.21,0.1,15.84,2,6,62.9635
0.2,3,1,1180,2070,0.36,58.31,1770,220000,0.2,0.1,17.44,2,6,67.7643
0.2,3,2,1180,2070,0.36,58.31,2540,75000,0.22,0.1,17.44,2,6,67.6420
0.2,3,3,1180,2070,0.36,58.31,1470,150000,0.35,0.1,17.44,2,6,67.7325
0.2,3,4,1180,2070,0.36,58.31,2530,85000,0.21,0.1,17.44,2,6,67.6603
0.25,3,1,1180,2070,0.36,58.31,1770,220000,0.2,0.1,18.79,2,6,70.4293
0.25,3,2,1180,2070,0.36,58.31,2540,75000,0.22,0.1,18.79,2,6,70.3929
0.25,3,3,1180,2070,0.36,58.31,1470,150000,0.35,0.1,18.79,2,6,70.4193
0.25,3,4,1180,2070,0.36,58.31,2530,85000,0.21,0.1,18.79,2,6,70.3997
0.3,3,1,1180,2070,0.36,58.31,1770,220000,0.2,0.1,19.96,2,6,80.7226
0.3,3,2,1180,2070,0.36,58.31,2540,75000,0.22,0.1,19.96,2,6,80.0998
0.3,3,3,1180,2070,0.36,58.31,1470,150000,0.35,0.1,19.96,2,6,80.5714
0.3,3,4,1180,2070,0.36,58.31,2530,85000,0.21,0.1,19.96,2,6,80.1984
0.35,3,1,1180,2070,0.36,58.31,1770,220000,0.2,0.1,21.02,2,6,78.8781
0.35,3,2,1180,2070,0.36,58.31,2540,75000,0.22,0.1,21.02,2,6,78.8070
0.35,3,3,1180,2070,0.36,58.31,1470,150000,0.35,0.1,21.02,2,6,78.8592
0.35,3,4,1180,2070,0.36,58.31,2530,85000,0.21,0.1,21.02,2,6,78.8201
0.4,3,1,1180,2070,0.36,58.31,1770,220000,0.2,0.1,21.98,2,6,85.7492
0.4,3,2,1180,2070,0.36,58.31,2540,75000,0.22,0.1,21.98,2,6,85.6267
0.4,3,3,1180,2070,0.36,58.31,1470,150000,0.35,0.1,21.98,2,6,85.7173
0.4,3,4,1180,2070,0.36,58.31,2530,85000,0.21,0.1,21.98,2,6,85.6492
0.45,3,1,1180,2070,0.36,58.31,1770,220000,0.2,0.1,22.86,2,6,105.0409
0.45,3,2,1180,2070,0.36,58.31,2540,75000,0.22,0.1,22.86,2,6,104.3570
0.45,3,3,1180,2070,0.36,58.31,1470,150000,0.35,0.1,22.86,2,6,104.8831
0.45,3,4,1180,2070,0.36,58.31,2530,85000,0.21,0.1,22.86,2,6,104.4766
0.5,3,1,1180,2070,0.36,58.31,1770,220000,0.2,0.1,23.67,2,6,174.6688
0.5,3,2,1180,2070,0.36,58.31,2540,75000,0.22,0.1,23.67,2,6,155.0796
0.5,3,3,1180,2070,0.36,58.31,1470,150000,0.35,0.1,23.67,2,6,169.8830
0.5,3,4,1180,2070,0.36,58.31,2530,85000,0.21,0.1,23.67,2,6,157.4004
0.05,4,1,931,1890,0.4,39.8,1770,220000,0.2,0.1,4.21,1,6,44.7155
0.05,4,1,931,1890,0.4,39.8,1770,220000,0.2,0.2,4.21,1,6,44.8470
0.05,4,1,931,1890,0.4,39.8,1770,220000,0.2,0.3,4.21,1,6,44.9532
0.05,4,2,931,1890,0.4,39.8,2540,75000,0.22,0.1,4.21,1,6,44.6809
0.05,4,2,931,1890,0.4,39.8,2540,75000,0.22,0.2,4.21,1,6,44.8066
0.05,4,2,931,1890,0.4,39.8,2540,75000,0.22,0.3,4.21,1,6,44.9007
0.05,4,3,931,1890,0.4,39.8,1470,150000,0.35,0.1,4.21,1,6,44.7037
0.05,4,3,931,1890,0.4,39.8,1470,150000,0.35,0.2,4.21,1,6,44.8299
0.05,4,3,931,1890,0.4,39.8,1470,150000,0.35,0.3,4.21,1,6,44.9307
0.05,4,4,931,1890,0.4,39.8,2530,85000,0.21,0.1,4.21,1,6,44.6858
0.05,4,4,931,1890,0.4,39.8,2530,85000,0.21,0.2,4.21,1,6,44.8104
0.05,4,4,931,1890,0.4,39.8,2530,85000,0.21,0.3,4.21,1,6,44.9053
0.1,4,1,931,1890,0.4,39.8,1770,220000,0.2,0.1,5.95,1,6,45.3429
0.1,4,1,931,1890,0.4,39.8,1770,220000,0.2,0.2,5.95,1,6,45.5937
0.1,4,1,931,1890,0.4,39.8,1770,220000,0.2,0.3,5.95,1,6,45.7979
0.1,4,2,931,1890,0.4,39.8,2540,75000,0.22,0.1,5.95,1,6,45.2868
0.1,4,2,931,1890,0.4,39.8,2540,75000,0.22,0.2,5.95,1,6,45.5159
0.1,4,2,931,1890,0.4,39.8,2540,75000,0.22,0.3,5.95,1,6,45.7086
0.1,4,3,931,1890,0.4,39.8,1470,150000,0.35,0.1,5.95,1,6,45.3200
0.1,4,3,931,1890,0.4,39.8,1470,150000,0.35,0.2,5.95,1,6,45.5624
0.1,4,3,931,1890,0.4,39.8,1470,150000,0.35,0.3,5.95,1,6,45.7640
0.1,4,4,931,1890,0.4,39.8,2530,85000,0.21,0.1,5.95,1,6,45.2925
0.1,4,4,931,1890,0.4,39.8,2530,85000,0.21,0.2,5.95,1,6,45.5234
0.1,4,4,931,1890,0.4,39.8,2530,85000,0.21,0.3,5.95,1,6,45.7178
0.15,4,1,931,1890,0.4,39.8,1770,220000,0.2,0.1,7.29,1,6,45.7027
0.15,4,1,931,1890,0.4,39.8,1770,220000,0.2,0.2,7.29,1,6,45.9981
0.15,4,1,931,1890,0.4,39.8,1770,220000,0.2,0.3,7.29,1,6,46.2357
0.15,4,2,931,1890,0.4,39.8,2540,75000,0.22,0.1,7.29,1,6,45.6438
0.15,4,2,931,1890,0.4,39.8,2540,75000,0.22,0.2,7.29,1,6,45.9275
0.15,4,2,931,1890,0.4,39.8,2540,75000,0.22,0.3,7.29,1,6,46.1662
0.15,4,3,931,1890,0.4,39.8,1470,150000,0.35,0.1,7.29,1,6,45.6795
0.15,4,3,931,1890,0.4,39.8,1470,150000,0.35,0.2,7.29,1,6,45.9731
0.15,4,3,931,1890,0.4,39.8,1470,150000,0.35,0.3,7.29,1,6,46.2137
0.15,4,4,931,1890,0.4,39.8,2530,85000,0.21,0.1,7.29,1,6,45.6498
0.15,4,4,931,1890,0.4,39.8,2530,85000,0.21,0.2,7.29,1,6,45.9355
0.15,4,4,931,1890,0.4,39.8,2530,85000,0.21,0.3,7.29,1,6,46.1751
0.2,4,1,931,1890,0.4,39.8,1770,220000,0.2,0.1,8.4,1,6,46.8712
0.2,4,1,931,1890,0.4,39.8,1770,220000,0.2,0.2,8.4,1,6,47.3558
0.2,4,1,931,1890,0.4,39.8,1770,220000,0.2,0.3,8.4,1,6,47.7395
0.2,4,2,931,1890,0.4,39.8,2540,75000,0.22,0.1,8.4,1,6,46.8082
0.2,4,2,931,1890,0.4,39.8,2540,75000,0.22,0.2,8.4,1,6,47.2943
0.2,4,2,931,1890,0.4,39.8,2540,75000,0.22,0.3,8.4,1,6,47.6862
0.2,4,3,931,1890,0.4,39.8,1470,150000,0.35,0.1,8.4,1,6,46.8483
0.2,4,3,931,1890,0.4,39.8,1470,150000,0.35,0.2,8.4,1,6,47.3365
0.2,4,3,931,1890,0.4,39.8,1470,150000,0.35,0.3,8.4,1,6,47.7251
0.2,4,4,931,1890,0.4,39.8,2530,85000,0.21,0.1,8.4,1,6,46.8157
0.2,4,4,931,1890,0.4,39.8,2530,85000,0.21,0.2,8.4,1,6,47.3025
0.2,4,4,931,1890,0.4,39.8,2530,85000,0.21,0.3,8.4,1,6,47.6945
0.25,4,1,931,1890,0.4,39.8,1770,220000,0.2,0.1,9.41,1,6,51.1960
0.25,4,1,931,1890,0.4,39.8,1770,220000,0.2,0.2,9.41,1,6,52.2383
0.25,4,1,931,1890,0.4,39.8,1770,220000,0.2,0.3,9.41,1,6,53.0486
0.25,4,2,931,1890,0.4,39.8,2540,75000,0.22,0.1,9.41,1,6,51.0711
0.25,4,2,931,1890,0.4,39.8,2540,75000,0.22,0.2,9.41,1,6,52.0988
0.25,4,2,931,1890,0.4,39.8,2540,75000,0.22,0.3,9.41,1,6,52.9114
0.25,4,3,931,1890,0.4,39.8,1470,150000,0.35,0.1,9.41,1,6,51.1538
0.25,4,3,931,1890,0.4,39.8,1470,150000,0.35,0.2,9.41,1,6,52.1946
0.25,4,3,931,1890,0.4,39.8,1470,150000,0.35,0.3,9.41,1,6,53.0079
0.25,4,4,931,1890,0.4,39.8,2530,85000,0.21,0.1,9.41,1,6,51.0891
0.25,4,4,931,1890,0.4,39.8,2530,85000,0.21,0.2,9.41,1,6,52.1206
0.25,4,4,931,1890,0.4,39.8,2530,85000,0.21,0.3,9.41,1,6,52.9345
0.3,4,1,931,1890,0.4,39.8,1770,220000,0.2,0.1,10.3,1,6,53.0738
0.3,4,1,931,1890,0.4,39.8,1770,220000,0.2,0.2,10.3,1,6,54.0427
0.3,4,1,931,1890,0.4,39.8,1770,220000,0.2,0.3,10.3,1,6,54.7576
0.3,4,2,931,1890,0.4,39.8,2540,75000,0.22,0.1,10.3,1,6,52.9566
0.3,4,2,931,1890,0.4,39.8,2540,75000,0.22,0.2,10.3,1,6,53.9379
0.3,4,2,931,1890,0.4,39.8,2540,75000,0.22,0.3,10.3,1,6,54.6679
0.3,4,3,931,1890,0.4,39.8,1470,150000,0.35,0.1,10.3,1,6,53.0353
0.3,4,3,931,1890,0.4,39.8,1470,150000,0.35,0.2,10.3,1,6,54.0118
0.3,4,3,931,1890,0.4,39.8,1470,150000,0.35,0.3,10.3,1,6,54.7329
0.3,4,4,931,1890,0.4,39.8,2530,85000,0.21,0.1,10.3,1,6,52.9736
0.3,4,4,931,1890,0.4,39.8,2530,85000,0.21,0.2,10.3,1,6,53.9546
0.3,4,4,931,1890,0.4,39.8,2530,85000,0.21,0.3,10.3,1,6,54.6834
0.35,4,1,931,1890,0.4,39.8,1770,220000,0.2,0.1,11.13,1,6,59.9135
0.35,4,1,931,1890,0.4,39.8,1770,220000,0.2,0.2,11.13,1,6,60.9267
0.35,4,1,931,1890,0.4,39.8,1770,220000,0.2,0.3,11.13,1,6,61.7721
0.35,4,2,931,1890,0.4,39.8,2540,75000,0.22,0.1,11.13,1,6,59.8121
0.35,4,2,931,1890,0.4,39.8,2540,75000,0.22,0.2,11.13,1,6,60.8584
0.35,4,2,931,1890,0.4,39.8,2540,75000,0.22,0.3,11.13,1,6,61.7215
0.35,4,3,931,1890,0.4,39.8,1470,150000,0.35,0.1,11.13,1,6,59.8828
0.35,4,3,931,1890,0.4,39.8,1470,150000,0.35,0.2,11.13,1,6,60.9090
0.35,4,3,931,1890,0.4,39.8,1470,150000,0.35,0.3,11.13,1,6,61.7596
0.35,4,4,931,1890,0.4,39.8,2530,85000,0.21,0.1,11.13,1,6,59.8270
0.35,4,4,931,1890,0.4,39.8,2530,85000,0.21,0.2,11.13,1,6,60.8701
0.35,4,4,931,1890,0.4,39.8,2530,85000,0.21,0.3,11.13,1,6,61.7310
0.4,4,1,931,1890,0.4,39.8,1770,220000,0.2,0.1,11.9,1,6,66.9095
0.4,4,1,931,1890,0.4,39.8,1770,220000,0.2,0.2,11.9,1,6,68.3395
0.4,4,1,931,1890,0.4,39.8,1770,220000,0.2,0.3,11.9,1,6,69.5052
0.4,4,2,931,1890,0.4,39.8,2540,75000,0.22,0.1,11.9,1,6,66.7662
0.4,4,2,931,1890,0.4,39.8,2540,75000,0.22,0.2,11.9,1,6,68.2527
0.4,4,2,931,1890,0.4,39.8,2540,75000,0.22,0.3,11.9,1,6,69.4445
0.4,4,3,931,1890,0.4,39.8,1470,150000,0.35,0.1,11.9,1,6,66.8678
0.4,4,3,931,1890,0.4,39.8,1470,150000,0.35,0.2,11.9,1,6,68.3181
0.4,4,3,931,1890,0.4,39.8,1470,150000,0.35,0.3,11.9,1,6,69.4897
0.4,4,4,931,1890,0.4,39.8,2530,85000,0.21,0.1,11.9,1,6,66.7879
0.4,4,4,931,1890,0.4,39.8,2530,85000,0.21,0.2,11.9,1,6,68.2688
0.4,4,4,931,1890,0.4,39.8,2530,85000,0.21,0.3,11.9,1,6,69.4561
0.45,4,1,931,1890,0.4,39.8,1770,220000,0.2,0.1,12.62,1,6,73.3504
0.45,4,1,931,1890,0.4,39.8,1770,220000,0.2,0.2,12.62,1,6,75.3639
0.45,4,1,931,1890,0.4,39.8,1770,220000,0.2,0.3,12.62,1,6,77.0008
0.45,4,2,931,1890,0.4,39.8,2540,75000,0.22,0.1,12.62,1,6,73.1684
0.45,4,2,931,1890,0.4,39.8,2540,75000,0.22,0.2,12.62,1,6,75.2483
0.45,4,2,931,1890,0.4,39.8,2540,75000,0.22,0.3,12.62,1,6,76.9160
0.45,4,3,931,1890,0.4,39.8,1470,150000,0.35,0.1,12.62,1,6,73.2974
0.45,4,3,931,1890,0.4,39.8,1470,150000,0.35,0.2,12.62,1,6,75.3343
0.45,4,3,931,1890,0.4,39.8,1470,150000,0.35,0.3,12.62,1,6,76.9783
0.45,4,4,931,1890,0.4,39.8,2530,85000,0.21,0.1,12.62,1,6,73.1966
0.45,4,4,931,1890,0.4,39.8,2530,85000,0.21,0.2,12.62,1,6,75.2691
0.45,4,4,931,1890,0.4,39.8,2530,85000,0.21,0.3,12.62,1,6,76.9316
0.5,4,1,931,1890,0.4,39.8,1770,220000,0.2,0.1,13.3,1,6,71.6977
0.5,4,1,931,1890,0.4,39.8,1770,220000,0.2,0.2,13.3,1,6,73.2277
0.5,4,1,931,1890,0.4,39.8,1770,220000,0.2,0.3,13.3,1,6,74.3753
0.5,4,2,931,1890,0.4,39.8,2540,75000,0.22,0.1,13.3,1,6,71.5973
0.5,4,2,931,1890,0.4,39.8,2540,75000,0.22,0.2,13.3,1,6,73.1732
0.5,4,2,931,1890,0.4,39.8,2540,75000,0.22,0.3,13.3,1,6,74.3314
0.5,4,3,931,1890,0.4,39.8,1470,150000,0.35,0.1,13.3,1,6,71.6698
0.5,4,3,931,1890,0.4,39.8,1470,150000,0.35,0.2,13.3,1,6,73.2123
0.5,4,3,931,1890,0.4,39.8,1470,150000,0.35,0.3,13.3,1,6,74.4054
0.5,4,4,931,1890,0.4,39.8,2530,85000,0.21,0.1,13.3,1,6,71.6155
0.5,4,4,931,1890,0.4,39.8,2530,85000,0.21,0.2,13.3,1,6,73.1832
0.5,4,4,931,1890,0.4,39.8,2530,85000,0.21,0.3,13.3,1,6,74.3831
0.05,4,1,931,1890,0.4,39.8,1770,220000,0.2,0.1,10.98,2,6,40.8825
0.05,4,2,931,1890,0.4,39.8,2540,75000,0.22,0.1,10.98,2,6,40.8786
0.05,4,3,931,1890,0.4,39.8,1470,150000,0.35,0.1,10.98,2,6,40.8816
0.05,4,4,931,1890,0.4,39.8,2530,85000,0.21,0.1,10.98,2,6,40.8793
0.1,4,1,931,1890,0.4,39.8,1770,220000,0.2,0.1,13.85,2,6,42.2842
0.1,4,2,931,1890,0.4,39.8,2540,75000,0.22,0.1,13.85,2,6,42.2798
0.1,4,3,931,1890,0.4,39.8,1470,150000,0.35,0.1,13.85,2,6,42.2830
0.1,4,4,931,1890,0.4,39.8,2530,85000,0.21,0.1,13.85,2,6,42.2806
0.15,4,1,931,1890,0.4,39.8,1770,220000,0.2,0.1,15.84,2,6,43.1805
0.15,4,2,931,1890,0.4,39.8,2540,75000,0.22,0.1,15.84,2,6,43.1763
0.15,4,3,931,1890,0.4,39.8,1470,150000,0.35,0.1,15.84,2,6,43.1794
0.15,4,4,931,1890,0.4,39.8,2530,85000,0.21,0.1,15.84,2,6,43.1771
0.2,4,1,931,1890,0.4,39.8,1770,220000,0.2,0.1,17.44,2,6,46.6221
0.2,4,2,931,1890,0.4,39.8,2540,75000,0.22,0.1,17.44,2,6,46.5595
0.2,4,3,931,1890,0.4,39.8,1470,150000,0.35,0.1,17.44,2,6,46.6061
0.2,4,4,931,1890,0.4,39.8,2530,85000,0.21,0.1,17.44,2,6,46.5690
0.25,4,1,931,1890,0.4,39.8,1770,220000,0.2,0.1,18.79,2,6,48.6099
0.25,4,2,931,1890,0.4,39.8,2540,75000,0.22,0.1,18.79,2,6,48.5908
0.25,4,3,931,1890,0.4,39.8,1470,150000,0.35,0.1,18.79,2,6,48.6048
0.25,4,4,931,1890,0.4,39.8,2530,85000,0.21,0.1,18.79,2,6,48.5943
0.3,4,1,931,1890,0.4,39.8,1770,220000,0.2,0.1,19.96,2,6,56.3568
0.3,4,2,931,1890,0.4,39.8,2540,75000,0.22,0.1,19.96,2,6,55.9352
0.3,4,3,931,1890,0.4,39.8,1470,150000,0.35,0.1,19.96,2,6,56.2557
0.3,4,4,931,1890,0.4,39.8,2530,85000,0.21,0.1,19.96,2,6,56.0025
0.35,4,1,931,1890,0.4,39.8,1770,220000,0.2,0.1,21.02,2,6,54.8064
0.35,4,2,931,1890,0.4,39.8,2540,75000,0.22,0.1,21.02,2,6,54.7692
0.35,4,3,931,1890,0.4,39.8,1470,150000,0.35,0.1,21.02,2,6,54.7965
0.35,4,4,931,1890,0.4,39.8,2530,85000,0.21,0.1,21.02,2,6,54.7760
0.4,4,1,931,1890,0.4,39.8,1770,220000,0.2,0.1,21.98,2,6,60.1219
0.4,4,2,931,1890,0.4,39.8,2540,75000,0.22,0.1,21.98,2,6,60.0496
0.4,4,3,931,1890,0.4,39.8,1470,150000,0.35,0.1,21.98,2,6,60.1033
0.4,4,4,931,1890,0.4,39.8,2530,85000,0.21,0.1,21.98,2,6,60.0627
0.45,4,1,931,1890,0.4,39.8,1770,220000,0.2,0.1,22.86,2,6,76.4472
0.45,4,2,931,1890,0.4,39.8,2540,75000,0.22,0.1,22.86,2,6,75.8793
0.45,4,3,931,1890,0.4,39.8,1470,150000,0.35,0.1,22.86,2,6,76.3175
0.45,4,4,931,1890,0.4,39.8,2530,85000,0.21,0.1,22.86,2,6,75.9770
0.5,4,1,931,1890,0.4,39.8,1770,220000,0.2,0.1,23.67,2,6,127.8745
0.5,4,2,931,1890,0.4,39.8,2540,75000,0.22,0.1,23.67,2,6,117.7802
0.5,4,3,931,1890,0.4,39.8,1470,150000,0.35,0.1,23.67,2,6,125.9525
0.5,4,4,931,1890,0.4,39.8,2530,85000,0.21,0.1,23.67,2,6,119.2782
