Volume Fraction,Matrix Material,Fibre Material,Matrix Density (kg/m^3),Matrix Elastic Modulus (MPa),Matrix Poisson's Ratio,Matrix Yield Strength (MPa),Fibre Density (kg/m^3),Fibre Elastic Modulus (MPa),Fibre Poisson Ratio,Strain Rate,Fibre Diameter,Fibre Type,Mesh Size,Composite Yield Strength (Mpa)
0.05,1,1,1490,2662.557781,0.38,149.590164,1770,220000,0.2,0.1,4.21,1,6,155.0000
0.05,1,1,1490,2662.557781,0.38,149.590164,1770,220000,0.2,0.2,4.21,1,6,154.7500
0.05,1,1,1490,2662.557781,0.38,149.590164,1770,220000,0.2,0.3,4.21,1,6,153.3500
0.05,1,2,1490,2662.557781,0.38,149.590164,2540,75000,0.22,0.1,4.21,1,6,153.8000
0.05,1,2,1490,2662.557781,0.38,149.590164,2540,75000,0.22,0.2,4.21,1,6,153.1500
0.05,1,2,1490,2662.557781,0.38,149.590164,2540,75000,0.22,0.3,4.21,1,6,153.8000
0.05,1,3,1490,2662.557781,0.38,149.590164,1470,150000,0.35,0.1,4.21,1,6,155.3500
0.05,1,3,1490,2662.557781,0.38,149.590164,1470,150000,0.35,0.2,4.21,1,6,154.8000
0.05,1,3,1490,2662.557781,0.38,149.590164,1470,150000,0.35,0.3,4.21,1,6,155.3000
0.05,1,4,1490,2662.557781,0.38,149.590164,2530,85000,0.21,0.1,4.21,1,6,154.4500
0.05,1,4,1490,2662.557781,0.38,149.590164,2530,85000,0.21,0.2,4.21,1,6,153.7500
0.05,1,4,1490,2662.557781,0.38,149.590164,2530,85000,0.21,0.3,4.21,1,6,154.4500
0.1,1,1,1490,2662.557781,0.38,149.590164,1770,220000,0.2,0.1,5.95,1,6,151.1500
0.1,1,1,1490,2662.557781,0.38,149.590164,1770,220000,0.2,0.2,5.95,1,6,151.2500
0.1,1,1,1490,2662.557781,0.38,149.590164,1770,220000,0.2,0.3,5.95,1,6,151.2000
0.1,1,2,1490,2662.557781,0.38,149.590164,2540,75000,0.22,0.1,5.95,1,6,150.7500
0.1,1,2,1490,2662.557781,0.38,149.590164,2540,75000,0.22,0.2,5.95,1,6,150.6500
0.1,1,2,1490,2662.557781,0.38,149.590164,2540,75000,0.22,0.3,5.95,1,6,150.6500
0.1,1,3,1490,2662.557781,0.38,149.590164,1470,150000,0.35,0.1,5.95,1,6,151.2000
0.1,1,3,1490,2662.557781,0.38,149.590164,1470,150000,0.35,0.2,5.95,1,6,151.1500
0.1,1,3,1490,2662.557781,0.38,149.590164,1470,150000,0.35,0.3,5.95,1,6,151.2000
0.1,1,4,1490,2662.557781,0.38,149.590164,2530,85000,0.21,0.1,5.95,1,6,150.8500
0.1,1,4,1490,2662.557781,0.38,149.590164,2530,85000,0.21,0.2,5.95,1,6,150.6500
0.1,1,4,1490,2662.557781,0.38,149.590164,2530,85000,0.21,0.3,5.95,1,6,150.6500
0.15,1,1,1490,2662.557781,0.38,149.590164,1770,220000,0.2,0.1,7.29,1,6,147.8500
0.15,1,1,1490,2662.557781,0.38,149.590164,1770,220000,0.2,0.2,7.29,1,6,147.8500
0.15,1,1,1490,2662.557781,0.38,149.590164,1770,220000,0.2,0.3,7.29,1,6,147.2000
0.15,1,2,1490,2662.557781,0.38,149.590164,2540,75000,0.22,0.1,7.29,1,6,148.0700
0.15,1,2,1490,2662.557781,0.38,149.590164,2540,75000,0.22,0.2,7.29,1,6,148.1000
0.15,1,2,1490,2662.557781,0.38,149.590164,2540,75000,0.22,0.3,7.29,1,6,147.2200
0.15,1,3,1490,2662.557781,0.38,149.590164,1470,150000,0.35,0.1,7.29,1,6,148.0300
0.15,1,3,1490,2662.557781,0.38,149.590164,1470,150000,0.35,0.2,7.29,1,6,148.2000
0.15,1,3,1490,2662.557781,0.38,149.590164,1470,150000,0.35,0.3,7.29,1,6,147.4700
0.15,1,4,1490,2662.557781,0.38,149.590164,2530,85000,0.21,0.1,7.29,1,6,148.0100
0.15,1,4,1490,2662.557781,0.38,149.590164,2530,85000,0.21,0.2,7.29,1,6,148.0800
0.15,1,4,1490,2662.557781,0.38,149.590164,2530,85000,0.21,0.3,7.29,1,6,146.5400
0.2,1,1,1490,2662.557781,0.38,149.590164,1770,220000,0.2,0.1,8.4,1,6,149.9000
0.2,1,1,1490,2662.557781,0.38,149.590164,1770,220000,0.2,0.2,8.4,1,6,149.9150
0.2,1,1,1490,2662.557781,0.38,149.590164,1770,220000,0.2,0.3,8.4,1,6,149.2750
0.2,1,2,1490,2662.557781,0.38,149.590164,2540,75000,0.22,0.1,8.4,1,6,150.0800
0.2,1,2,1490,2662.557781,0.38,149.590164,2540,75000,0.22,0.2,8.4,1,6,149.9800
0.2,1,2,1490,2662.557781,0.38,149.590164,2540,75000,0.22,0.3,8.4,1,6,150.0400
0.2,1,3,1490,2662.557781,0.38,149.590164,1470,150000,0.35,0.1,8.4,1,6,149.9900
0.2,1,3,1490,2662.557781,0.38,149.590164,1470,150000,0.35,0.2,8.4,1,6,149.7000
0.2,1,3,1490,2662.557781,0.38,149.590164,1470,150000,0.35,0.3,8.4,1,6,149.5800
0.2,1,4,1490,2662.557781,0.38,149.590164,2530,85000,0.21,0.1,8.4,1,6,150.0500
0.2,1,4,1490,2662.557781,0.38,149.590164,2530,85000,0.21,0.2,8.4,1,6,149.5200
0.2,1,4,1490,2662.557781,0.38,149.590164,2530,85000,0.21,0.3,8.4,1,6,149.9100
0.25,1,1,1490,2662.557781,0.38,149.590164,1770,220000,0.2,0.1,9.41,1,6,158.4200
0.25,1,1,1490,2662.557781,0.38,149.590164,1770,220000,0.2,0.2,9.41,1,6,158.3100
0.25,1,1,1490,2662.557781,0.38,149.590164,1770,220000,0.2,0.3,9.41,1,6,156.2200
0.25,1,2,1490,2662.557781,0.38,149.590164,2540,75000,0.22,0.1,9.41,1,6,158.4500
0.25,1,2,1490,2662.557781,0.38,149.590164,2540,75000,0.22,0.2,9.41,1,6,158.4300
0.25,1,2,1490,2662.557781,0.38,149.590164,2540,75000,0.22,0.3,9.41,1,6,157.8900
0.25,1,3,1490,2662.557781,0.38,149.590164,1470,150000,0.35,0.1,9.41,1,6,158.3900
0.25,1,3,1490,2662.557781,0.38,149.590164,1470,150000,0.35,0.2,9.41,1,6,158.3200
0.25,1,3,1490,2662.557781,0.38,149.590164,1470,150000,0.35,0.3,9.41,1,6,157.7350
0.25,1,4,1490,2662.557781,0.38,149.590164,2530,85000,0.21,0.1,9.41,1,6,158.4300
0.25,1,4,1490,2662.557781,0.38,149.590164,2530,85000,0.21,0.2,9.41,1,6,158.4100
0.25,1,4,1490,2662.557781,0.38,149.590164,2530,85000,0.21,0.3,9.41,1,6,157.8500
0.3,1,1,1490,2662.557781,0.38,149.590164,1770,220000,0.2,0.1,10.3,1,6,158.0400
0.3,1,1,1490,2662.557781,0.38,149.590164,1770,220000,0.2,0.2,10.3,1,6,158.1250
0.3,1,1,1490,2662.557781,0.38,149.590164,1770,220000,0.2,0.3,10.3,1,6,158.2950
0.3,1,2,1490,2662.557781,0.38,149.590164,2540,75000,0.22,0.1,10.3,1,6,158.2650
0.3,1,2,1490,2662.557781,0.38,149.590164,2540,75000,0.22,0.2,10.3,1,6,158.4850
0.3,1,2,1490,2662.557781,0.38,149.590164,2540,75000,0.22,0.3,10.3,1,6,158.0550
0.3,1,3,1490,2662.557781,0.38,149.590164,1470,150000,0.35,0.1,10.3,1,6,158.1350
0.3,1,3,1490,2662.557781,0.38,149.590164,1470,150000,0.35,0.2,10.3,1,6,158.0500
0.3,1,3,1490,2662.557781,0.38,149.590164,1470,150000,0.35,0.3,10.3,1,6,158.2150
0.3,1,4,1490,2662.557781,0.38,149.590164,2530,85000,0.21,0.1,10.3,1,6,158.2090
0.3,1,4,1490,2662.557781,0.38,149.590164,2530,85000,0.21,0.2,10.3,1,6,157.9500
0.3,1,4,1490,2662.557781,0.38,149.590164,2530,85000,0.21,0.3,10.3,1,6,158.1000
0.35,1,1,1490,2662.557781,0.38,149.590164,1770,220000,0.2,0.1,11.13,1,6,173.5000
0.35,1,1,1490,2662.557781,0.38,149.590164,1770,220000,0.2,0.2,11.13,1,6,172.5250
0.35,1,1,1490,2662.557781,0.38,149.590164,1770,220000,0.2,0.3,11.13,1,6,170.7500
0.35,1,2,1490,2662.557781,0.38,149.590164,2540,75000,0.22,0.1,11.13,1,6,173.5000
0.35,1,2,1490,2662.557781,0.38,149.590164,2540,75000,0.22,0.2,11.13,1,6,173.4500
0.35,1,2,1490,2662.557781,0.38,149.590164,2540,75000,0.22,0.3,11.13,1,6,173.5000
0.35,1,3,1490,2662.557781,0.38,149.590164,1470,150000,0.35,0.1,11.13,1,6,173.7500
0.35,1,3,1490,2662.557781,0.38,149.590164,1470,150000,0.35,0.2,11.13,1,6,173.4000
0.35,1,3,1490,2662.557781,0.38,149.590164,1470,150000,0.35,0.3,11.13,1,6,173.3000
0.35,1,4,1490,2662.557781,0.38,149.590164,2530,85000,0.21,0.1,11.13,1,6,173.4000
0.35,1,4,1490,2662.557781,0.38,149.590164,2530,85000,0.21,0.2,11.13,1,6,173.5000
0.35,1,4,1490,2662.557781,0.38,149.590164,2530,85000,0.21,0.3,11.13,1,6,173.5000
0.4,1,1,1490,2662.557781,0.38,149.590164,1770,220000,0.2,0.1,11.9,1,6,183.7500
0.4,1,1,1490,2662.557781,0.38,149.590164,1770,220000,0.2,0.2,11.9,1,6,183.6000
0.4,1,1,1490,2662.557781,0.38,149.590164,1770,220000,0.2,0.3,11.9,1,6,180.9000
0.4,1,2,1490,2662.557781,0.38,149.590164,2540,75000,0.22,0.1,11.9,1,6,183.3000
0.4,1,2,1490,2662.557781,0.38,149.590164,2540,75000,0.22,0.2,11.9,1,6,181.9000
0.4,1,2,1490,2662.557781,0.38,149.590164,2540,75000,0.22,0.3,11.9,1,6,179.5000
0.4,1,3,1490,2662.557781,0.38,149.590164,1470,150000,0.35,0.1,11.9,1,6,183.2500
0.4,1,3,1490,2662.557781,0.38,149.590164,1470,150000,0.35,0.2,11.9,1,6,182.6000
0.4,1,3,1490,2662.557781,0.38,149.590164,1470,150000,0.35,0.3,11.9,1,6,180.0000
0.4,1,4,1490,2662.557781,0.38,149.590164,2530,85000,0.21,0.1,11.9,1,6,183.4000
0.4,1,4,1490,2662.557781,0.38,149.590164,2530,85000,0.21,0.2,11.9,1,6,183.1000
0.4,1,4,1490,2662.557781,0.38,149.590164,2530,85000,0.21,0.3,11.9,1,6,182.5000
0.45,1,1,1490,2662.557781,0.38,149.590164,1770,220000,0.2,0.1,12.62,1,6,193.5000
0.45,1,1,1490,2662.557781,0.38,149.590164,1770,220000,0.2,0.2,12.62,1,6,193.4000
0.45,1,1,1490,2662.557781,0.38,149.590164,1770,220000,0.2,0.3,12.62,1,6,193.6500
0.45,1,2,1490,2662.557781,0.38,149.590164,2540,75000,0.22,0.1,12.62,1,6,192.8500
0.45,1,2,1490,2662.557781,0.38,149.590164,2540,75000,0.22,0.2,12.62,1,6,193.0000
0.45,1,2,1490,2662.557781,0.38,149.590164,2540,75000,0.22,0.3,12.62,1,6,191.5000
0.45,1,3,1490,2662.557781,0.38,149.590164,1470,150000,0.35,0.1,12.62,1,6,192.9500
0.45,1,3,1490,2662.557781,0.38,149.590164,1470,150000,0.35,0.2,12.62,1,6,192.5000
0.45,1,3,1490,2662.557781,0.38,149.590164,1470,150000,0.35,0.3,12.62,1,6,192.7500
0.45,1,4,1490,2662.557781,0.38,149.590164,2530,85000,0.21,0.1,12.62,1,6,193.0000
0.45,1,4,1490,2662.557781,0.38,149.590164,2530,85000,0.21,0.2,12.62,1,6,193.0000
0.45,1,4,1490,2662.557781,0.38,149.590164,2530,85000,0.21,0.3,12.62,1,6,191.9000
0.5,1,1,1490,2662.557781,0.38,149.590164,1770,220000,0.2,0.1,13.3,1,6,192.1000
0.5,1,1,1490,2662.557781,0.38,149.590164,1770,220000,0.2,0.2,13.3,1,6,192.8000
0.5,1,1,1490,2662.557781,0.38,149.590164,1770,220000,0.2,0.3,13.3,1,6,190.0000
0.5,1,2,1490,2662.557781,0.38,149.590164,2540,75000,0.22,0.1,13.3,1,6,192.0000
0.5,1,2,1490,2662.557781,0.38,149.590164,2540,75000,0.22,0.2,13.3,1,6,191.1500
0.5,1,2,1490,2662.557781,0.38,149.590164,2540,75000,0.22,0.3,13.3,1,6,192.5000
0.5,1,3,1490,2662.557781,0.38,149.590164,1470,150000,0.35,0.1,13.3,1,6,191.5000
0.5,1,3,1490,2662.557781,0.38,149.590164,1470,150000,0.35,0.2,13.3,1,6,191.7500
0.5,1,3,1490,2662.557781,0.38,149.590164,1470,150000,0.35,0.3,13.3,1,6,190.1500
0.5,1,4,1490,2662.557781,0.38,149.590164,2530,85000,0.21,0.1,13.3,1,6,192.1500
0.5,1,4,1490,2662.557781,0.38,149.590164,2530,85000,0.21,0.2,13.3,1,6,191.6000
0.5,1,4,1490,2662.557781,0.38,149.590164,2530,85000,0.21,0.3,13.3,1,6,192.5000
0.05,1,1,1490,2662.557781,0.38,149.590164,1770,220000,0.2,0.1,10.98,2,6,136.7150
0.05,1,2,1490,2662.557781,0.38,149.590164,2540,75000,0.22,0.1,10.98,2,6,138.3350
0.05,1,3,1490,2662.557781,0.38,149.590164,1470,150000,0.35,0.1,10.98,2,6,137.1600
0.05,1,4,1490,2662.557781,0.38,149.590164,2530,85000,0.21,0.1,10.98,2,6,138.0500
0.1,1,1,1490,2662.557781,0.38,149.590164,1770,220000,0.2,0.1,13.85,2,6,122.3250
0.1,1,2,1490,2662.557781,0.38,149.590164,2540,75000,0.22,0.1,13.85,2,6,124.8050
0.1,1,3,1490,2662.557781,0.38,149.590164,1470,150000,0.35,0.1,13.85,2,6,123.0000
0.1,1,4,1490,2662.557781,0.38,149.590164,2530,85000,0.21,0.1,13.85,2,6,124.3800
0.15,1,1,1490,2662.557781,0.38,149.590164,1770,220000,0.2,0.1,15.84,2,6,117.3330
0.15,1,2,1490,2662.557781,0.38,149.590164,2540,75000,0.22,0.1,15.84,2,6,119.8250
0.15,1,3,1490,2662.557781,0.38,149.590164,1470,150000,0.35,0.1,15.84,2,6,117.9900
0.15,1,4,1490,2662.557781,0.38,149.590164,2530,85000,0.21,0.1,15.84,2,6,119.3900
0.2,1,1,1490,2662.557781,0.38,149.590164,1770,220000,0.2,0.1,17.44,2,6,121.8250
0.2,1,2,1490,2662.557781,0.38,149.590164,2540,75000,0.22,0.1,17.44,2,6,124.1000
0.2,1,3,1490,2662.557781,0.38,149.590164,1470,150000,0.35,0.1,17.44,2,6,122.3000
0.2,1,4,1490,2662.557781,0.38,149.590164,2530,85000,0.21,0.1,17.44,2,6,123.6400
0.25,1,1,1490,2662.557781,0.38,149.590164,1770,220000,0.2,0.1,18.79,2,6,119.3600
0.25,1,2,1490,2662.557781,0.38,149.590164,2540,75000,0.22,0.1,18.79,2,6,122.9000
0.25,1,3,1490,2662.557781,0.38,149.590164,1470,150000,0.35,0.1,18.79,2,6,120.2660
0.25,1,4,1490,2662.557781,0.38,149.590164,2530,85000,0.21,0.1,18.79,2,6,122.3130
0.3,1,1,1490,2662.557781,0.38,149.590164,1770,220000,0.2,0.1,19.96,2,6,131.4600
0.3,1,2,1490,2662.557781,0.38,149.590164,2540,75000,0.22,0.1,19.96,2,6,134.5920
0.3,1,3,1490,2662.557781,0.38,149.590164,1470,150000,0.35,0.1,19.96,2,6,132.3000
0.3,1,4,1490,2662.557781,0.38,149.590164,2530,85000,0.21,0.1,19.96,2,6,134.1500
0.35,1,1,1490,2662.557781,0.38,149.590164,1770,220000,0.2,0.1,21.02,2,6,126.5660
0.35,1,2,1490,2662.557781,0.38,149.590164,2540,75000,0.22,0.1,21.02,2,6,130.5800
0.35,1,3,1490,2662.557781,0.38,149.590164,1470,150000,0.35,0.1,21.02,2,6,127.5300
0.35,1,4,1490,2662.557781,0.38,149.590164,2530,85000,0.21,0.1,21.02,2,6,129.9600
0.4,1,1,1490,2662.557781,0.38,149.590164,1770,220000,0.2,0.1,21.98,2,6,130.5850
0.4,1,2,1490,2662.557781,0.38,149.590164,2540,75000,0.22,0.1,21.98,2,6,134.9350
0.4,1,3,1490,2662.557781,0.38,149.590164,1470,150000,0.35,0.1,21.98,2,6,131.5650
0.4,1,4,1490,2662.557781,0.38,149.590164,2530,85000,0.21,0.1,21.98,2,6,133.9950
0.45,1,1,1490,2662.557781,0.38,149.590164,1770,220000,0.2,0.1,22.86,2,6,139.6000
0.45,1,2,1490,2662.557781,0.38,149.590164,2540,75000,0.22,0.1,22.86,2,6,145.7500
0.45,1,3,1490,2662.557781,0.38,149.590164,1470,150000,0.35,0.1,22.86,2,6,141.0000
0.45,1,4,1490,2662.557781,0.38,149.590164,2530,85000,0.21,0.1,22.86,2,6,144.9200
0.5,1,1,1490,2662.557781,0.38,149.590164,1770,220000,0.2,0.1,23.67,2,6,165.5920
0.5,1,2,1490,2662.557781,0.38,149.590164,2540,75000,0.22,0.1,23.67,2,6,165.6600
0.5,1,3,1490,2662.557781,0.38,149.590164,1470,150000,0.35,0.1,23.67,2,6,165.0750
0.5,1,4,1490,2662.557781,0.38,149.590164,2530,85000,0.21,0.1,23.67,2,6,165.4600
0.05,2,1,1200,2000,0.37,59,1770,220000,0.2,0.1,4.21,1,6,63.0100
0.05,2,1,1200,2000,0.37,59,1770,220000,0.2,0.2,4.21,1,6,62.6550
0.05,2,1,1200,2000,0.37,59,1770,220000,0.2,0.3,4.21,1,6,62.1550
0.05,2,2,1200,2000,0.37,59,2540,75000,0.22,0.1,4.21,1,6,62.4450
0.05,2,2,1200,2000,0.37,59,2540,75000,0.22,0.2,4.21,1,6,62.1910
0.05,2,2,1200,2000,0.37,59,2540,75000,0.22,0.3,4.21,1,6,61.8870
0.05,2,3,1200,2000,0.37,59,1470,150000,0.35,0.1,4.21,1,6,62.8830
0.05,2,3,1200,2000,0.37,59,1470,150000,0.35,0.2,4.21,1,6,62.5650
0.05,2,3,1200,2000,0.37,59,1470,150000,0.35,0.3,4.21,1,6,62.1450
0.05,2,4,1200,2000,0.37,59,2530,85000,0.21,0.1,4.21,1,6,62.5420
0.05,2,4,1200,2000,0.37,59,2530,85000,0.21,0.2,4.21,1,6,61.6990
0.05,2,4,1200,2000,0.37,59,2530,85000,0.21,0.3,4.21,1,6,60.5750
0.1,2,1,1200,2000,0.37,59,1770,220000,0.2,0.1,5.95,1,6,61.7330
0.1,2,1,1200,2000,0.37,59,1770,220000,0.2,0.2,5.95,1,6,61.7630
0.1,2,1,1200,2000,0.37,59,1770,220000,0.2,0.3,5.95,1,6,60.8470
0.1,2,2,1200,2000,0.37,59,2540,75000,0.22,0.1,5.95,1,6,61.5170
0.1,2,2,1200,2000,0.37,59,2540,75000,0.22,0.2,5.95,1,6,61.5150
0.1,2,2,1200,2000,0.37,59,2540,75000,0.22,0.3,5.95,1,6,60.3650
0.1,2,3,1200,2000,0.37,59,1470,150000,0.35,0.1,5.95,1,6,61.7620
0.1,2,3,1200,2000,0.37,59,1470,150000,0.35,0.2,5.95,1,6,61.1150
0.1,2,3,1200,2000,0.37,59,1470,150000,0.35,0.3,5.95,1,6,61.6950
0.1,2,4,1200,2000,0.37,59,2530,85000,0.21,0.1,5.95,1,6,61.5450
0.1,2,4,1200,2000,0.37,59,2530,85000,0.21,0.2,5.95,1,6,61.5590
0.1,2,4,1200,2000,0.37,59,2530,85000,0.21,0.3,5.95,1,6,60.4470
0.15,2,1,1200,2000,0.37,59,1770,220000,0.2,0.1,7.29,1,6,60.3150
0.15,2,1,1200,2000,0.37,59,1770,220000,0.2,0.2,7.29,1,6,60.1890
0.15,2,1,1200,2000,0.37,59,1770,220000,0.2,0.3,7.29,1,6,60.3550
0.15,2,2,1200,2000,0.37,59,2540,75000,0.22,0.1,7.29,1,6,60.3170
0.15,2,2,1200,2000,0.37,59,2540,75000,0.22,0.2,7.29,1,6,59.6550
0.15,2,2,1200,2000,0.37,59,2540,75000,0.22,0.3,7.29,1,6,60.5030
0.15,2,3,1200,2000,0.37,59,1470,150000,0.35,0.1,7.29,1,6,60.3460
0.15,2,3,1200,2000,0.37,59,1470,150000,0.35,0.2,7.29,1,6,59.8080
0.15,2,3,1200,2000,0.37,59,1470,150000,0.35,0.3,7.29,1,6,60.4420
0.15,2,4,1200,2000,0.37,59,2530,85000,0.21,0.1,7.29,1,6,60.3250
0.15,2,4,1200,2000,0.37,59,2530,85000,0.21,0.2,7.29,1,6,60.0820
0.15,2,4,1200,2000,0.37,59,2530,85000,0.21,0.3,7.29,1,6,60.4850
0.2,2,1,1200,2000,0.37,59,1770,220000,0.2,0.1,8.4,1,6,61.3550
0.2,2,1,1200,2000,0.37,59,1770,220000,0.2,0.2,8.4,1,6,61.4520
0.2,2,1,1200,2000,0.37,59,1770,220000,0.2,0.3,8.4,1,6,60.2480
0.2,2,2,1200,2000,0.37,59,2540,75000,0.22,0.1,8.4,1,6,61.3470
0.2,2,2,1200,2000,0.37,59,2540,75000,0.22,0.2,8.4,1,6,61.3520
0.2,2,2,1200,2000,0.37,59,2540,75000,0.22,0.3,8.4,1,6,60.5090
0.2,2,3,1200,2000,0.37,59,1470,150000,0.35,0.1,8.4,1,6,61.3650
0.2,2,3,1200,2000,0.37,59,1470,150000,0.35,0.2,8.4,1,6,61.4000
0.2,2,3,1200,2000,0.37,59,1470,150000,0.35,0.3,8.4,1,6,60.3270
0.2,2,4,1200,2000,0.37,59,2530,85000,0.21,0.1,8.4,1,6,61.3450
0.2,2,4,1200,2000,0.37,59,2530,85000,0.21,0.2,8.4,1,6,61.4620
0.2,2,4,1200,2000,0.37,59,2530,85000,0.21,0.3,8.4,1,6,60.4450
0.25,2,1,1200,2000,0.37,59,1770,220000,0.2,0.1,9.41,1,6,65.0750
0.25,2,1,1200,2000,0.37,59,1770,220000,0.2,0.2,9.41,1,6,64.9650
0.25,2,1,1200,2000,0.37,59,1770,220000,0.2,0.3,9.41,1,6,63.8150
0.25,2,2,1200,2000,0.37,59,2540,75000,0.22,0.1,9.41,1,6,65.0150
0.25,2,2,1200,2000,0.37,59,2540,75000,0.22,0.2,9.41,1,6,65.0100
0.25,2,2,1200,2000,0.37,59,2540,75000,0.22,0.3,9.41,1,6,63.8090
0.25,2,3,1200,2000,0.37,59,1470,150000,0.35,0.1,9.41,1,6,65.0350
0.25,2,3,1200,2000,0.37,59,1470,150000,0.35,0.2,9.41,1,6,64.9820
0.25,2,3,1200,2000,0.37,59,1470,150000,0.35,0.3,9.41,1,6,62.4650
0.25,2,4,1200,2000,0.37,59,2530,85000,0.21,0.1,9.41,1,6,65.0120
0.25,2,4,1200,2000,0.37,59,2530,85000,0.21,0.2,9.41,1,6,65.0080
0.25,2,4,1200,2000,0.37,59,2530,85000,0.21,0.3,9.41,1,6,63.8000
0.3,2,1,1200,2000,0.37,59,1770,220000,0.2,0.1,10.3,1,6,65.4080
0.3,2,1,1200,2000,0.37,59,1770,220000,0.2,0.2,10.3,1,6,65.3420
0.3,2,1,1200,2000,0.37,59,1770,220000,0.2,0.3,10.3,1,6,65.0670
0.3,2,2,1200,2000,0.37,59,2540,75000,0.22,0.1,10.3,1,6,65.3630
0.3,2,2,1200,2000,0.37,59,2540,75000,0.22,0.2,10.3,1,6,65.2450
0.3,2,2,1200,2000,0.37,59,2540,75000,0.22,0.3,10.3,1,6,64.8280
0.3,2,3,1200,2000,0.37,59,1470,150000,0.35,0.1,10.3,1,6,65.3750
0.3,2,3,1200,2000,0.37,59,1470,150000,0.35,0.2,10.3,1,6,65.2850
0.3,2,3,1200,2000,0.37,59,1470,150000,0.35,0.3,10.3,1,6,64.2450
0.3,2,4,1200,2000,0.37,59,2530,85000,0.21,0.1,10.3,1,6,65.3850
0.3,2,4,1200,2000,0.37,59,2530,85000,0.21,0.2,10.3,1,6,65.2620
0.3,2,4,1200,2000,0.37,59,2530,85000,0.21,0.3,10.3,1,6,64.8580
0.35,2,1,1200,2000,0.37,59,1770,220000,0.2,0.1,11.13,1,6,71.6250
0.35,2,1,1200,2000,0.37,59,1770,220000,0.2,0.2,11.13,1,6,71.5000
0.35,2,1,1200,2000,0.37,59,1770,220000,0.2,0.3,11.13,1,6,71.5250
0.35,2,2,1200,2000,0.37,59,2540,75000,0.22,0.1,11.13,1,6,71.4680
0.35,2,2,1200,2000,0.37,59,2540,75000,0.22,0.2,11.13,1,6,71.1520
0.35,2,2,1200,2000,0.37,59,2540,75000,0.22,0.3,11.13,1,6,70.9520
0.35,2,3,1200,2000,0.37,59,1470,150000,0.35,0.1,11.13,1,6,71.5350
0.35,2,3,1200,2000,0.37,59,1470,150000,0.35,0.2,11.13,1,6,71.3450
0.35,2,3,1200,2000,0.37,59,1470,150000,0.35,0.3,11.13,1,6,71.0040
0.35,2,4,1200,2000,0.37,59,2530,85000,0.21,0.1,11.13,1,6,71.4950
0.35,2,4,1200,2000,0.37,59,2530,85000,0.21,0.2,11.13,1,6,70.7150
0.35,2,4,1200,2000,0.37,59,2530,85000,0.21,0.3,11.13,1,6,70.7000
0.4,2,1,1200,2000,0.37,59,1770,220000,0.2,0.1,11.9,1,6,76.0520
0.4,2,1,1200,2000,0.37,59,1770,220000,0.2,0.2,11.9,1,6,76.0990
0.4,2,1,1200,2000,0.37,59,1770,220000,0.2,0.3,11.9,1,6,76.1650
0.4,2,2,1200,2000,0.37,59,2540,75000,0.22,0.1,11.9,1,6,75.7650
0.4,2,2,1200,2000,0.37,59,2540,75000,0.22,0.2,11.9,1,6,75.6750
0.4,2,2,1200,2000,0.37,59,2540,75000,0.22,0.3,11.9,1,6,75.8870
0.4,2,3,1200,2000,0.37,59,1470,150000,0.35,0.1,11.9,1,6,75.8990
0.4,2,3,1200,2000,0.37,59,1470,150000,0.35,0.2,11.9,1,6,75.9120
0.4,2,3,1200,2000,0.37,59,1470,150000,0.35,0.3,11.9,1,6,76.1050
0.4,2,4,1200,2000,0.37,59,2530,85000,0.21,0.1,11.9,1,6,75.8070
0.4,2,4,1200,2000,0.37,59,2530,85000,0.21,0.2,11.9,1,6,75.7650
0.4,2,4,1200,2000,0.37,59,2530,85000,0.21,0.3,11.9,1,6,75.9650
0.45,2,1,1200,2000,0.37,59,1770,220000,0.2,0.1,12.62,1,6,80.2280
0.45,2,1,1200,2000,0.37,59,1770,220000,0.2,0.2,12.62,1,6,79.5850
0.45,2,1,1200,2000,0.37,59,1770,220000,0.2,0.3,12.62,1,6,79.5650
0.45,2,2,1200,2000,0.37,59,2540,75000,0.22,0.1,12.62,1,6,80.1450
0.45,2,2,1200,2000,0.37,59,2540,75000,0.22,0.2,12.62,1,6,80.0650
0.45,2,2,1200,2000,0.37,59,2540,75000,0.22,0.3,12.62,1,6,80.0000
0.45,2,3,1200,2000,0.37,59,1470,150000,0.35,0.1,12.62,1,6,80.3330
0.45,2,3,1200,2000,0.37,59,1470,150000,0.35,0.2,12.62,1,6,80.0850
0.45,2,3,1200,2000,0.37,59,1470,150000,0.35,0.3,12.62,1,6,79.6280
0.45,2,4,1200,2000,0.37,59,2530,85000,0.21,0.1,12.62,1,6,80.2110
0.45,2,4,1200,2000,0.37,59,2530,85000,0.21,0.2,12.62,1,6,80.1000
0.45,2,4,1200,2000,0.37,59,2530,85000,0.21,0.3,12.62,1,6,79.9650
0.5,2,1,1200,2000,0.37,59,1770,220000,0.2,0.1,13.3,1,6,79.4000
0.5,2,1,1200,2000,0.37,59,1770,220000,0.2,0.2,13.3,1,6,79.4680
0.5,2,1,1200,2000,0.37,59,1770,220000,0.2,0.3,13.3,1,6,76.8470
0.5,2,2,1200,2000,0.37,59,2540,75000,0.22,0.1,13.3,1,6,79.1990
0.5,2,2,1200,2000,0.37,59,2540,75000,0.22,0.2,13.3,1,6,78.5950
0.5,2,2,1200,2000,0.37,59,2540,75000,0.22,0.3,13.3,1,6,76.7150
0.5,2,3,1200,2000,0.37,59,1470,150000,0.35,0.1,13.3,1,6,79.2850
0.5,2,3,1200,2000,0.37,59,1470,150000,0.35,0.2,13.3,1,6,79.1000
0.5,2,3,1200,2000,0.37,59,1470,150000,0.35,0.3,13.3,1,6,76.6350
0.5,2,4,1200,2000,0.37,59,2530,85000,0.21,0.1,13.3,1,6,79.2550
0.5,2,4,1200,2000,0.37,59,2530,85000,0.21,0.2,13.3,1,6,78.7330
0.5,2,4,1200,2000,0.37,59,2530,85000,0.21,0.3,13.3,1,6,76.6850
0.05,2,1,1200,2000,0.37,59,1770,220000,0.2,0.1,10.98,2,6,57.5400
0.05,2,2,1200,2000,0.37,59,2540,75000,0.22,0.1,10.98,2,6,57.7750
0.05,2,3,1200,2000,0.37,59,1470,150000,0.35,0.1,10.98,2,6,57.6050
0.05,2,4,1200,2000,0.37,59,2530,85000,0.21,0.1,10.98,2,6,57.7050
0.1,2,1,1200,2000,0.37,59,1770,220000,0.2,0.1,13.85,2,6,53.4330
0.1,2,2,1200,2000,0.37,59,2540,75000,0.22,0.1,13.85,2,6,54.1250
0.1,2,3,1200,2000,0.37,59,1470,150000,0.35,0.1,13.85,2,6,53.6150
0.1,2,4,1200,2000,0.37,59,2530,85000,0.21,0.1,13.85,2,6,54.0000
0.15,2,1,1200,2000,0.37,59,1770,220000,0.2,0.1,15.84,2,6,51.5100
0.15,2,2,1200,2000,0.37,59,2540,75000,0.22,0.1,15.84,2,6,52.1950
0.15,2,3,1200,2000,0.37,59,1470,150000,0.35,0.1,15.84,2,6,51.6950
0.15,2,4,1200,2000,0.37,59,2530,85000,0.21,0.1,15.84,2,6,52.0330
0.2,2,1,1200,2000,0.37,59,1770,220000,0.2,0.1,17.44,2,6,53.1500
0.2,2,2,1200,2000,0.37,59,2540,75000,0.22,0.1,17.44,2,6,53.7000
0.2,2,3,1200,2000,0.37,59,1470,150000,0.35,0.1,17.44,2,6,53.2600
0.2,2,4,1200,2000,0.37,59,2530,85000,0.21,0.1,17.44,2,6,53.5660
0.25,2,1,1200,2000,0.37,59,1770,220000,0.2,0.1,18.79,2,6,52.4450
0.25,2,2,1200,2000,0.37,59,2540,75000,0.22,0.1,18.79,2,6,53.2950
0.25,2,3,1200,2000,0.37,59,1470,150000,0.35,0.1,18.79,2,6,52.6600
0.25,2,4,1200,2000,0.37,59,2530,85000,0.21,0.1,18.79,2,6,53.1500
0.3,2,1,1200,2000,0.37,59,1770,220000,0.2,0.1,19.96,2,6,57.0600
0.3,2,2,1200,2000,0.37,59,2540,75000,0.22,0.1,19.96,2,6,57.9330
0.3,2,3,1200,2000,0.37,59,1470,150000,0.35,0.1,19.96,2,6,57.3850
0.3,2,4,1200,2000,0.37,59,2530,85000,0.21,0.1,19.96,2,6,57.8100
0.35,2,1,1200,2000,0.37,59,1770,220000,0.2,0.1,21.02,2,6,55.8750
0.35,2,2,1200,2000,0.37,59,2540,75000,0.22,0.1,21.02,2,6,56.8100
0.35,2,3,1200,2000,0.37,59,1470,150000,0.35,0.1,21.02,2,6,56.1050
0.35,2,4,1200,2000,0.37,59,2530,85000,0.21,0.1,21.02,2,6,56.6750
0.4,2,1,1200,2000,0.37,59,1770,220000,0.2,0.1,21.98,2,6,57.9900
0.4,2,2,1200,2000,0.37,59,2540,75000,0.22,0.1,21.98,2,6,58.9330
0.4,2,3,1200,2000,0.37,59,1470,150000,0.35,0.1,21.98,2,6,58.3950
0.4,2,4,1200,2000,0.37,59,2530,85000,0.21,0.1,21.98,2,6,59.0250
0.45,2,1,1200,2000,0.37,59,1770,220000,0.2,0.1,22.86,2,6,63.6950
0.45,2,2,1200,2000,0.37,59,2540,75000,0.22,0.1,22.86,2,6,64.6150
0.45,2,3,1200,2000,0.37,59,1470,150000,0.35,0.1,22.86,2,6,63.8660
0.45,2,4,1200,2000,0.37,59,2530,85000,0.21,0.1,22.86,2,6,64.5000
0.5,2,1,1200,2000,0.37,59,1770,220000,0.2,0.1,23.67,2,6,77.8400
0.5,2,2,1200,2000,0.37,59,2540,75000,0.22,0.1,23.67,2,6,74.7400
0.5,2,3,1200,2000,0.37,59,1470,150000,0.35,0.1,23.67,2,6,76.3000
0.5,2,4,1200,2000,0.37,59,2530,85000,0.21,0.1,23.67,2,6,74.9000
0.05,3,1,1180,2070,0.36,58.31,1770,220000,0.2,0.1,4.21,1,6,62.4250
0.05,3,1,1180,2070,0.36,58.31,1770,220000,0.2,0.2,4.21,1,6,61.6850
0.05,3,1,1180,2070,0.36,58.31,1770,220000,0.2,0.3,4.21,1,6,59.9480
0.05,3,2,1180,2070,0.36,58.31,2540,75000,0.22,0.1,4.21,1,6,61.8250
0.05,3,2,1180,2070,0.36,58.31,2540,75000,0.22,0.2,4.21,1,6,60.9670
0.05,3,2,1180,2070,0.36,58.31,2540,75000,0.22,0.3,4.21,1,6,59.3000
0.05,3,3,1180,2070,0.36,58.31,1470,150000,0.35,0.1,4.21,1,6,62.2850
0.05,3,3,1180,2070,0.36,58.31,1470,150000,0.35,0.2,4.21,1,6,61.4920
0.05,3,3,1180,2070,0.36,58.31,1470,150000,0.35,0.3,4.21,1,6,59.7750
0.05,3,4,1180,2070,0.36,58.31,2530,85000,0.21,0.1,4.21,1,6,61.9120
0.05,3,4,1180,2070,0.36,58.31,2530,85000,0.21,0.2,4.21,1,6,61.0850
0.05,3,4,1180,2070,0.36,58.31,2530,85000,0.21,0.3,4.21,1,6,59.4000
0.1,3,1,1180,2070,0.36,58.31,1770,220000,0.2,0.1,5.95,1,6,61.1100
0.1,3,1,1180,2070,0.36,58.31,1770,220000,0.2,0.2,5.95,1,6,61.0450
0.1,3,1,1180,2070,0.36,58.31,1770,220000,0.2,0.3,5.95,1,6,60.7450
0.1,3,2,1180,2070,0.36,58.31,2540,75000,0.22,0.1,5.95,1,6,60.9080
0.1,3,2,1180,2070,0.36,58.31,2540,75000,0.22,0.2,5.95,1,6,60.9180
0.1,3,2,1180,2070,0.36,58.31,2540,75000,0.22,0.3,5.95,1,6,60.2850
0.1,3,3,1180,2070,0.36,58.31,1470,150000,0.35,0.1,5.95,1,6,61.0850
0.1,3,3,1180,2070,0.36,58.31,1470,150000,0.35,0.2,5.95,1,6,61.0550
0.1,3,3,1180,2070,0.36,58.31,1470,150000,0.35,0.3,5.95,1,6,60.6150
0.1,3,4,1180,2070,0.36,58.31,2530,85000,0.21,0.1,5.95,1,6,60.9450
0.1,3,4,1180,2070,0.36,58.31,2530,85000,0.21,0.2,5.95,1,6,60.9480
0.1,3,4,1180,2070,0.36,58.31,2530,85000,0.21,0.3,5.95,1,6,60.3650
0.15,3,1,1180,2070,0.36,58.31,1770,220000,0.2,0.1,7.29,1,6,59.7650
0.15,3,1,1180,2070,0.36,58.31,1770,220000,0.2,0.2,7.29,1,6,59.6120
0.15,3,1,1180,2070,0.36,58.31,1770,220000,0.2,0.3,7.29,1,6,59.3450
0.15,3,2,1180,2070,0.36,58.31,2540,75000,0.22,0.1,7.29,1,6,59.7150
0.15,3,2,1180,2070,0.36,58.31,2540,75000,0.22,0.2,7.29,1,6,59.4000
0.15,3,2,1180,2070,0.36,58.31,2540,75000,0.22,0.3,7.29,1,6,59.6330
0.15,3,3,1180,2070,0.36,58.31,1470,150000,0.35,0.1,7.29,1,6,59.7550
0.15,3,3,1180,2070,0.36,58.31,1470,150000,0.35,0.2,7.29,1,6,59.7750
0.15,3,3,1180,2070,0.36,58.31,1470,150000,0.35,0.3,7.29,1,6,59.4680
0.15,3,4,1180,2070,0.36,58.31,2530,85000,0.21,0.1,7.29,1,6,59.7250
0.15,3,4,1180,2070,0.36,58.31,2530,85000,0.21,0.2,7.29,1,6,59.6950
0.15,3,4,1180,2070,0.36,58.31,2530,85000,0.21,0.3,7.29,1,6,59.5850
0.2,3,1,1180,2070,0.36,58.31,1770,220000,0.2,0.1,8.4,1,6,60.6650
0.2,3,1,1180,2070,0.36,58.31,1770,220000,0.2,0.2,8.4,1,6,60.6750
0.2,3,1,1180,2070,0.36,58.31,1770,220000,0.2,0.3,8.4,1,6,59.4950
0.2,3,2,1180,2070,0.36,58.31,2540,75000,0.22,0.1,8.4,1,6,60.7090
0.2,3,2,1180,2070,0.36,58.31,2540,75000,0.22,0.2,8.4,1,6,60.7550
0.2,3,2,1180,2070,0.36,58.31,2540,75000,0.22,0.3,8.4,1,6,58.0250
0.2,3,3,1180,2070,0.36,58.31,1470,150000,0.35,0.1,8.4,1,6,60.6850
0.2,3,3,1180,2070,0.36,58.31,1470,150000,0.35,0.2,8.4,1,6,60.7150
0.2,3,3,1180,2070,0.36,58.31,1470,150000,0.35,0.3,8.4,1,6,58.0650
0.2,3,4,1180,2070,0.36,58.31,2530,85000,0.21,0.1,8.4,1,6,60.7050
0.2,3,4,1180,2070,0.36,58.31,2530,85000,0.21,0.2,8.4,1,6,60.7450
0.2,3,4,1180,2070,0.36,58.31,2530,85000,0.21,0.3,8.4,1,6,58.0150
0.25,3,1,1180,2070,0.36,58.31,1770,220000,0.2,0.1,9.41,1,6,64.2500
0.25,3,1,1180,2070,0.36,58.31,1770,220000,0.2,0.2,9.41,1,6,64.0120
0.25,3,1,1180,2070,0.36,58.31,1770,220000,0.2,0.3,9.41,1,6,62.0750
0.25,3,2,1180,2070,0.36,58.31,2540,75000,0.22,0.1,9.41,1,6,64.1400
0.25,3,2,1180,2070,0.36,58.31,2540,75000,0.22,0.2,9.41,1,6,64.0120
0.25,3,2,1180,2070,0.36,58.31,2540,75000,0.22,0.3,9.41,1,6,61.7000
0.25,3,3,1180,2070,0.36,58.31,1470,150000,0.35,0.1,9.41,1,6,64.2000
0.25,3,3,1180,2070,0.36,58.31,1470,150000,0.35,0.2,9.41,1,6,64.0000
0.25,3,3,1180,2070,0.36,58.31,1470,150000,0.35,0.3,9.41,1,6,61.9330
0.25,3,4,1180,2070,0.36,58.31,2530,85000,0.21,0.1,9.41,1,6,64.1500
0.25,3,4,1180,2070,0.36,58.31,2530,85000,0.21,0.2,9.41,1,6,64.1000
0.25,3,4,1180,2070,0.36,58.31,2530,85000,0.21,0.3,9.41,1,6,61.7650
0.3,3,1,1180,2070,0.36,58.31,1770,220000,0.2,0.1,10.3,1,6,64.5600
0.3,3,1,1180,2070,0.36,58.31,1770,220000,0.2,0.2,10.3,1,6,64.0180
0.3,3,1,1180,2070,0.36,58.31,1770,220000,0.2,0.3,10.3,1,6,63.9300
0.3,3,2,1180,2070,0.36,58.31,2540,75000,0.22,0.1,10.3,1,6,64.5600
0.3,3,2,1180,2070,0.36,58.31,2540,75000,0.22,0.2,10.3,1,6,63.7850
0.3,3,2,1180,2070,0.36,58.31,2540,75000,0.22,0.3,10.3,1,6,63.5000
0.3,3,3,1180,2070,0.36,58.31,1470,150000,0.35,0.1,10.3,1,6,64.5400
0.3,3,3,1180,2070,0.36,58.31,1470,150000,0.35,0.2,10.3,1,6,64.5330
0.3,3,3,1180,2070,0.36,58.31,1470,150000,0.35,0.3,10.3,1,6,63.7850
0.3,3,4,1180,2070,0.36,58.31,2530,85000,0.21,0.1,10.3,1,6,64.5080
0.3,3,4,1180,2070,0.36,58.31,2530,85000,0.21,0.2,10.3,1,6,64.4850
0.3,3,4,1180,2070,0.36,58.31,2530,85000,0.21,0.3,10.3,1,6,63.5850
0.35,3,1,1180,2070,0.36,58.31,1770,220000,0.2,0.1,11.13,1,6,70.4080
0.35,3,1,1180,2070,0.36,58.31,1770,220000,0.2,0.2,11.13,1,6,70.1850
0.35,3,1,1180,2070,0.36,58.31,1770,220000,0.2,0.3,11.13,1,6,70.3500
0.35,3,2,1180,2070,0.36,58.31,2540,75000,0.22,0.1,11.13,1,6,70.2370
0.35,3,2,1180,2070,0.36,58.31,2540,75000,0.22,0.2,11.13,1,6,69.6850
0.35,3,2,1180,2070,0.36,58.31,2540,75000,0.22,0.3,11.13,1,6,69.7500
0.35,3,3,1180,2070,0.36,58.31,1470,150000,0.35,0.1,11.13,1,6,70.3120
0.35,3,3,1180,2070,0.36,58.31,1470,150000,0.35,0.2,11.13,1,6,69.9900
0.35,3,3,1180,2070,0.36,58.31,1470,150000,0.35,0.3,11.13,1,6,70.1350
0.35,3,4,1180,2070,0.36,58.31,2530,85000,0.21,0.1,11.13,1,6,70.2700
0.35,3,4,1180,2070,0.36,58.31,2530,85000,0.21,0.2,11.13,1,6,69.7850
0.35,3,4,1180,2070,0.36,58.31,2530,85000,0.21,0.3,11.13,1,6,69.8750
0.4,3,1,1180,2070,0.36,58.31,1770,220000,0.2,0.1,11.9,1,6,74.5500
0.4,3,1,1180,2070,0.36,58.31,1770,220000,0.2,0.2,11.9,1,6,74.5600
0.4,3,1,1180,2070,0.36,58.31,1770,220000,0.2,0.3,11.9,1,6,74.6150
0.4,3,2,1180,2070,0.36,58.31,2540,75000,0.22,0.1,11.9,1,6,74.2850
0.4,3,2,1180,2070,0.36,58.31,2540,75000,0.22,0.2,11.9,1,6,74.2600
0.4,3,2,1180,2070,0.36,58.31,2540,75000,0.22,0.3,11.9,1,6,74.4400
0.4,3,3,1180,2070,0.36,58.31,1470,150000,0.35,0.1,11.9,1,6,74.4000
0.4,3,3,1180,2070,0.36,58.31,1470,150000,0.35,0.2,11.9,1,6,74.4150
0.4,3,3,1180,2070,0.36,58.31,1470,150000,0.35,0.3,11.9,1,6,74.5330
0.4,3,4,1180,2070,0.36,58.31,2530,85000,0.21,0.1,11.9,1,6,74.3330
0.4,3,4,1180,2070,0.36,58.31,2530,85000,0.21,0.2,11.9,1,6,74.3330
0.4,3,4,1180,2070,0.36,58.31,2530,85000,0.21,0.3,11.9,1,6,74.5050
0.45,3,1,1180,2070,0.36,58.31,1770,220000,0.2,0.1,12.62,1,6,78.8450
0.45,3,1,1180,2070,0.36,58.31,1770,220000,0.2,0.2,12.62,1,6,78.5750
0.45,3,1,1180,2070,0.36,58.31,1770,220000,0.2,0.3,12.62,1,6,77.6050
0.45,3,2,1180,2070,0.36,58.31,2540,75000,0.22,0.1,12.62,1,6,78.5000
0.45,3,2,1180,2070,0.36,58.31,2540,75000,0.22,0.2,12.62,1,6,78.3150
0.45,3,2,1180,2070,0.36,58.31,2540,75000,0.22,0.3,12.62,1,6,78.0000
0.45,3,3,1180,2070,0.36,58.31,1470,150000,0.35,0.1,12.62,1,6,78.6600
0.45,3,3,1180,2070,0.36,58.31,1470,150000,0.35,0.2,12.62,1,6,78.3950
0.45,3,3,1180,2070,0.36,58.31,1470,150000,0.35,0.3,12.62,1,6,77.6280
0.45,3,4,1180,2070,0.36,58.31,2530,85000,0.21,0.1,12.62,1,6,78.2950
0.45,3,4,1180,2070,0.36,58.31,2530,85000,0.21,0.2,12.62,1,6,77.3670
0.45,3,4,1180,2070,0.36,58.31,2530,85000,0.21,0.3,12.62,1,6,77.9400
0.5,3,1,1180,2070,0.36,58.31,1770,220000,0.2,0.1,13.3,1,6,77.7330
0.5,3,1,1180,2070,0.36,58.31,1770,220000,0.2,0.2,13.3,1,6,78.1500
0.5,3,1,1180,2070,0.36,58.31,1770,220000,0.2,0.3,13.3,1,6,75.6450
0.5,3,2,1180,2070,0.36,58.31,2540,75000,0.22,0.1,13.3,1,6,77.6050
0.5,3,2,1180,2070,0.36,58.31,2540,75000,0.22,0.2,13.3,1,6,77.2670
0.5,3,2,1180,2070,0.36,58.31,2540,75000,0.22,0.3,13.3,1,6,75.1050
0.5,3,3,1180,2070,0.36,58.31,1470,150000,0.35,0.1,13.3,1,6,77.6120
0.5,3,3,1180,2070,0.36,58.31,1470,150000,0.35,0.2,13.3,1,6,77.8000
0.5,3,3,1180,2070,0.36,58.31,1470,150000,0.35,0.3,13.3,1,6,75.3250
0.5,3,4,1180,2070,0.36,58.31,2530,85000,0.21,0.1,13.3,1,6,77.6050
0.5,3,4,1180,2070,0.36,58.31,2530,85000,0.21,0.2,13.3,1,6,76.6850
0.5,3,4,1180,2070,0.36,58.31,2530,85000,0.21,0.3,13.3,1,6,72.4050
0.05,3,1,1180,2070,0.36,58.31,1770,220000,0.2,0.1,10.98,2,6,57.0330
0.05,3,2,1180,2070,0.36,58.31,2540,75000,0.22,0.1,10.98,2,6,57.2900
0.05,3,3,1180,2070,0.36,58.31,1470,150000,0.35,0.1,10.98,2,6,57.1050
0.05,3,4,1180,2070,0.36,58.31,2530,85000,0.21,0.1,10.98,2,6,57.2450
0.1,3,1,1180,2070,0.36,58.31,1770,220000,0.2,0.1,13.85,2,6,53.2330
0.1,3,2,1180,2070,0.36,58.31,2540,75000,0.22,0.1,13.85,2,6,53.8400
0.1,3,3,1180,2070,0.36,58.31,1470,150000,0.35,0.1,13.85,2,6,53.4000
0.1,3,4,1180,2070,0.36,58.31,2530,85000,0.21,0.1,13.85,2,6,53.7150
0.15,3,1,1180,2070,0.36,58.31,1770,220000,0.2,0.1,15.84,2,6,51.3150
0.15,3,2,1180,2070,0.36,58.31,2540,75000,0.22,0.1,15.84,2,6,51.9850
0.15,3,3,1180,2070,0.36,58.31,1470,150000,0.35,0.1,15.84,2,6,51.5000
0.15,3,4,1180,2070,0.36,58.31,2530,85000,0.21,0.1,15.84,2,6,51.8750
0.2,3,1,1180,2070,0.36,58.31,1770,220000,0.2,0.1,17.44,2,6,52.9000
0.2,3,2,1180,2070,0.36,58.31,2540,75000,0.22,0.1,17.44,2,6,53.4330
0.2,3,3,1180,2070,0.36,58.31,1470,150000,0.35,0.1,17.44,2,6,53.0000
0.2,3,4,1180,2070,0.36,58.31,2530,85000,0.21,0.1,17.44,2,6,53.3150
0.25,3,1,1180,2070,0.36,58.31,1770,220000,0.2,0.1,18.79,2,6,52.1900
0.25,3,2,1180,2070,0.36,58.31,2540,75000,0.22,0.1,18.79,2,6,53.0450
0.25,3,3,1180,2070,0.36,58.31,1470,150000,0.35,0.1,18.79,2,6,52.4050
0.25,3,4,1180,2070,0.36,58.31,2530,85000,0.21,0.1,18.79,2,6,52.9050
0.3,3,1,1180,2070,0.36,58.31,1770,220000,0.2,0.1,19.96,2,6,56.6450
0.3,3,2,1180,2070,0.36,58.31,2540,75000,0.22,0.1,19.96,2,6,57.3000
0.3,3,3,1180,2070,0.36,58.31,1470,150000,0.35,0.1,19.96,2,6,56.9330
0.3,3,4,1180,2070,0.36,58.31,2530,85000,0.21,0.1,19.96,2,6,57.3660
0.35,3,1,1180,2070,0.36,58.31,1770,220000,0.2,0.1,21.02,2,6,55.4330
0.35,3,2,1180,2070,0.36,58.31,2540,75000,0.22,0.1,21.02,2,6,56.4000
0.35,3,3,1180,2070,0.36,58.31,1470,150000,0.35,0.1,21.02,2,6,55.6600
0.35,3,4,1180,2070,0.36,58.31,2530,85000,0.21,0.1,21.02,2,6,56.2500
0.4,3,1,1180,2070,0.36,58.31,1770,220000,0.2,0.1,21.98,2,6,57.4750
0.4,3,2,1180,2070,0.36,58.31,2540,75000,0.22,0.1,21.98,2,6,58.3660
0.4,3,3,1180,2070,0.36,58.31,1470,150000,0.35,0.1,21.98,2,6,57.8500
0.4,3,4,1180,2070,0.36,58.31,2530,85000,0.21,0.1,21.98,2,6,58.4850
0.45,3,1,1180,2070,0.36,58.31,1770,220000,0.2,0.1,22.86,2,6,63.0500
0.45,3,2,1180,2070,0.36,58.31,2540,75000,0.22,0.1,22.86,2,6,64.0000
0.45,3,3,1180,2070,0.36,58.31,1470,150000,0.35,0.1,22.86,2,6,63.1850
0.45,3,4,1180,2070,0.36,58.31,2530,85000,0.21,0.1,22.86,2,6,63.7950
0.5,3,1,1180,2070,0.36,58.31,1770,220000,0.2,0.1,23.67,2,6,76.6900
0.5,3,2,1180,2070,0.36,58.31,2540,75000,0.22,0.1,23.67,2,6,73.2900
0.5,3,3,1180,2070,0.36,58.31,1470,150000,0.35,0.1,23.67,2,6,75.5250
0.5,3,4,1180,2070,0.36,58.31,2530,85000,0.21,0.1,23.67,2,6,73.7850
0.05,4,1,931,1890,0.4,39.8,1770,220000,0.2,0.1,4.21,1,6,43.0750
0.05,4,1,931,1890,0.4,39.8,1770,220000,0.2,0.2,4.21,1,6,43.1900
0.05,4,1,931,1890,0.4,39.8,1770,220000,0.2,0.3,4.21,1,6,40.4900
0.05,4,2,931,1890,0.4,39.8,2540,75000,0.22,0.1,4.21,1,6,42.6150
0.05,4,2,931,1890,0.4,39.8,2540,75000,0.22,0.2,4.21,1,6,42.7900
0.05,4,2,931,1890,0.4,39.8,2540,75000,0.22,0.3,4.21,1,6,40.2900
0.05,4,3,931,1890,0.4,39.8,1470,150000,0.35,0.1,4.21,1,6,42.9400
0.05,4,3,931,1890,0.4,39.8,1470,150000,0.35,0.2,4.21,1,6,43.1000
0.05,4,3,931,1890,0.4,39.8,1470,150000,0.35,0.3,4.21,1,6,40.4400
0.05,4,4,931,1890,0.4,39.8,2530,85000,0.21,0.1,4.21,1,6,42.6950
0.05,4,4,931,1890,0.4,39.8,2530,85000,0.21,0.2,4.21,1,6,42.8550
0.05,4,4,931,1890,0.4,39.8,2530,85000,0.21,0.3,4.21,1,6,40.3150
0.1,4,1,931,1890,0.4,39.8,1770,220000,0.2,0.1,5.95,1,6,42.2150
0.1,4,1,931,1890,0.4,39.8,1770,220000,0.2,0.2,5.95,1,6,41.9330
0.1,4,1,931,1890,0.4,39.8,1770,220000,0.2,0.3,5.95,1,6,41.1050
0.1,4,2,931,1890,0.4,39.8,2540,75000,0.22,0.1,5.95,1,6,42.1550
0.1,4,2,931,1890,0.4,39.8,2540,75000,0.22,0.2,5.95,1,6,41.8500
0.1,4,2,931,1890,0.4,39.8,2540,75000,0.22,0.3,5.95,1,6,40.7100
0.1,4,3,931,1890,0.4,39.8,1470,150000,0.35,0.1,5.95,1,6,42.1900
0.1,4,3,931,1890,0.4,39.8,1470,150000,0.35,0.2,5.95,1,6,41.4330
0.1,4,3,931,1890,0.4,39.8,1470,150000,0.35,0.3,5.95,1,6,40.9880
0.1,4,4,931,1890,0.4,39.8,2530,85000,0.21,0.1,5.95,1,6,42.1850
0.1,4,4,931,1890,0.4,39.8,2530,85000,0.21,0.2,5.95,1,6,41.3600
0.1,4,4,931,1890,0.4,39.8,2530,85000,0.21,0.3,5.95,1,6,40.7850
0.15,4,1,931,1890,0.4,39.8,1770,220000,0.2,0.1,7.29,1,6,41.3950
0.15,4,1,931,1890,0.4,39.8,1770,220000,0.2,0.2,7.29,1,6,41.5500
0.15,4,1,931,1890,0.4,39.8,1770,220000,0.2,0.3,7.29,1,6,41.7400
0.15,4,2,931,1890,0.4,39.8,2540,75000,0.22,0.1,7.29,1,6,41.3600
0.15,4,2,931,1890,0.4,39.8,2540,75000,0.22,0.2,7.29,1,6,41.4330
0.15,4,2,931,1890,0.4,39.8,2540,75000,0.22,0.3,7.29,1,6,41.6180
0.15,4,3,931,1890,0.4,39.8,1470,150000,0.35,0.1,7.29,1,6,41.3910
0.15,4,3,931,1890,0.4,39.8,1470,150000,0.35,0.2,7.29,1,6,41.5150
0.15,4,3,931,1890,0.4,39.8,1470,150000,0.35,0.3,7.29,1,6,41.7120
0.15,4,4,931,1890,0.4,39.8,2530,85000,0.21,0.1,7.29,1,6,41.3710
0.15,4,4,931,1890,0.4,39.8,2530,85000,0.21,0.2,7.29,1,6,41.4610
0.15,4,4,931,1890,0.4,39.8,2530,85000,0.21,0.3,7.29,1,6,41.6550
0.2,4,1,931,1890,0.4,39.8,1770,220000,0.2,0.1,8.4,1,6,42.3000
0.2,4,1,931,1890,0.4,39.8,1770,220000,0.2,0.2,8.4,1,6,42.3330
0.2,4,1,931,1890,0.4,39.8,1770,220000,0.2,0.3,8.4,1,6,42.3700
0.2,4,2,931,1890,0.4,39.8,2540,75000,0.22,0.1,8.4,1,6,42.3330
0.2,4,2,931,1890,0.4,39.8,2540,75000,0.22,0.2,8.4,1,6,42.4500
0.2,4,2,931,1890,0.4,39.8,2540,75000,0.22,0.3,8.4,1,6,42.5660
0.2,4,3,931,1890,0.4,39.8,1470,150000,0.35,0.1,8.4,1,6,42.3120
0.2,4,3,931,1890,0.4,39.8,1470,150000,0.35,0.2,8.4,1,6,42.3870
0.2,4,3,931,1890,0.4,39.8,1470,150000,0.35,0.3,8.4,1,6,42.4600
0.2,4,4,931,1890,0.4,39.8,2530,85000,0.21,0.1,8.4,1,6,42.3150
0.2,4,4,931,1890,0.4,39.8,2530,85000,0.21,0.2,8.4,1,6,42.4280
0.2,4,4,931,1890,0.4,39.8,2530,85000,0.21,0.3,8.4,1,6,42.5400
0.25,4,1,931,1890,0.4,39.8,1770,220000,0.2,0.1,9.41,1,6,45.3050
0.25,4,1,931,1890,0.4,39.8,1770,220000,0.2,0.2,9.41,1,6,44.9660
0.25,4,1,931,1890,0.4,39.8,1770,220000,0.2,0.3,9.41,1,6,44.5300
0.25,4,2,931,1890,0.4,39.8,2540,75000,0.22,0.1,9.41,1,6,45.2450
0.25,4,2,931,1890,0.4,39.8,2540,75000,0.22,0.2,9.41,1,6,45.1000
0.25,4,2,931,1890,0.4,39.8,2540,75000,0.22,0.3,9.41,1,6,44.9670
0.25,4,3,931,1890,0.4,39.8,1470,150000,0.35,0.1,9.41,1,6,45.2850
0.25,4,3,931,1890,0.4,39.8,1470,150000,0.35,0.2,9.41,1,6,45.0000
0.25,4,3,931,1890,0.4,39.8,1470,150000,0.35,0.3,9.41,1,6,44.6930
0.25,4,4,931,1890,0.4,39.8,2530,85000,0.21,0.1,9.41,1,6,45.2500
0.25,4,4,931,1890,0.4,39.8,2530,85000,0.21,0.2,9.41,1,6,44.5050
0.25,4,4,931,1890,0.4,39.8,2530,85000,0.21,0.3,9.41,1,6,44.9000
0.3,4,1,931,1890,0.4,39.8,1770,220000,0.2,0.1,10.3,1,6,45.8600
0.3,4,1,931,1890,0.4,39.8,1770,220000,0.2,0.2,10.3,1,6,44.9120
0.3,4,1,931,1890,0.4,39.8,1770,220000,0.2,0.3,10.3,1,6,43.9660
0.3,4,2,931,1890,0.4,39.8,2540,75000,0.22,0.1,10.3,1,6,45.8050
0.3,4,2,931,1890,0.4,39.8,2540,75000,0.22,0.2,10.3,1,6,45.4600
0.3,4,2,931,1890,0.4,39.8,2540,75000,0.22,0.3,10.3,1,6,42.1500
0.3,4,3,931,1890,0.4,39.8,1470,150000,0.35,0.1,10.3,1,6,45.8400
0.3,4,3,931,1890,0.4,39.8,1470,150000,0.35,0.2,10.3,1,6,44.8500
0.3,4,3,931,1890,0.4,39.8,1470,150000,0.35,0.3,10.3,1,6,41.9660
0.3,4,4,931,1890,0.4,39.8,2530,85000,0.21,0.1,10.3,1,6,45.8090
0.3,4,4,931,1890,0.4,39.8,2530,85000,0.21,0.2,10.3,1,6,45.4660
0.3,4,4,931,1890,0.4,39.8,2530,85000,0.21,0.3,10.3,1,6,42.0950
0.35,4,1,931,1890,0.4,39.8,1770,220000,0.2,0.1,11.13,1,6,50.7080
0.35,4,1,931,1890,0.4,39.8,1770,220000,0.2,0.2,11.13,1,6,50.3050
0.35,4,1,931,1890,0.4,39.8,1770,220000,0.2,0.3,11.13,1,6,48.1600
0.35,4,2,931,1890,0.4,39.8,2540,75000,0.22,0.1,11.13,1,6,50.6550
0.35,4,2,931,1890,0.4,39.8,2540,75000,0.22,0.2,11.13,1,6,49.7330
0.35,4,2,931,1890,0.4,39.8,2540,75000,0.22,0.3,11.13,1,6,46.1500
0.35,4,3,931,1890,0.4,39.8,1470,150000,0.35,0.1,11.13,1,6,50.6920
0.35,4,3,931,1890,0.4,39.8,1470,150000,0.35,0.2,11.13,1,6,50.1000
0.35,4,3,931,1890,0.4,39.8,1470,150000,0.35,0.3,11.13,1,6,46.5050
0.35,4,4,931,1890,0.4,39.8,2530,85000,0.21,0.1,11.13,1,6,50.6660
0.35,4,4,931,1890,0.4,39.8,2530,85000,0.21,0.2,11.13,1,6,49.8330
0.35,4,4,931,1890,0.4,39.8,2530,85000,0.21,0.3,11.13,1,6,46.2150
0.4,4,1,931,1890,0.4,39.8,1770,220000,0.2,0.1,11.9,1,6,54.7500
0.4,4,1,931,1890,0.4,39.8,1770,220000,0.2,0.2,11.9,1,6,54.9660
0.4,4,1,931,1890,0.4,39.8,1770,220000,0.2,0.3,11.9,1,6,52.0660
0.4,4,2,931,1890,0.4,39.8,2540,75000,0.22,0.1,11.9,1,6,54.4000
0.4,4,2,931,1890,0.4,39.8,2540,75000,0.22,0.2,11.9,1,6,54.3150
0.4,4,2,931,1890,0.4,39.8,2540,75000,0.22,0.3,11.9,1,6,50.9500
0.4,4,3,931,1890,0.4,39.8,1470,150000,0.35,0.1,11.9,1,6,54.6020
0.4,4,3,931,1890,0.4,39.8,1470,150000,0.35,0.2,11.9,1,6,54.7400
0.4,4,3,931,1890,0.4,39.8,1470,150000,0.35,0.3,11.9,1,6,51.6800
0.4,4,4,931,1890,0.4,39.8,2530,85000,0.21,0.1,11.9,1,6,54.4600
0.4,4,4,931,1890,0.4,39.8,2530,85000,0.21,0.2,11.9,1,6,54.4400
0.4,4,4,931,1890,0.4,39.8,2530,85000,0.21,0.3,11.9,1,6,51.1400
0.45,4,1,931,1890,0.4,39.8,1770,220000,0.2,0.1,12.62,1,6,58.7000
0.45,4,1,931,1890,0.4,39.8,1770,220000,0.2,0.2,12.62,1,6,58.0450
0.45,4,1,931,1890,0.4,39.8,1770,220000,0.2,0.3,12.62,1,6,59.2070
0.45,4,2,931,1890,0.4,39.8,2540,75000,0.22,0.1,12.62,1,6,58.2400
0.45,4,2,931,1890,0.4,39.8,2540,75000,0.22,0.2,12.62,1,6,58.4830
0.45,4,2,931,1890,0.4,39.8,2540,75000,0.22,0.3,12.62,1,6,57.3050
0.45,4,3,931,1890,0.4,39.8,1470,150000,0.35,0.1,12.62,1,6,58.5150
0.45,4,3,931,1890,0.4,39.8,1470,150000,0.35,0.2,12.62,1,6,58.6050
0.45,4,3,931,1890,0.4,39.8,1470,150000,0.35,0.3,12.62,1,6,57.8920
0.45,4,4,931,1890,0.4,39.8,2530,85000,0.21,0.1,12.62,1,6,58.4030
0.45,4,4,931,1890,0.4,39.8,2530,85000,0.21,0.2,12.62,1,6,58.5330
0.45,4,4,931,1890,0.4,39.8,2530,85000,0.21,0.3,12.62,1,6,57.4850
0.5,4,1,931,1890,0.4,39.8,1770,220000,0.2,0.1,13.3,1,6,57.4900
0.5,4,1,931,1890,0.4,39.8,1770,220000,0.2,0.2,13.3,1,6,56.8050
0.5,4,1,931,1890,0.4,39.8,1770,220000,0.2,0.3,13.3,1,6,57.5600
0.5,4,2,931,1890,0.4,39.8,2540,75000,0.22,0.1,13.3,1,6,57.1750
0.5,4,2,931,1890,0.4,39.8,2540,75000,0.22,0.2,13.3,1,6,57.1950
0.5,4,2,931,1890,0.4,39.8,2540,75000,0.22,0.3,13.3,1,6,57.2850
0.5,4,3,931,1890,0.4,39.8,1470,150000,0.35,0.1,13.3,1,6,57.3850
0.5,4,3,931,1890,0.4,39.8,1470,150000,0.35,0.2,13.3,1,6,56.6660
0.5,4,3,931,1890,0.4,39.8,1470,150000,0.35,0.3,13.3,1,6,57.4500
0.5,4,4,931,1890,0.4,39.8,2530,85000,0.21,0.1,13.3,1,6,57.2100
0.5,4,4,931,1890,0.4,39.8,2530,85000,0.21,0.2,13.3,1,6,56.7330
0.5,4,4,931,1890,0.4,39.8,2530,85000,0.21,0.3,13.3,1,6,57.3550
0.05,4,1,931,1890,0.4,39.8,1770,220000,0.2,0.1,10.98,2,6,39.5330
0.05,4,2,931,1890,0.4,39.8,2540,75000,0.22,0.1,10.98,2,6,39.5900
0.05,4,3,931,1890,0.4,39.8,1470,150000,0.35,0.1,10.98,2,6,39.5280
0.05,4,4,931,1890,0.4,39.8,2530,85000,0.21,0.1,10.98,2,6,39.5700
0.1,4,1,931,1890,0.4,39.8,1770,220000,0.2,0.1,13.85,2,6,38.0250
0.1,4,2,931,1890,0.4,39.8,2540,75000,0.22,0.1,13.85,2,6,38.3080
0.1,4,3,931,1890,0.4,39.8,1470,150000,0.35,0.1,13.85,2,6,38.1050
0.1,4,4,931,1890,0.4,39.8,2530,85000,0.21,0.1,13.85,2,6,38.2250
0.15,4,1,931,1890,0.4,39.8,1770,220000,0.2,0.1,15.84,2,6,36.8150
0.15,4,2,931,1890,0.4,39.8,2540,75000,0.22,0.1,15.84,2,6,37.2000
0.15,4,3,931,1890,0.4,39.8,1470,150000,0.35,0.1,15.84,2,6,36.9250
0.15,4,4,931,1890,0.4,39.8,2530,85000,0.21,0.1,15.84,2,6,37.0500
0.2,4,1,931,1890,0.4,39.8,1770,220000,0.2,0.1,17.44,2,6,38.0660
0.2,4,2,931,1890,0.4,39.8,2540,75000,0.22,0.1,17.44,2,6,38.4330
0.2,4,3,931,1890,0.4,39.8,1470,150000,0.35,0.1,17.44,2,6,38.0250
0.2,4,4,931,1890,0.4,39.8,2530,85000,0.21,0.1,17.44,2,6,38.1850
0.25,4,1,931,1890,0.4,39.8,1770,220000,0.2,0.1,18.79,2,6,37.9900
0.25,4,2,931,1890,0.4,39.8,2540,75000,0.22,0.1,18.79,2,6,38.5330
0.25,4,3,931,1890,0.4,39.8,1470,150000,0.35,0.1,18.79,2,6,38.1330
0.25,4,4,931,1890,0.4,39.8,2530,85000,0.21,0.1,18.79,2,6,38.4450
0.3,4,1,931,1890,0.4,39.8,1770,220000,0.2,0.1,19.96,2,6,41.6500
0.3,4,2,931,1890,0.4,39.8,2540,75000,0.22,0.1,19.96,2,6,42.0450
0.3,4,3,931,1890,0.4,39.8,1470,150000,0.35,0.1,19.96,2,6,41.7600
0.3,4,4,931,1890,0.4,39.8,2530,85000,0.21,0.1,19.96,2,6,41.9750
0.35,4,1,931,1890,0.4,39.8,1770,220000,0.2,0.1,21.02,2,6,41.0150
0.35,4,2,931,1890,0.4,39.8,2540,75000,0.22,0.1,21.02,2,6,41.5100
0.35,4,3,931,1890,0.4,39.8,1470,150000,0.35,0.1,21.02,2,6,41.1450
0.35,4,4,931,1890,0.4,39.8,2530,85000,0.21,0.1,21.02,2,6,41.4350
0.4,4,1,931,1890,0.4,39.8,1770,220000,0.2,0.1,21.98,2,6,43.0450
0.4,4,2,931,1890,0.4,39.8,2540,75000,0.22,0.1,21.98,2,6,43.4500
0.4,4,3,931,1890,0.4,39.8,1470,150000,0.35,0.1,21.98,2,6,43.4150
0.4,4,4,931,1890,0.4,39.8,2530,85000,0.21,0.1,21.98,2,6,43.6850
0.45,4,1,931,1890,0.4,39.8,1770,220000,0.2,0.1,22.86,2,6,48.8330
0.45,4,2,931,1890,0.4,39.8,2540,75000,0.22,0.1,22.86,2,6,48.6500
0.45,4,3,931,1890,0.4,39.8,1470,150000,0.35,0.1,22.86,2,6,48.7700
0.45,4,4,931,1890,0.4,39.8,2530,85000,0.21,0.1,22.86,2,6,48.6850
0.5,4,1,931,1890,0.4,39.8,1770,220000,0.2,0.1,23.67,2,6,61.9950
0.5,4,2,931,1890,0.4,39.8,2540,75000,0.22,0.1,23.67,2,6,57.7000
0.5,4,3,931,1890,0.4,39.8,1470,150000,0.35,0.1,23.67,2,6,60.5750
0.5,4,4,931,1890,0.4,39.8,2530,85000,0.21,0.1,23.67,2,6,58.0450
