Volume Fraction,Matrix Type,Fibre Type,Matrix Elastic Modulus,Matrix Poisson Ratio,Fibre Density,Fibre Elastic Modulus,Fibre Poisson Ratio,Strain Rate,Fibre Shape,Composite Yield Strength
0.35614362,1.0,3.0,2662.557781,0.38,1470,150000,0.35,0.1,1.0,193.6245
0.24518506,3.0,3.0,2070.0,0.36,1470,150000,0.35,0.2,1.0,60.756706
0.29260504,2.0,1.0,2000.0,0.37,1770,220000,0.2,0.3,1.0,65.63401
0.47049543,1.0,4.0,2662.557781,0.38,2530,85000,0.21,0.2,1.0,193.60725
0.31747597,1.0,4.0,2662.557781,0.38,2530,85000,0.21,0.3,1.0,193.61688
0.20734507,1.0,3.0,2662.557781,0.38,1470,150000,0.35,0.3,1.0,193.61826
0.33350486,4.0,3.0,1890.0,0.4,1470,150000,0.35,0.1,2.0,42.329945
0.29811972,1.0,2.0,2662.557781,0.38,2540,75000,0.22,0.1,2.0,193.60213
0.23118639,3.0,3.0,2070.0,0.36,1470,150000,0.35,0.1,2.0,50.089962
0.22004369,2.0,3.0,2000.0,0.37,1470,150000,0.35,0.1,1.0,62.502655
0.49675715,3.0,4.0,2070.0,0.36,2530,85000,0.21,0.2,1.0,84.819885
0.1526677,3.0,3.0,2070.0,0.36,1470,150000,0.35,0.1,2.0,50.089962
0.4963206,1.0,2.0,2662.557781,0.38,2540,75000,0.22,0.1,1.0,193.61633
0.3369068,3.0,2.0,2070.0,0.36,2540,75000,0.22,0.2,1.0,64.59327
0.0710329,1.0,2.0,2662.557781,0.38,2540,75000,0.22,0.1,1.0,193.61633
0.0599276,1.0,3.0,2662.557781,0.38,1470,150000,0.35,0.1,2.0,193.59692
0.09147423,2.0,1.0,2000.0,0.37,1770,220000,0.2,0.1,2.0,51.24832
0.24459186,3.0,4.0,2070.0,0.36,2530,85000,0.21,0.3,1.0,59.600986
0.2751517,4.0,4.0,1890.0,0.4,2530,85000,0.21,0.3,1.0,43.753654
0.24320969,3.0,4.0,2070.0,0.36,2530,85000,0.21,0.1,1.0,61.445698
0.47101814,3.0,2.0,2070.0,0.36,2540,75000,0.22,0.3,1.0,77.54649
0.38619566,2.0,3.0,2000.0,0.37,1470,150000,0.35,0.2,1.0,69.18396
0.33568612,2.0,3.0,2000.0,0.37,1470,150000,0.35,0.3,1.0,68.50972
0.43536672,2.0,1.0,2000.0,0.37,1770,220000,0.2,0.1,1.0,72.64777
0.18515602,3.0,4.0,2070.0,0.36,2530,85000,0.21,0.1,2.0,53.05453
0.22119144,2.0,2.0,2000.0,0.37,2540,75000,0.22,0.1,2.0,54.94511
0.43112564,1.0,4.0,2662.557781,0.38,2530,85000,0.21,0.1,1.0,193.61638
0.48327368,2.0,3.0,2000.0,0.37,1470,150000,0.35,0.3,1.0,80.04583
0.42084417,4.0,3.0,1890.0,0.4,1470,150000,0.35,0.3,1.0,49.520245
0.36443573,3.0,3.0,2070.0,0.36,1470,150000,0.35,0.1,2.0,58.151962
0.14394276,1.0,4.0,2662.557781,0.38,2530,85000,0.21,0.2,1.0,193.60725
0.21396214,4.0,3.0,1890.0,0.4,1470,150000,0.35,0.1,1.0,42.973923
0.48035046,3.0,4.0,2070.0,0.36,2530,85000,0.21,0.1,2.0,65.63117
0.4500527,2.0,2.0,2000.0,0.37,2540,75000,0.22,0.3,1.0,73.99591
0.4982294,4.0,4.0,1890.0,0.4,2530,85000,0.21,0.2,1.0,66.59677
0.21237703,4.0,1.0,1890.0,0.4,1770,220000,0.2,0.3,1.0,42.278656
0.37452057,2.0,4.0,2000.0,0.37,2530,85000,0.21,0.3,1.0,73.40157
0.49472383,4.0,1.0,1890.0,0.4,1770,220000,0.2,0.1,1.0,69.19615
0.14353627,1.0,3.0,2662.557781,0.38,1470,150000,0.35,0.1,2.0,193.59692
0.2343074,4.0,2.0,1890.0,0.4,2540,75000,0.22,0.2,1.0,43.00466
0.059378397,1.0,3.0,2662.557781,0.38,1470,150000,0.35,0.3,1.0,193.61826
0.48247054,2.0,3.0,2000.0,0.37,1470,150000,0.35,0.1,1.0,82.80004
0.13164532,2.0,2.0,2000.0,0.37,2540,75000,0.22,0.3,1.0,58.834404
0.4741724,3.0,3.0,2070.0,0.36,1470,150000,0.35,0.2,1.0,74.02051
0.122624986,4.0,1.0,1890.0,0.4,1770,220000,0.2,0.1,2.0,38.88878
0.070399895,2.0,4.0,2000.0,0.37,2530,85000,0.21,0.1,2.0,51.98008
0.2941175,1.0,1.0,2662.557781,0.38,1770,220000,0.2,0.2,1.0,193.62125
0.18693006,2.0,4.0,2000.0,0.37,2530,85000,0.21,0.1,1.0,60.425312
0.20000078,3.0,1.0,2070.0,0.36,1770,220000,0.2,0.2,1.0,58.282413
0.13434519,4.0,1.0,1890.0,0.4,1770,220000,0.2,0.1,1.0,40.359413
0.28491056,3.0,3.0,2070.0,0.36,1470,150000,0.35,0.2,1.0,63.652008
0.093511604,1.0,3.0,2662.557781,0.38,1470,150000,0.35,0.2,1.0,193.60875
0.3386794,3.0,4.0,2070.0,0.36,2530,85000,0.21,0.2,1.0,65.98051
0.41775748,3.0,3.0,2070.0,0.36,1470,150000,0.35,0.1,2.0,59.698265
0.29100558,3.0,4.0,2070.0,0.36,2530,85000,0.21,0.3,1.0,62.8823
0.06103967,4.0,2.0,1890.0,0.4,2540,75000,0.22,0.2,1.0,39.84597
0.38517973,1.0,4.0,2662.557781,0.38,2530,85000,0.21,0.2,1.0,193.60725
0.068994135,2.0,4.0,2000.0,0.37,2530,85000,0.21,0.1,1.0,60.425312
0.3936007,1.0,3.0,2662.557781,0.38,1470,150000,0.35,0.3,1.0,193.61826
0.20206396,4.0,4.0,1890.0,0.4,2530,85000,0.21,0.1,1.0,42.31436
0.08161024,3.0,3.0,2070.0,0.36,1470,150000,0.35,0.2,1.0,60.095093
0.10328231,1.0,1.0,2662.557781,0.38,1770,220000,0.2,0.2,1.0,193.60985
0.27632263,3.0,4.0,2070.0,0.36,2530,85000,0.21,0.1,1.0,62.801014
0.15020569,4.0,1.0,1890.0,0.4,1770,220000,0.2,0.2,1.0,40.646843
0.07241339,1.0,4.0,2662.557781,0.38,2530,85000,0.21,0.1,1.0,193.61638
0.3961334,3.0,1.0,2070.0,0.36,1770,220000,0.2,0.1,2.0,58.996338
0.11246612,3.0,4.0,2070.0,0.36,2530,85000,0.21,0.1,1.0,56.463963
0.17292102,4.0,2.0,1890.0,0.4,2540,75000,0.22,0.1,1.0,41.259346
0.49647263,2.0,1.0,2000.0,0.37,1770,220000,0.2,0.2,1.0,83.2222
0.43888012,2.0,2.0,2000.0,0.37,2540,75000,0.22,0.3,1.0,73.99591
0.49848577,2.0,1.0,2000.0,0.37,1770,220000,0.2,0.2,1.0,91.35067
0.4349861,2.0,1.0,2000.0,0.37,1770,220000,0.2,0.3,1.0,71.067184
0.47913322,3.0,4.0,2070.0,0.36,2530,85000,0.21,0.1,2.0,65.63117
0.23738372,3.0,2.0,2070.0,0.36,2540,75000,0.22,0.1,2.0,52.236835
0.16584763,2.0,3.0,2000.0,0.37,1470,150000,0.35,0.2,1.0,57.855377
0.3700094,2.0,4.0,2000.0,0.37,2530,85000,0.21,0.1,2.0,57.764496
0.49832267,3.0,2.0,2070.0,0.36,2540,75000,0.22,0.3,1.0,77.54649
0.15919918,1.0,2.0,2662.557781,0.38,2540,75000,0.22,0.2,1.0,193.61613
0.20600127,2.0,3.0,2000.0,0.37,1470,150000,0.35,0.3,1.0,55.790512
0.06835847,2.0,2.0,2000.0,0.37,2540,75000,0.22,0.1,1.0,57.933975
0.4758846,3.0,4.0,2070.0,0.36,2530,85000,0.21,0.3,1.0,76.79004
0.42117447,4.0,1.0,1890.0,0.4,1770,220000,0.2,0.1,1.0,51.845314
0.06485718,1.0,2.0,2662.557781,0.38,2540,75000,0.22,0.2,1.0,193.60802
0.41613364,1.0,1.0,2662.557781,0.38,1770,220000,0.2,0.1,2.0,193.60466
0.3647407,1.0,1.0,2662.557781,0.38,1770,220000,0.2,0.3,1.0,193.61253
0.42555338,1.0,2.0,2662.557781,0.38,2540,75000,0.22,0.2,1.0,193.61613
0.47133207,4.0,2.0,1890.0,0.4,2540,75000,0.22,0.2,1.0,57.790558
0.13347565,3.0,4.0,2070.0,0.36,2530,85000,0.21,0.3,1.0,58.11181
0.36047432,1.0,1.0,2662.557781,0.38,1770,220000,0.2,0.1,2.0,193.60466
0.27154136,3.0,4.0,2070.0,0.36,2530,85000,0.21,0.1,2.0,53.05453
0.05022499,1.0,1.0,2662.557781,0.38,1770,220000,0.2,0.3,1.0,193.60634
0.45533708,1.0,3.0,2662.557781,0.38,1470,150000,0.35,0.1,2.0,193.60794
0.4809716,4.0,3.0,1890.0,0.4,1470,150000,0.35,0.1,1.0,54.594822
0.12556131,4.0,2.0,1890.0,0.4,2540,75000,0.22,0.2,1.0,40.89656
0.31241068,3.0,4.0,2070.0,0.36,2530,85000,0.21,0.3,1.0,63.073574
0.10358256,3.0,1.0,2070.0,0.36,1770,220000,0.2,0.3,1.0,56.062187
0.22830234,2.0,1.0,2000.0,0.37,1770,220000,0.2,0.1,2.0,51.681313
0.29840308,3.0,4.0,2070.0,0.36,2530,85000,0.21,0.2,1.0,62.907932
0.2786764,4.0,4.0,1890.0,0.4,2530,85000,0.21,0.1,1.0,44.689705
0.09390439,2.0,4.0,2000.0,0.37,2530,85000,0.21,0.2,1.0,58.49293
0.12486192,1.0,2.0,2662.557781,0.38,2540,75000,0.22,0.2,1.0,193.61613
0.33695507,1.0,2.0,2662.557781,0.38,2540,75000,0.22,0.1,1.0,193.61633
0.23883101,1.0,3.0,2662.557781,0.38,1470,150000,0.35,0.1,2.0,193.60794
0.48760605,2.0,2.0,2000.0,0.37,2540,75000,0.22,0.2,1.0,83.84943
0.35829803,1.0,3.0,2662.557781,0.38,1470,150000,0.35,0.3,1.0,193.61826
0.1450877,1.0,4.0,2662.557781,0.38,2530,85000,0.21,0.3,1.0,193.60971
0.4982291,4.0,4.0,1890.0,0.4,2530,85000,0.21,0.2,1.0,66.59677
0.4142919,3.0,1.0,2070.0,0.36,1770,220000,0.2,0.3,1.0,71.230896
0.4881512,4.0,4.0,1890.0,0.4,2530,85000,0.21,0.1,1.0,63.762653
0.45920917,1.0,1.0,2662.557781,0.38,1770,220000,0.2,0.3,1.0,193.61813
0.24532552,4.0,3.0,1890.0,0.4,1470,150000,0.35,0.1,1.0,43.69049
0.33076844,4.0,1.0,1890.0,0.4,1770,220000,0.2,0.1,2.0,42.626522
0.27779278,3.0,2.0,2070.0,0.36,2540,75000,0.22,0.1,2.0,52.705254
0.3022829,1.0,2.0,2662.557781,0.38,2540,75000,0.22,0.2,1.0,193.61613
0.3628127,2.0,4.0,2000.0,0.37,2530,85000,0.21,0.1,1.0,71.40309
0.49098146,4.0,4.0,1890.0,0.4,2530,85000,0.21,0.2,1.0,59.374485
0.17323685,3.0,2.0,2070.0,0.36,2540,75000,0.22,0.3,1.0,58.045944
0.17566255,3.0,1.0,2070.0,0.36,1770,220000,0.2,0.1,1.0,59.47896
0.28952846,2.0,4.0,2000.0,0.37,2530,85000,0.21,0.2,1.0,64.25481
0.25414658,1.0,1.0,2662.557781,0.38,1770,220000,0.2,0.3,1.0,193.61253
0.44963095,4.0,1.0,1890.0,0.4,1770,220000,0.2,0.2,1.0,53.387947
0.059643816,3.0,1.0,2070.0,0.36,1770,220000,0.2,0.1,2.0,51.765255
0.39081,4.0,4.0,1890.0,0.4,2530,85000,0.21,0.2,1.0,48.787846
0.3098941,2.0,3.0,2000.0,0.37,1470,150000,0.35,0.3,1.0,66.17818
0.2508881,4.0,4.0,1890.0,0.4,2530,85000,0.21,0.3,1.0,42.76066
0.24682339,1.0,4.0,2662.557781,0.38,2530,85000,0.21,0.3,1.0,193.60971
0.44283342,4.0,2.0,1890.0,0.4,2540,75000,0.22,0.2,1.0,54.19941
0.44756,3.0,1.0,2070.0,0.36,1770,220000,0.2,0.3,1.0,76.78503
0.09469084,2.0,4.0,2000.0,0.37,2530,85000,0.21,0.2,1.0,58.49293
0.2532239,2.0,4.0,2000.0,0.37,2530,85000,0.21,0.2,1.0,63.242172
0.4197304,4.0,1.0,1890.0,0.4,1770,220000,0.2,0.1,1.0,51.845314
0.46869782,1.0,4.0,2662.557781,0.38,2530,85000,0.21,0.3,1.0,193.61688
0.25509095,4.0,3.0,1890.0,0.4,1470,150000,0.35,0.3,1.0,43.529064
0.053844955,1.0,4.0,2662.557781,0.38,2530,85000,0.21,0.1,2.0,193.60449
0.05273493,2.0,4.0,2000.0,0.37,2530,85000,0.21,0.2,1.0,58.49293
0.47065857,1.0,1.0,2662.557781,0.38,1770,220000,0.2,0.2,1.0,193.62776
0.42531332,4.0,1.0,1890.0,0.4,1770,220000,0.2,0.2,1.0,51.288754
0.10713933,4.0,2.0,1890.0,0.4,2540,75000,0.22,0.2,1.0,40.710262
0.49350283,4.0,4.0,1890.0,0.4,2530,85000,0.21,0.1,1.0,65.20615
0.20193608,1.0,2.0,2662.557781,0.38,2540,75000,0.22,0.1,1.0,193.61633
0.28742895,4.0,4.0,1890.0,0.4,2530,85000,0.21,0.1,2.0,41.216293
0.056512084,4.0,2.0,1890.0,0.4,2540,75000,0.22,0.1,1.0,39.76864
0.4252651,3.0,3.0,2070.0,0.36,1470,150000,0.35,0.2,1.0,70.596054
0.26899496,3.0,4.0,2070.0,0.36,2530,85000,0.21,0.2,1.0,61.7604
0.48802596,4.0,4.0,1890.0,0.4,2530,85000,0.21,0.1,2.0,52.153404
0.4288311,4.0,1.0,1890.0,0.4,1770,220000,0.2,0.2,1.0,51.288754
0.38718778,3.0,2.0,2070.0,0.36,2540,75000,0.22,0.1,1.0,70.146324
0.47665405,3.0,1.0,2070.0,0.36,1770,220000,0.2,0.1,2.0,63.18542
0.46036896,2.0,4.0,2000.0,0.37,2530,85000,0.21,0.2,1.0,76.49883
0.292726,2.0,2.0,2000.0,0.37,2540,75000,0.22,0.3,1.0,66.08557
0.31529906,2.0,2.0,2000.0,0.37,2540,75000,0.22,0.2,1.0,71.058624
0.4845862,3.0,2.0,2070.0,0.36,2540,75000,0.22,0.2,1.0,79.58251
0.26042172,3.0,3.0,2070.0,0.36,1470,150000,0.35,0.3,1.0,60.464973
0.49702853,2.0,3.0,2000.0,0.37,1470,150000,0.35,0.1,2.0,66.43176
0.06373383,4.0,1.0,1890.0,0.4,1770,220000,0.2,0.1,2.0,38.88878
0.30057943,4.0,4.0,1890.0,0.4,2530,85000,0.21,0.1,2.0,41.50238
0.42566255,2.0,1.0,2000.0,0.37,1770,220000,0.2,0.3,1.0,71.067184
0.1990115,3.0,1.0,2070.0,0.36,1770,220000,0.2,0.3,1.0,56.062187
0.17395732,3.0,4.0,2070.0,0.36,2530,85000,0.21,0.1,2.0,53.05453
0.3509399,3.0,3.0,2070.0,0.36,1470,150000,0.35,0.1,1.0,65.619064
0.40368247,2.0,2.0,2000.0,0.37,2540,75000,0.22,0.1,2.0,61.89763
0.058286358,2.0,2.0,2000.0,0.37,2540,75000,0.22,0.2,1.0,58.42974
0.24080491,2.0,1.0,2000.0,0.37,1770,220000,0.2,0.2,1.0,61.35299
0.19186296,3.0,2.0,2070.0,0.36,2540,75000,0.22,0.3,1.0,58.045944
0.13652173,4.0,4.0,1890.0,0.4,2530,85000,0.21,0.1,2.0,39.359474
0.36912245,3.0,4.0,2070.0,0.36,2530,85000,0.21,0.1,2.0,60.24446
0.4834951,2.0,1.0,2000.0,0.37,1770,220000,0.2,0.1,1.0,80.19299
0.43959704,1.0,2.0,2662.557781,0.38,2540,75000,0.22,0.2,1.0,193.61613
0.4047864,4.0,2.0,1890.0,0.4,2540,75000,0.22,0.2,1.0,49.013935
0.2568076,3.0,2.0,2070.0,0.36,2540,75000,0.22,0.1,2.0,52.236835
0.20736825,4.0,4.0,1890.0,0.4,2530,85000,0.21,0.3,1.0,42.76066
0.22569013,2.0,4.0,2000.0,0.37,2530,85000,0.21,0.3,1.0,60.437973
0.10658015,4.0,2.0,1890.0,0.4,2540,75000,0.22,0.3,1.0,40.71159
0.4186715,3.0,2.0,2070.0,0.36,2540,75000,0.22,0.3,1.0,73.86232
0.44409364,3.0,3.0,2070.0,0.36,1470,150000,0.35,0.1,1.0,74.46181
0.49072492,1.0,2.0,2662.557781,0.38,2540,75000,0.22,0.2,1.0,193.61613
0.27656758,4.0,1.0,1890.0,0.4,1770,220000,0.2,0.1,2.0,41.602398
0.4901646,4.0,1.0,1890.0,0.4,1770,220000,0.2,0.1,2.0,49.90051
0.3062384,1.0,3.0,2662.557781,0.38,1470,150000,0.35,0.3,1.0,193.61826
0.46310213,1.0,2.0,2662.557781,0.38,2540,75000,0.22,0.2,1.0,193.61613
0.19924775,1.0,1.0,2662.557781,0.38,1770,220000,0.2,0.2,1.0,193.6192
0.46013063,2.0,4.0,2000.0,0.37,2530,85000,0.21,0.3,1.0,80.58588
0.2518546,4.0,1.0,1890.0,0.4,1770,220000,0.2,0.2,1.0,43.493576
0.38287777,2.0,2.0,2000.0,0.37,2540,75000,0.22,0.2,1.0,71.78015
0.44231334,3.0,2.0,2070.0,0.36,2540,75000,0.22,0.2,1.0,72.304634
0.46106714,3.0,4.0,2070.0,0.36,2530,85000,0.21,0.2,1.0,71.71873
0.25233838,4.0,2.0,1890.0,0.4,2540,75000,0.22,0.1,2.0,40.88558
0.46237633,1.0,2.0,2662.557781,0.38,2540,75000,0.22,0.1,2.0,193.61012
0.10048728,1.0,2.0,2662.557781,0.38,2540,75000,0.22,0.2,1.0,193.61613
0.34412864,3.0,4.0,2070.0,0.36,2530,85000,0.21,0.3,1.0,63.073574
0.44665906,2.0,1.0,2000.0,0.37,1770,220000,0.2,0.3,1.0,72.58347
0.09769922,3.0,4.0,2070.0,0.36,2530,85000,0.21,0.2,1.0,58.11015
0.42629525,2.0,3.0,2000.0,0.37,1470,150000,0.35,0.1,1.0,76.70607
0.23349242,2.0,4.0,2000.0,0.37,2530,85000,0.21,0.3,1.0,62.696552
0.22082229,1.0,3.0,2662.557781,0.38,1470,150000,0.35,0.1,2.0,193.60794
0.1036567,3.0,3.0,2070.0,0.36,1470,150000,0.35,0.3,1.0,56.36553
0.42438063,2.0,2.0,2000.0,0.37,2540,75000,0.22,0.1,2.0,61.89763
0.25991908,2.0,4.0,2000.0,0.37,2530,85000,0.21,0.3,1.0,62.696552
0.06513177,4.0,2.0,1890.0,0.4,2540,75000,0.22,0.1,2.0,38.893246
0.2577023,2.0,1.0,2000.0,0.37,1770,220000,0.2,0.2,1.0,63.098274
0.051656272,4.0,3.0,1890.0,0.4,1470,150000,0.35,0.1,1.0,39.468533
0.057200074,1.0,4.0,2662.557781,0.38,2530,85000,0.21,0.1,2.0,193.60449
0.4863733,4.0,1.0,1890.0,0.4,1770,220000,0.2,0.1,2.0,49.90051
0.13183379,2.0,2.0,2000.0,0.37,2540,75000,0.22,0.2,1.0,59.133415
0.20987426,1.0,4.0,2662.557781,0.38,2530,85000,0.21,0.1,2.0,193.60449
0.06813964,2.0,1.0,2000.0,0.37,1770,220000,0.2,0.3,1.0,58.26203
0.49510852,3.0,2.0,2070.0,0.36,2540,75000,0.22,0.3,1.0,77.54649
0.4569761,3.0,4.0,2070.0,0.36,2530,85000,0.21,0.1,2.0,63.04768
0.46853676,3.0,2.0,2070.0,0.36,2540,75000,0.22,0.2,1.0,79.366905
0.2405568,3.0,4.0,2070.0,0.36,2530,85000,0.21,0.2,1.0,61.7604
0.4099007,3.0,1.0,2070.0,0.36,1770,220000,0.2,0.2,1.0,69.82019
0.32225895,4.0,3.0,1890.0,0.4,1470,150000,0.35,0.1,1.0,45.47854
0.19948767,1.0,3.0,2662.557781,0.38,1470,150000,0.35,0.1,2.0,193.59692
0.09471286,1.0,4.0,2662.557781,0.38,2530,85000,0.21,0.1,2.0,193.60449
0.497355,4.0,3.0,1890.0,0.4,1470,150000,0.35,0.3,1.0,65.13346
0.1042609,4.0,4.0,1890.0,0.4,2530,85000,0.21,0.1,2.0,39.079525
0.19721875,4.0,4.0,1890.0,0.4,2530,85000,0.21,0.2,1.0,41.997307
0.40505835,3.0,2.0,2070.0,0.36,2540,75000,0.22,0.3,1.0,71.77126
0.13602394,3.0,1.0,2070.0,0.36,1770,220000,0.2,0.1,2.0,51.765255
0.34370515,1.0,3.0,2662.557781,0.38,1470,150000,0.35,0.1,2.0,193.60794
0.42074934,3.0,4.0,2070.0,0.36,2530,85000,0.21,0.2,1.0,71.71053
0.11084313,2.0,2.0,2000.0,0.37,2540,75000,0.22,0.1,2.0,52.495026
0.083154954,4.0,3.0,1890.0,0.4,1470,150000,0.35,0.1,2.0,39.431503
0.06278777,2.0,3.0,2000.0,0.37,1470,150000,0.35,0.1,1.0,59.927647
0.40348732,1.0,4.0,2662.557781,0.38,2530,85000,0.21,0.1,2.0,193.60449
0.46906167,3.0,1.0,2070.0,0.36,1770,220000,0.2,0.2,1.0,72.21163
0.3350862,4.0,4.0,1890.0,0.4,2530,85000,0.21,0.1,2.0,41.50238
0.34364757,4.0,3.0,1890.0,0.4,1470,150000,0.35,0.2,1.0,48.388462
0.051653914,1.0,1.0,2662.557781,0.38,1770,220000,0.2,0.2,1.0,193.60985
0.0660399,2.0,4.0,2000.0,0.37,2530,85000,0.21,0.1,2.0,51.98008
0.26553676,2.0,4.0,2000.0,0.37,2530,85000,0.21,0.1,1.0,66.08328
0.45543268,3.0,1.0,2070.0,0.36,1770,220000,0.2,0.1,2.0,61.464897
0.43806913,1.0,1.0,2662.557781,0.38,1770,220000,0.2,0.1,1.0,193.61649
0.05927647,1.0,4.0,2662.557781,0.38,2530,85000,0.21,0.1,2.0,193.60449
0.059198678,1.0,3.0,2662.557781,0.38,1470,150000,0.35,0.3,1.0,193.61826
0.050158367,2.0,1.0,2000.0,0.37,1770,220000,0.2,0.1,1.0,57.242687
0.46651304,1.0,1.0,2662.557781,0.38,1770,220000,0.2,0.3,1.0,193.61813
0.31913665,2.0,4.0,2000.0,0.37,2530,85000,0.21,0.3,1.0,66.72174
0.13455518,1.0,3.0,2662.557781,0.38,1470,150000,0.35,0.1,2.0,193.59692
0.13955669,3.0,4.0,2070.0,0.36,2530,85000,0.21,0.3,1.0,58.11181
0.49480686,1.0,4.0,2662.557781,0.38,2530,85000,0.21,0.1,2.0,193.62108
0.40680104,1.0,2.0,2662.557781,0.38,2540,75000,0.22,0.3,1.0,193.61423
0.41470465,1.0,4.0,2662.557781,0.38,2530,85000,0.21,0.3,1.0,193.61688
0.1356652,4.0,4.0,1890.0,0.4,2530,85000,0.21,0.1,2.0,39.359474
0.27800754,4.0,4.0,1890.0,0.4,2530,85000,0.21,0.2,1.0,44.897358
0.31849983,4.0,1.0,1890.0,0.4,1770,220000,0.2,0.1,2.0,41.864437
0.39774516,3.0,2.0,2070.0,0.36,2540,75000,0.22,0.1,1.0,71.710365
0.17376824,3.0,2.0,2070.0,0.36,2540,75000,0.22,0.3,1.0,58.045944
0.26536328,1.0,3.0,2662.557781,0.38,1470,150000,0.35,0.2,1.0,193.61172
0.34273335,2.0,4.0,2000.0,0.37,2530,85000,0.21,0.1,1.0,70.25313
0.13086405,2.0,3.0,2000.0,0.37,1470,150000,0.35,0.1,1.0,59.927647
0.093043566,1.0,2.0,2662.557781,0.38,2540,75000,0.22,0.1,1.0,193.61633
0.35468605,4.0,2.0,1890.0,0.4,2540,75000,0.22,0.3,1.0,48.12821
0.34377497,3.0,1.0,2070.0,0.36,1770,220000,0.2,0.1,2.0,54.078453
0.39734945,1.0,1.0,2662.557781,0.38,1770,220000,0.2,0.3,1.0,193.61809
0.19424905,1.0,1.0,2662.557781,0.38,1770,220000,0.2,0.1,2.0,193.60466
0.10816496,3.0,2.0,2070.0,0.36,2540,75000,0.22,0.3,1.0,55.458813
0.20937929,2.0,1.0,2000.0,0.37,1770,220000,0.2,0.3,1.0,58.29134
0.44965923,2.0,1.0,2000.0,0.37,1770,220000,0.2,0.1,1.0,74.76992
0.1694538,4.0,2.0,1890.0,0.4,2540,75000,0.22,0.1,1.0,41.259346
0.32393327,3.0,2.0,2070.0,0.36,2540,75000,0.22,0.3,1.0,63.874947
0.4973174,2.0,3.0,2000.0,0.37,1470,150000,0.35,0.3,1.0,88.93025
0.44881535,4.0,4.0,1890.0,0.4,2530,85000,0.21,0.3,1.0,50.725666
0.47893372,3.0,4.0,2070.0,0.36,2530,85000,0.21,0.3,1.0,76.79004
0.47156414,1.0,3.0,2662.557781,0.38,1470,150000,0.35,0.1,2.0,193.60794
0.36939803,2.0,4.0,2000.0,0.37,2530,85000,0.21,0.2,1.0,68.920074
0.42994094,3.0,3.0,2070.0,0.36,1470,150000,0.35,0.3,1.0,68.04544
0.10848325,4.0,4.0,1890.0,0.4,2530,85000,0.21,0.1,2.0,39.272743
0.21000578,1.0,3.0,2662.557781,0.38,1470,150000,0.35,0.3,1.0,193.61826
0.29200387,3.0,4.0,2070.0,0.36,2530,85000,0.21,0.1,2.0,53.125664
0.4786207,3.0,2.0,2070.0,0.36,2540,75000,0.22,0.1,2.0,64.48965
0.07535979,3.0,3.0,2070.0,0.36,1470,150000,0.35,0.1,1.0,60.09744
0.16693558,1.0,4.0,2662.557781,0.38,2530,85000,0.21,0.1,1.0,193.61638
0.40280503,1.0,1.0,2662.557781,0.38,1770,220000,0.2,0.2,1.0,193.62125
0.49811333,2.0,4.0,2000.0,0.37,2530,85000,0.21,0.1,1.0,85.92263
0.4939218,3.0,3.0,2070.0,0.36,1470,150000,0.35,0.3,1.0,77.47961
0.19912569,4.0,4.0,1890.0,0.4,2530,85000,0.21,0.2,1.0,42.459595
0.19578958,3.0,4.0,2070.0,0.36,2530,85000,0.21,0.1,1.0,56.463963
0.41124776,2.0,3.0,2000.0,0.37,1470,150000,0.35,0.1,2.0,63.363876
0.11468969,1.0,1.0,2662.557781,0.38,1770,220000,0.2,0.3,1.0,193.60634
0.13780743,2.0,2.0,2000.0,0.37,2540,75000,0.22,0.3,1.0,58.834404
0.26778576,2.0,3.0,2000.0,0.37,1470,150000,0.35,0.3,1.0,64.65724
0.22833824,4.0,1.0,1890.0,0.4,1770,220000,0.2,0.1,2.0,40.287178
0.28747815,2.0,4.0,2000.0,0.37,2530,85000,0.21,0.1,2.0,54.474487
0.05089294,4.0,1.0,1890.0,0.4,1770,220000,0.2,0.1,1.0,39.50669
0.10109258,3.0,1.0,2070.0,0.36,1770,220000,0.2,0.1,2.0,51.765255
0.39632872,4.0,4.0,1890.0,0.4,2530,85000,0.21,0.3,1.0,48.684963
0.34018442,4.0,3.0,1890.0,0.4,1470,150000,0.35,0.1,1.0,45.47854
0.46843395,2.0,3.0,2000.0,0.37,1470,150000,0.35,0.2,1.0,77.53777
0.2873187,1.0,1.0,2662.557781,0.38,1770,220000,0.2,0.1,1.0,193.61649
0.4674169,4.0,3.0,1890.0,0.4,1470,150000,0.35,0.2,1.0,56.886322
0.43659338,1.0,2.0,2662.557781,0.38,2540,75000,0.22,0.2,1.0,193.61613
0.33846357,2.0,4.0,2000.0,0.37,2530,85000,0.21,0.3,1.0,73.40157
0.37391767,2.0,4.0,2000.0,0.37,2530,85000,0.21,0.3,1.0,73.40157
0.17019299,1.0,2.0,2662.557781,0.38,2540,75000,0.22,0.1,2.0,193.60213
0.38876677,3.0,1.0,2070.0,0.36,1770,220000,0.2,0.1,2.0,58.996338
0.053689815,1.0,4.0,2662.557781,0.38,2530,85000,0.21,0.1,1.0,193.61638
0.49603698,3.0,2.0,2070.0,0.36,2540,75000,0.22,0.2,1.0,79.58251
0.4869188,4.0,1.0,1890.0,0.4,1770,220000,0.2,0.2,1.0,58.491577
0.3882833,1.0,1.0,2662.557781,0.38,1770,220000,0.2,0.3,1.0,193.61253
0.059315883,1.0,1.0,2662.557781,0.38,1770,220000,0.2,0.1,1.0,193.61009
0.4929812,2.0,4.0,2000.0,0.37,2530,85000,0.21,0.3,1.0,80.58588
0.29293686,3.0,2.0,2070.0,0.36,2540,75000,0.22,0.2,1.0,64.59327
0.37919557,4.0,2.0,1890.0,0.4,2540,75000,0.22,0.2,1.0,46.7059
0.3665697,2.0,2.0,2000.0,0.37,2540,75000,0.22,0.1,2.0,60.609585
0.44426662,2.0,3.0,2000.0,0.37,1470,150000,0.35,0.3,1.0,74.92998
0.30912933,4.0,3.0,1890.0,0.4,1470,150000,0.35,0.1,2.0,41.229355
0.48510027,1.0,1.0,2662.557781,0.38,1770,220000,0.2,0.3,1.0,193.61813
0.47594294,1.0,3.0,2662.557781,0.38,1470,150000,0.35,0.2,1.0,193.61172
0.3182234,2.0,3.0,2000.0,0.37,1470,150000,0.35,0.1,1.0,65.808
0.3838164,2.0,3.0,2000.0,0.37,1470,150000,0.35,0.3,1.0,68.50972
0.47538865,2.0,1.0,2000.0,0.37,1770,220000,0.2,0.1,1.0,80.19299
0.18001428,2.0,4.0,2000.0,0.37,2530,85000,0.21,0.3,1.0,58.675774
0.3224024,3.0,1.0,2070.0,0.36,1770,220000,0.2,0.3,1.0,66.88894
0.23429446,1.0,4.0,2662.557781,0.38,2530,85000,0.21,0.1,2.0,193.60449
0.30716786,1.0,2.0,2662.557781,0.38,2540,75000,0.22,0.3,1.0,193.61383
0.2044417,4.0,1.0,1890.0,0.4,1770,220000,0.2,0.2,1.0,42.58509
0.27314463,4.0,2.0,1890.0,0.4,2540,75000,0.22,0.3,1.0,43.196636
0.32205546,3.0,1.0,2070.0,0.36,1770,220000,0.2,0.3,1.0,66.88894
0.39437962,4.0,2.0,1890.0,0.4,2540,75000,0.22,0.1,2.0,44.808098
0.114401065,2.0,4.0,2000.0,0.37,2530,85000,0.21,0.1,2.0,51.98008
0.3716443,4.0,3.0,1890.0,0.4,1470,150000,0.35,0.1,2.0,42.329945
0.05664368,1.0,3.0,2662.557781,0.38,1470,150000,0.35,0.1,2.0,193.59692
0.286982,4.0,4.0,1890.0,0.4,2530,85000,0.21,0.1,1.0,45.337593
0.4718176,3.0,2.0,2070.0,0.36,2540,75000,0.22,0.3,1.0,77.54649
0.2801446,1.0,3.0,2662.557781,0.38,1470,150000,0.35,0.2,1.0,193.61172
0.1923891,3.0,1.0,2070.0,0.36,1770,220000,0.2,0.1,1.0,59.47896
0.27437088,2.0,1.0,2000.0,0.37,1770,220000,0.2,0.2,1.0,64.03226
0.075306736,2.0,2.0,2000.0,0.37,2540,75000,0.22,0.1,1.0,57.933975
0.48504803,1.0,1.0,2662.557781,0.38,1770,220000,0.2,0.3,1.0,193.61813
0.13387349,3.0,1.0,2070.0,0.36,1770,220000,0.2,0.1,2.0,51.765255
0.07777448,4.0,4.0,1890.0,0.4,2530,85000,0.21,0.1,1.0,41.17876
0.48792556,3.0,2.0,2070.0,0.36,2540,75000,0.22,0.1,1.0,82.33719
0.3982638,4.0,3.0,1890.0,0.4,1470,150000,0.35,0.3,1.0,47.72253
0.063734464,4.0,1.0,1890.0,0.4,1770,220000,0.2,0.2,1.0,40.26108
0.43994886,1.0,4.0,2662.557781,0.38,2530,85000,0.21,0.3,1.0,193.61688
0.3423374,1.0,3.0,2662.557781,0.38,1470,150000,0.35,0.2,1.0,193.61172
0.07097959,3.0,1.0,2070.0,0.36,1770,220000,0.2,0.1,1.0,59.47896
0.47226864,4.0,3.0,1890.0,0.4,1470,150000,0.35,0.2,1.0,57.82131
0.20517784,3.0,3.0,2070.0,0.36,1470,150000,0.35,0.2,1.0,60.756706
0.24214831,3.0,3.0,2070.0,0.36,1470,150000,0.35,0.1,2.0,50.089962
0.46326485,1.0,3.0,2662.557781,0.38,1470,150000,0.35,0.1,2.0,193.60794
0.3814405,1.0,3.0,2662.557781,0.38,1470,150000,0.35,0.2,1.0,193.61172
0.062229473,3.0,4.0,2070.0,0.36,2530,85000,0.21,0.1,1.0,56.463963
0.085872725,1.0,1.0,2662.557781,0.38,1770,220000,0.2,0.3,1.0,193.60634
0.48992434,4.0,4.0,1890.0,0.4,2530,85000,0.21,0.2,1.0,57.145256
0.3306877,2.0,2.0,2000.0,0.37,2540,75000,0.22,0.3,1.0,68.28963
0.07185199,1.0,1.0,2662.557781,0.38,1770,220000,0.2,0.1,2.0,193.60466
0.12440936,1.0,2.0,2662.557781,0.38,2540,75000,0.22,0.1,2.0,193.59778
0.32569754,2.0,2.0,2000.0,0.37,2540,75000,0.22,0.1,2.0,55.76854
0.2773824,4.0,2.0,1890.0,0.4,2540,75000,0.22,0.3,1.0,44.139175
0.38432187,3.0,4.0,2070.0,0.36,2530,85000,0.21,0.1,1.0,70.1314
0.21990138,2.0,1.0,2000.0,0.37,1770,220000,0.2,0.1,2.0,51.50191
0.055199232,1.0,2.0,2662.557781,0.38,2540,75000,0.22,0.3,1.0,193.61072
0.29712713,3.0,4.0,2070.0,0.36,2530,85000,0.21,0.1,2.0,54.586517
0.11796735,4.0,1.0,1890.0,0.4,1770,220000,0.2,0.1,2.0,38.88878
0.069320016,2.0,3.0,2000.0,0.37,1470,150000,0.35,0.2,1.0,57.855377
0.49031964,1.0,2.0,2662.557781,0.38,2540,75000,0.22,0.2,1.0,193.61613
0.17286074,4.0,3.0,1890.0,0.4,1470,150000,0.35,0.2,1.0,42.291416
0.072524115,4.0,4.0,1890.0,0.4,2530,85000,0.21,0.1,2.0,38.66357
0.47085953,1.0,2.0,2662.557781,0.38,2540,75000,0.22,0.2,1.0,193.61613
0.23210768,1.0,3.0,2662.557781,0.38,1470,150000,0.35,0.1,1.0,193.61409
0.058353078,2.0,4.0,2000.0,0.37,2530,85000,0.21,0.3,1.0,58.153015
0.3013845,3.0,2.0,2070.0,0.36,2540,75000,0.22,0.3,1.0,63.48239
0.057042938,1.0,4.0,2662.557781,0.38,2530,85000,0.21,0.2,1.0,193.60725
0.071051255,2.0,1.0,2000.0,0.37,1770,220000,0.2,0.1,1.0,59.007904
0.47486883,3.0,1.0,2070.0,0.36,1770,220000,0.2,0.2,1.0,79.823845
0.44305047,4.0,4.0,1890.0,0.4,2530,85000,0.21,0.1,2.0,47.03028
0.091962926,1.0,4.0,2662.557781,0.38,2530,85000,0.21,0.1,1.0,193.61638
0.40035295,1.0,4.0,2662.557781,0.38,2530,85000,0.21,0.3,1.0,193.61688
0.10611045,4.0,4.0,1890.0,0.4,2530,85000,0.21,0.1,2.0,39.079525
0.28269356,1.0,4.0,2662.557781,0.38,2530,85000,0.21,0.1,1.0,193.61638
0.22693494,3.0,1.0,2070.0,0.36,1770,220000,0.2,0.2,1.0,58.282413
0.16012393,3.0,2.0,2070.0,0.36,2540,75000,0.22,0.1,2.0,52.236835
0.46925184,1.0,3.0,2662.557781,0.38,1470,150000,0.35,0.3,1.0,193.61826
0.3518458,1.0,3.0,2662.557781,0.38,1470,150000,0.35,0.1,2.0,193.60794
0.27007622,3.0,1.0,2070.0,0.36,1770,220000,0.2,0.1,1.0,64.25769
0.09153893,1.0,4.0,2662.557781,0.38,2530,85000,0.21,0.1,1.0,193.61638
0.05285306,4.0,2.0,1890.0,0.4,2540,75000,0.22,0.1,2.0,38.893246
0.070484236,4.0,3.0,1890.0,0.4,1470,150000,0.35,0.3,1.0,39.74254
0.46439758,1.0,4.0,2662.557781,0.38,2530,85000,0.21,0.3,1.0,193.61688
0.27244785,4.0,2.0,1890.0,0.4,2540,75000,0.22,0.1,2.0,40.88558
0.21291213,1.0,4.0,2662.557781,0.38,2530,85000,0.21,0.1,1.0,193.61638
0.49706528,4.0,3.0,1890.0,0.4,1470,150000,0.35,0.2,1.0,67.88328
0.45920536,4.0,1.0,1890.0,0.4,1770,220000,0.2,0.1,2.0,46.082085
0.3106054,4.0,3.0,1890.0,0.4,1470,150000,0.35,0.2,1.0,45.874825
0.35434982,2.0,2.0,2000.0,0.37,2540,75000,0.22,0.2,1.0,71.058624
0.14255609,2.0,2.0,2000.0,0.37,2540,75000,0.22,0.1,1.0,61.16332
0.47852054,2.0,2.0,2000.0,0.37,2540,75000,0.22,0.2,1.0,76.82794
0.297758,3.0,3.0,2070.0,0.36,1470,150000,0.35,0.1,2.0,54.468716
0.45418057,4.0,2.0,1890.0,0.4,2540,75000,0.22,0.2,1.0,54.19941
0.3370189,2.0,1.0,2000.0,0.37,1770,220000,0.2,0.3,1.0,71.067184
0.26653594,1.0,2.0,2662.557781,0.38,2540,75000,0.22,0.1,1.0,193.61633
0.13980183,1.0,2.0,2662.557781,0.38,2540,75000,0.22,0.1,2.0,193.59778
0.20314965,3.0,3.0,2070.0,0.36,1470,150000,0.35,0.1,1.0,60.09744
0.052458763,1.0,1.0,2662.557781,0.38,1770,220000,0.2,0.2,1.0,193.60985
0.15121175,2.0,1.0,2000.0,0.37,1770,220000,0.2,0.1,2.0,51.50191
0.40896872,2.0,4.0,2000.0,0.37,2530,85000,0.21,0.3,1.0,73.40157
0.18255661,1.0,3.0,2662.557781,0.38,1470,150000,0.35,0.3,1.0,193.61826
0.2550142,1.0,4.0,2662.557781,0.38,2530,85000,0.21,0.2,1.0,193.60725
0.44693363,1.0,4.0,2662.557781,0.38,2530,85000,0.21,0.1,1.0,193.6188
0.18055144,3.0,1.0,2070.0,0.36,1770,220000,0.2,0.1,2.0,51.765255
0.49274912,2.0,3.0,2000.0,0.37,1470,150000,0.35,0.2,1.0,77.563705
0.26968458,2.0,4.0,2000.0,0.37,2530,85000,0.21,0.1,1.0,66.08328
0.4811814,3.0,2.0,2070.0,0.36,2540,75000,0.22,0.1,2.0,64.48965
0.29486102,3.0,2.0,2070.0,0.36,2540,75000,0.22,0.1,1.0,65.72631
0.25866407,3.0,3.0,2070.0,0.36,1470,150000,0.35,0.3,1.0,60.464973
0.23846899,4.0,4.0,1890.0,0.4,2530,85000,0.21,0.2,1.0,43.85957
0.40323728,4.0,4.0,1890.0,0.4,2530,85000,0.21,0.1,2.0,45.147297
0.10407099,2.0,1.0,2000.0,0.37,1770,220000,0.2,0.1,2.0,51.24832
0.37156254,2.0,4.0,2000.0,0.37,2530,85000,0.21,0.1,1.0,71.43349
0.43377152,3.0,1.0,2070.0,0.36,1770,220000,0.2,0.1,1.0,77.61647
0.49745458,1.0,4.0,2662.557781,0.38,2530,85000,0.21,0.2,1.0,193.60725
0.40417933,4.0,2.0,1890.0,0.4,2540,75000,0.22,0.3,1.0,48.12821
0.06371554,1.0,2.0,2662.557781,0.38,2540,75000,0.22,0.1,1.0,193.61633
0.24607308,2.0,3.0,2000.0,0.37,1470,150000,0.35,0.2,1.0,62.507095
0.48216143,2.0,1.0,2000.0,0.37,1770,220000,0.2,0.3,1.0,81.74559
0.4149907,3.0,2.0,2070.0,0.36,2540,75000,0.22,0.1,2.0,60.53575
0.09296507,4.0,4.0,1890.0,0.4,2530,85000,0.21,0.1,2.0,39.079525
0.17834648,3.0,2.0,2070.0,0.36,2540,75000,0.22,0.2,1.0,57.00613
0.48233476,4.0,4.0,1890.0,0.4,2530,85000,0.21,0.3,1.0,56.494785
0.44261104,1.0,2.0,2662.557781,0.38,2540,75000,0.22,0.1,1.0,193.61633
0.3565847,3.0,2.0,2070.0,0.36,2540,75000,0.22,0.1,1.0,69.562325
0.47195992,2.0,1.0,2000.0,0.37,1770,220000,0.2,0.2,1.0,73.418
0.49527213,4.0,2.0,1890.0,0.4,2540,75000,0.22,0.2,1.0,57.790558
0.43074498,1.0,4.0,2662.557781,0.38,2530,85000,0.21,0.1,2.0,193.61185
0.26832604,3.0,3.0,2070.0,0.36,1470,150000,0.35,0.1,2.0,52.386494
0.4565651,3.0,4.0,2070.0,0.36,2530,85000,0.21,0.3,1.0,76.19924
0.14008482,4.0,2.0,1890.0,0.4,2540,75000,0.22,0.2,1.0,40.89656
0.07648005,3.0,4.0,2070.0,0.36,2530,85000,0.21,0.2,1.0,56.45952
0.26925427,4.0,1.0,1890.0,0.4,1770,220000,0.2,0.1,2.0,40.672184
0.3082365,2.0,4.0,2000.0,0.37,2530,85000,0.21,0.3,1.0,64.39506
0.2961542,4.0,1.0,1890.0,0.4,1770,220000,0.2,0.1,1.0,47.40834
0.06372596,3.0,1.0,2070.0,0.36,1770,220000,0.2,0.1,1.0,59.47896
0.2434799,2.0,3.0,2000.0,0.37,1470,150000,0.35,0.2,1.0,62.507095
0.43776432,1.0,3.0,2662.557781,0.38,1470,150000,0.35,0.1,1.0,193.6245
0.33533138,4.0,2.0,1890.0,0.4,2540,75000,0.22,0.1,1.0,46.025734
0.27027392,2.0,1.0,2000.0,0.37,1770,220000,0.2,0.1,2.0,53.127724
0.19755895,3.0,2.0,2070.0,0.36,2540,75000,0.22,0.2,1.0,57.912968
0.05431952,1.0,4.0,2662.557781,0.38,2530,85000,0.21,0.3,1.0,193.60971
0.3058695,4.0,3.0,1890.0,0.4,1470,150000,0.35,0.1,2.0,41.229355
0.2061606,2.0,2.0,2000.0,0.37,2540,75000,0.22,0.1,2.0,52.495026
0.33510196,2.0,3.0,2000.0,0.37,1470,150000,0.35,0.3,1.0,66.17818
0.24925816,4.0,3.0,1890.0,0.4,1470,150000,0.35,0.1,1.0,43.69049
0.115565196,1.0,4.0,2662.557781,0.38,2530,85000,0.21,0.2,1.0,193.60725
0.3107895,1.0,2.0,2662.557781,0.38,2540,75000,0.22,0.3,1.0,193.61383
0.47936088,4.0,1.0,1890.0,0.4,1770,220000,0.2,0.1,2.0,48.458153
0.35676098,4.0,2.0,1890.0,0.4,2540,75000,0.22,0.1,2.0,43.653175
0.48937201,3.0,1.0,2070.0,0.36,1770,220000,0.2,0.2,1.0,79.823845
0.22195566,1.0,3.0,2662.557781,0.38,1470,150000,0.35,0.1,1.0,193.61409
0.48586893,4.0,1.0,1890.0,0.4,1770,220000,0.2,0.1,2.0,49.90051
0.4171497,2.0,4.0,2000.0,0.37,2530,85000,0.21,0.3,1.0,73.40157
0.41585758,4.0,3.0,1890.0,0.4,1470,150000,0.35,0.3,1.0,49.520245
0.42689833,4.0,2.0,1890.0,0.4,2540,75000,0.22,0.1,2.0,46.16789
0.4823571,4.0,1.0,1890.0,0.4,1770,220000,0.2,0.1,1.0,60.49659
0.46507832,1.0,1.0,2662.557781,0.38,1770,220000,0.2,0.3,1.0,193.61813
0.07618128,3.0,3.0,2070.0,0.36,1470,150000,0.35,0.3,1.0,56.202003
0.073921286,3.0,3.0,2070.0,0.36,1470,150000,0.35,0.2,1.0,56.976337
0.37731874,3.0,2.0,2070.0,0.36,2540,75000,0.22,0.1,1.0,70.146324
0.46411425,2.0,3.0,2000.0,0.37,1470,150000,0.35,0.3,1.0,74.92998
0.112482265,3.0,1.0,2070.0,0.36,1770,220000,0.2,0.2,1.0,57.921295
0.2951643,3.0,1.0,2070.0,0.36,1770,220000,0.2,0.1,2.0,54.078453
0.32152173,2.0,3.0,2000.0,0.37,1470,150000,0.35,0.2,1.0,64.1034
0.35561034,1.0,1.0,2662.557781,0.38,1770,220000,0.2,0.3,1.0,193.61253
0.21364035,4.0,3.0,1890.0,0.4,1470,150000,0.35,0.2,1.0,42.291416
0.44106916,1.0,4.0,2662.557781,0.38,2530,85000,0.21,0.3,1.0,193.61688
0.37961116,2.0,2.0,2000.0,0.37,2540,75000,0.22,0.3,1.0,68.28963
0.33593425,1.0,1.0,2662.557781,0.38,1770,220000,0.2,0.1,1.0,193.61649
0.11744172,3.0,1.0,2070.0,0.36,1770,220000,0.2,0.1,1.0,59.47896
0.47144392,4.0,3.0,1890.0,0.4,1470,150000,0.35,0.3,1.0,57.124874
0.051043708,2.0,4.0,2000.0,0.37,2530,85000,0.21,0.2,1.0,57.06411
0.07625871,2.0,3.0,2000.0,0.37,1470,150000,0.35,0.3,1.0,55.790512
0.2503508,2.0,2.0,2000.0,0.37,2540,75000,0.22,0.2,1.0,62.425514
0.47670266,1.0,1.0,2662.557781,0.38,1770,220000,0.2,0.2,1.0,193.62776
0.20415805,4.0,3.0,1890.0,0.4,1470,150000,0.35,0.2,1.0,42.291416
0.4488009,3.0,4.0,2070.0,0.36,2530,85000,0.21,0.1,1.0,75.790695
0.17618722,3.0,2.0,2070.0,0.36,2540,75000,0.22,0.2,1.0,57.00613
0.43829024,1.0,3.0,2662.557781,0.38,1470,150000,0.35,0.1,1.0,193.6245
0.06795519,2.0,2.0,2000.0,0.37,2540,75000,0.22,0.2,1.0,58.42974
0.28789037,4.0,4.0,1890.0,0.4,2530,85000,0.21,0.1,2.0,41.50238
0.3135239,3.0,2.0,2070.0,0.36,2540,75000,0.22,0.1,1.0,65.72631
0.30295992,3.0,1.0,2070.0,0.36,1770,220000,0.2,0.1,2.0,54.078453
0.12739792,2.0,1.0,2000.0,0.37,1770,220000,0.2,0.1,1.0,59.007904
0.3677609,1.0,2.0,2662.557781,0.38,2540,75000,0.22,0.1,1.0,193.61633
0.40961432,2.0,3.0,2000.0,0.37,1470,150000,0.35,0.3,1.0,70.08887
0.18060718,3.0,3.0,2070.0,0.36,1470,150000,0.35,0.1,2.0,50.089962
0.31627446,3.0,2.0,2070.0,0.36,2540,75000,0.22,0.1,1.0,65.72631
0.31126976,4.0,4.0,1890.0,0.4,2530,85000,0.21,0.3,1.0,43.753654
0.16282915,4.0,1.0,1890.0,0.4,1770,220000,0.2,0.2,1.0,41.488144
0.38077044,3.0,4.0,2070.0,0.36,2530,85000,0.21,0.2,1.0,71.0546
0.17923668,1.0,4.0,2662.557781,0.38,2530,85000,0.21,0.1,2.0,193.60449
0.24952656,1.0,3.0,2662.557781,0.38,1470,150000,0.35,0.3,1.0,193.61826
0.48189363,1.0,1.0,2662.557781,0.38,1770,220000,0.2,0.3,1.0,193.61813
0.34122738,3.0,2.0,2070.0,0.36,2540,75000,0.22,0.1,1.0,65.72631
0.15214224,1.0,1.0,2662.557781,0.38,1770,220000,0.2,0.1,1.0,193.61649
0.05943461,3.0,1.0,2070.0,0.36,1770,220000,0.2,0.1,2.0,51.765255
0.20238645,4.0,2.0,1890.0,0.4,2540,75000,0.22,0.1,1.0,41.755608
0.4874337,4.0,1.0,1890.0,0.4,1770,220000,0.2,0.1,1.0,60.558758
0.4938704,1.0,3.0,2662.557781,0.38,1470,150000,0.35,0.1,2.0,193.60794
0.46313244,1.0,4.0,2662.557781,0.38,2530,85000,0.21,0.1,2.0,193.61456
0.48193505,4.0,2.0,1890.0,0.4,2540,75000,0.22,0.2,1.0,57.790558
0.21079767,1.0,1.0,2662.557781,0.38,1770,220000,0.2,0.3,1.0,193.61253
0.49558064,1.0,1.0,2662.557781,0.38,1770,220000,0.2,0.1,1.0,193.61649
0.07341561,1.0,2.0,2662.557781,0.38,2540,75000,0.22,0.3,1.0,193.61383
0.051464323,2.0,1.0,2000.0,0.37,1770,220000,0.2,0.2,1.0,59.667767
0.49491978,3.0,2.0,2070.0,0.36,2540,75000,0.22,0.3,1.0,77.54649
0.30145356,2.0,1.0,2000.0,0.37,1770,220000,0.2,0.3,1.0,65.63401
0.4996682,4.0,2.0,1890.0,0.4,2540,75000,0.22,0.1,2.0,56.595333
0.37379932,1.0,1.0,2662.557781,0.38,1770,220000,0.2,0.1,2.0,193.60466
0.09367388,2.0,1.0,2000.0,0.37,1770,220000,0.2,0.3,1.0,58.26203
0.13819915,2.0,3.0,2000.0,0.37,1470,150000,0.35,0.1,1.0,59.927647
0.4730104,2.0,1.0,2000.0,0.37,1770,220000,0.2,0.3,1.0,80.57171
0.19986573,4.0,4.0,1890.0,0.4,2530,85000,0.21,0.3,1.0,41.60559
0.48388973,1.0,3.0,2662.557781,0.38,1470,150000,0.35,0.3,1.0,193.61826
0.40010047,1.0,1.0,2662.557781,0.38,1770,220000,0.2,0.2,1.0,193.62125
0.090284705,4.0,4.0,1890.0,0.4,2530,85000,0.21,0.3,1.0,40.661255
0.06826329,2.0,3.0,2000.0,0.37,1470,150000,0.35,0.3,1.0,55.790512
0.2185787,2.0,4.0,2000.0,0.37,2530,85000,0.21,0.1,1.0,60.425312
0.43111107,4.0,1.0,1890.0,0.4,1770,220000,0.2,0.3,1.0,50.105587
0.4420291,2.0,1.0,2000.0,0.37,1770,220000,0.2,0.2,1.0,72.23482
0.142673,2.0,3.0,2000.0,0.37,1470,150000,0.35,0.2,1.0,57.855377
0.41387606,2.0,4.0,2000.0,0.37,2530,85000,0.21,0.1,1.0,71.73584
0.07835258,3.0,1.0,2070.0,0.36,1770,220000,0.2,0.1,1.0,59.47896
0.32081357,4.0,2.0,1890.0,0.4,2540,75000,0.22,0.1,2.0,41.67629
0.23399086,2.0,4.0,2000.0,0.37,2530,85000,0.21,0.1,1.0,66.08328
0.1112027,4.0,1.0,1890.0,0.4,1770,220000,0.2,0.1,1.0,40.359413
0.06537132,1.0,2.0,2662.557781,0.38,2540,75000,0.22,0.2,1.0,193.61613
0.43632174,2.0,2.0,2000.0,0.37,2540,75000,0.22,0.2,1.0,75.6025
0.24432673,3.0,2.0,2070.0,0.36,2540,75000,0.22,0.3,1.0,58.519054
0.13278145,3.0,3.0,2070.0,0.36,1470,150000,0.35,0.1,1.0,60.09744
0.4930117,4.0,2.0,1890.0,0.4,2540,75000,0.22,0.1,1.0,64.54874
0.431164,3.0,3.0,2070.0,0.36,1470,150000,0.35,0.3,1.0,68.94855
0.47766778,3.0,4.0,2070.0,0.36,2530,85000,0.21,0.1,1.0,77.82476
0.23456708,4.0,3.0,1890.0,0.4,1470,150000,0.35,0.2,1.0,42.692303
0.43647465,4.0,3.0,1890.0,0.4,1470,150000,0.35,0.1,1.0,51.545193
0.29848725,3.0,3.0,2070.0,0.36,1470,150000,0.35,0.1,1.0,64.937874
0.47155458,2.0,3.0,2000.0,0.37,1470,150000,0.35,0.3,1.0,80.04583
0.21556854,2.0,1.0,2000.0,0.37,1770,220000,0.2,0.1,2.0,51.50191
0.45548204,1.0,4.0,2662.557781,0.38,2530,85000,0.21,0.1,2.0,193.61281
0.3813149,1.0,4.0,2662.557781,0.38,2530,85000,0.21,0.1,1.0,193.61638
0.26284477,2.0,3.0,2000.0,0.37,1470,150000,0.35,0.2,1.0,62.507095
0.18668793,3.0,4.0,2070.0,0.36,2530,85000,0.21,0.2,1.0,58.11015
0.3833301,3.0,1.0,2070.0,0.36,1770,220000,0.2,0.1,2.0,58.996338
0.08063372,2.0,4.0,2000.0,0.37,2530,85000,0.21,0.1,1.0,60.425312
0.3644725,2.0,3.0,2000.0,0.37,1470,150000,0.35,0.1,1.0,70.22844
0.43180057,1.0,3.0,2662.557781,0.38,1470,150000,0.35,0.1,1.0,193.6245
0.05434734,4.0,1.0,1890.0,0.4,1770,220000,0.2,0.3,1.0,39.67172
0.18629459,1.0,1.0,2662.557781,0.38,1770,220000,0.2,0.3,1.0,193.61253
0.07286972,1.0,2.0,2662.557781,0.38,2540,75000,0.22,0.1,2.0,193.59778
0.24724905,3.0,3.0,2070.0,0.36,1470,150000,0.35,0.1,2.0,50.089962
0.1830338,2.0,1.0,2000.0,0.37,1770,220000,0.2,0.1,1.0,59.007904
0.48180926,2.0,4.0,2000.0,0.37,2530,85000,0.21,0.3,1.0,80.58588
0.15613227,4.0,2.0,1890.0,0.4,2540,75000,0.22,0.1,2.0,39.110336
0.32305574,1.0,4.0,2662.557781,0.38,2530,85000,0.21,0.1,1.0,193.61638
0.41003063,3.0,4.0,2070.0,0.36,2530,85000,0.21,0.1,2.0,62.138557
0.31175286,3.0,4.0,2070.0,0.36,2530,85000,0.21,0.1,2.0,55.018703
0.21553445,3.0,2.0,2070.0,0.36,2540,75000,0.22,0.2,1.0,57.912968
0.0747327,1.0,1.0,2662.557781,0.38,1770,220000,0.2,0.1,1.0,193.61009
0.05060737,3.0,3.0,2070.0,0.36,1470,150000,0.35,0.1,1.0,55.68668
0.28245053,3.0,2.0,2070.0,0.36,2540,75000,0.22,0.1,1.0,63.958622
0.23728263,2.0,2.0,2000.0,0.37,2540,75000,0.22,0.3,1.0,58.834404
0.17201,4.0,1.0,1890.0,0.4,1770,220000,0.2,0.1,1.0,41.09332
0.31303975,2.0,3.0,2000.0,0.37,1470,150000,0.35,0.1,1.0,65.808
0.3840853,4.0,2.0,1890.0,0.4,2540,75000,0.22,0.1,1.0,49.300663
0.069289945,3.0,1.0,2070.0,0.36,1770,220000,0.2,0.1,1.0,59.47896
0.11624725,3.0,2.0,2070.0,0.36,2540,75000,0.22,0.2,1.0,54.98681
0.4113516,1.0,3.0,2662.557781,0.38,1470,150000,0.35,0.3,1.0,193.61826
0.39026335,1.0,2.0,2662.557781,0.38,2540,75000,0.22,0.1,2.0,193.60213
0.45906445,1.0,4.0,2662.557781,0.38,2530,85000,0.21,0.1,1.0,193.6188
0.42537507,4.0,2.0,1890.0,0.4,2540,75000,0.22,0.1,1.0,52.18742
0.302027,2.0,1.0,2000.0,0.37,1770,220000,0.2,0.1,1.0,65.83627
0.4795391,1.0,1.0,2662.557781,0.38,1770,220000,0.2,0.1,2.0,193.60466
0.424743,1.0,3.0,2662.557781,0.38,1470,150000,0.35,0.2,1.0,193.61172
0.45268416,2.0,2.0,2000.0,0.37,2540,75000,0.22,0.2,1.0,76.82794
0.11831033,2.0,3.0,2000.0,0.37,1470,150000,0.35,0.1,1.0,59.927647
0.1439618,2.0,3.0,2000.0,0.37,1470,150000,0.35,0.3,1.0,55.790512
0.35874054,2.0,3.0,2000.0,0.37,1470,150000,0.35,0.1,1.0,68.14936
0.20290077,4.0,2.0,1890.0,0.4,2540,75000,0.22,0.1,1.0,42.337784
0.18901727,3.0,1.0,2070.0,0.36,1770,220000,0.2,0.1,2.0,51.765255
0.48066276,3.0,4.0,2070.0,0.36,2530,85000,0.21,0.1,1.0,79.126976
0.48365253,1.0,4.0,2662.557781,0.38,2530,85000,0.21,0.2,1.0,193.60725
0.49704957,2.0,1.0,2000.0,0.37,1770,220000,0.2,0.1,1.0,83.52117
0.2941519,2.0,1.0,2000.0,0.37,1770,220000,0.2,0.1,2.0,53.127724
0.06479212,4.0,4.0,1890.0,0.4,2530,85000,0.21,0.1,1.0,40.18982
0.29100677,1.0,3.0,2662.557781,0.38,1470,150000,0.35,0.1,2.0,193.60794
0.08793686,3.0,4.0,2070.0,0.36,2530,85000,0.21,0.2,1.0,56.45952
0.23898967,4.0,3.0,1890.0,0.4,1470,150000,0.35,0.3,1.0,43.529064
0.063671365,3.0,2.0,2070.0,0.36,2540,75000,0.22,0.2,1.0,54.98681
0.2328067,4.0,1.0,1890.0,0.4,1770,220000,0.2,0.2,1.0,42.753025
0.28706005,2.0,1.0,2000.0,0.37,1770,220000,0.2,0.3,1.0,63.916805
0.10256904,3.0,3.0,2070.0,0.36,1470,150000,0.35,0.1,2.0,50.089962
0.26601976,1.0,4.0,2662.557781,0.38,2530,85000,0.21,0.3,1.0,193.61688
0.45293984,3.0,4.0,2070.0,0.36,2530,85000,0.21,0.1,1.0,75.790695
0.18779065,3.0,1.0,2070.0,0.36,1770,220000,0.2,0.2,1.0,58.282413
0.297432,3.0,2.0,2070.0,0.36,2540,75000,0.22,0.1,1.0,65.72631
0.24479121,3.0,2.0,2070.0,0.36,2540,75000,0.22,0.2,1.0,57.912968
0.3614428,1.0,3.0,2662.557781,0.38,1470,150000,0.35,0.2,1.0,193.61172
0.050898556,1.0,2.0,2662.557781,0.38,2540,75000,0.22,0.1,2.0,193.59778
0.2485467,3.0,2.0,2070.0,0.36,2540,75000,0.22,0.1,1.0,60.93134
0.05709483,1.0,2.0,2662.557781,0.38,2540,75000,0.22,0.3,1.0,193.61383
0.4657262,2.0,4.0,2000.0,0.37,2530,85000,0.21,0.1,2.0,67.55697
0.37573737,2.0,2.0,2000.0,0.37,2540,75000,0.22,0.3,1.0,68.28963
0.49370754,4.0,4.0,1890.0,0.4,2530,85000,0.21,0.3,1.0,62.123985
0.061014768,1.0,2.0,2662.557781,0.38,2540,75000,0.22,0.2,1.0,193.59875
0.287366,4.0,4.0,1890.0,0.4,2530,85000,0.21,0.1,1.0,45.337593
0.40821895,1.0,1.0,2662.557781,0.38,1770,220000,0.2,0.1,2.0,193.60466
0.28497162,2.0,2.0,2000.0,0.37,2540,75000,0.22,0.2,1.0,66.13671
0.49824676,3.0,1.0,2070.0,0.36,1770,220000,0.2,0.1,2.0,65.703545
0.06715082,4.0,2.0,1890.0,0.4,2540,75000,0.22,0.3,1.0,40.49044
0.065125115,4.0,3.0,1890.0,0.4,1470,150000,0.35,0.1,1.0,39.98905
0.48918083,2.0,3.0,2000.0,0.37,1470,150000,0.35,0.3,1.0,88.93025
0.2737905,3.0,4.0,2070.0,0.36,2530,85000,0.21,0.1,1.0,62.46163
0.17786387,4.0,2.0,1890.0,0.4,2540,75000,0.22,0.3,1.0,41.488037
0.17326987,2.0,4.0,2000.0,0.37,2530,85000,0.21,0.3,1.0,58.675774
0.37867776,3.0,2.0,2070.0,0.36,2540,75000,0.22,0.1,2.0,58.565247
0.09562673,1.0,4.0,2662.557781,0.38,2530,85000,0.21,0.1,1.0,193.61638
0.40550077,2.0,4.0,2000.0,0.37,2530,85000,0.21,0.1,1.0,71.43349
0.41680878,2.0,3.0,2000.0,0.37,1470,150000,0.35,0.1,1.0,73.05879
0.49782166,1.0,2.0,2662.557781,0.38,2540,75000,0.22,0.2,1.0,193.61613
0.25078425,1.0,4.0,2662.557781,0.38,2530,85000,0.21,0.2,1.0,193.60725
0.38564655,3.0,2.0,2070.0,0.36,2540,75000,0.22,0.3,1.0,63.874947
0.38718915,1.0,2.0,2662.557781,0.38,2540,75000,0.22,0.2,1.0,193.61613
0.18539923,1.0,2.0,2662.557781,0.38,2540,75000,0.22,0.1,2.0,193.60213
0.33090195,2.0,2.0,2000.0,0.37,2540,75000,0.22,0.1,1.0,66.271255
0.064954296,2.0,3.0,2000.0,0.37,1470,150000,0.35,0.1,1.0,59.927647
0.088585205,2.0,2.0,2000.0,0.37,2540,75000,0.22,0.2,1.0,59.133415
0.40197632,2.0,2.0,2000.0,0.37,2540,75000,0.22,0.1,2.0,61.89763
0.15508883,1.0,1.0,2662.557781,0.38,1770,220000,0.2,0.3,1.0,193.61253
0.39650792,2.0,3.0,2000.0,0.37,1470,150000,0.35,0.3,1.0,70.08887
0.3227281,3.0,1.0,2070.0,0.36,1770,220000,0.2,0.1,2.0,54.078453
0.12436075,4.0,2.0,1890.0,0.4,2540,75000,0.22,0.1,2.0,39.110336
0.05912636,1.0,3.0,2662.557781,0.38,1470,150000,0.35,0.3,1.0,193.61313
0.12712488,1.0,1.0,2662.557781,0.38,1770,220000,0.2,0.3,1.0,193.60858
0.4098878,4.0,3.0,1890.0,0.4,1470,150000,0.35,0.1,1.0,51.545193
0.3708644,3.0,2.0,2070.0,0.36,2540,75000,0.22,0.2,1.0,64.59327
0.1467219,3.0,1.0,2070.0,0.36,1770,220000,0.2,0.1,1.0,59.47896
0.12051211,4.0,1.0,1890.0,0.4,1770,220000,0.2,0.2,1.0,40.646843
0.28856382,3.0,4.0,2070.0,0.36,2530,85000,0.21,0.1,2.0,53.125664
0.4765522,3.0,3.0,2070.0,0.36,1470,150000,0.35,0.3,1.0,77.29536
0.22556768,1.0,4.0,2662.557781,0.38,2530,85000,0.21,0.2,1.0,193.60725
0.4861685,4.0,1.0,1890.0,0.4,1770,220000,0.2,0.1,1.0,60.49659
0.051792093,3.0,2.0,2070.0,0.36,2540,75000,0.22,0.1,2.0,51.249146
0.44794384,1.0,4.0,2662.557781,0.38,2530,85000,0.21,0.2,1.0,193.60725
0.054494638,1.0,1.0,2662.557781,0.38,1770,220000,0.2,0.1,2.0,193.60466
0.3096716,1.0,1.0,2662.557781,0.38,1770,220000,0.2,0.1,1.0,193.61649
0.46220928,1.0,2.0,2662.557781,0.38,2540,75000,0.22,0.3,1.0,193.61423
0.46489835,3.0,1.0,2070.0,0.36,1770,220000,0.2,0.1,2.0,61.464897
0.46155307,1.0,1.0,2662.557781,0.38,1770,220000,0.2,0.1,1.0,193.61649
0.06459734,1.0,1.0,2662.557781,0.38,1770,220000,0.2,0.3,1.0,193.60634
0.49127114,3.0,2.0,2070.0,0.36,2540,75000,0.22,0.1,2.0,64.48965
0.3539293,3.0,1.0,2070.0,0.36,1770,220000,0.2,0.1,2.0,54.078453
0.44177237,4.0,3.0,1890.0,0.4,1470,150000,0.35,0.2,1.0,56.205128
0.344646,1.0,4.0,2662.557781,0.38,2530,85000,0.21,0.1,1.0,193.61638
0.21599022,3.0,2.0,2070.0,0.36,2540,75000,0.22,0.1,1.0,60.67926
0.19735889,1.0,4.0,2662.557781,0.38,2530,85000,0.21,0.2,1.0,193.60725
0.48957646,1.0,4.0,2662.557781,0.38,2530,85000,0.21,0.3,1.0,193.61688
0.29252848,4.0,4.0,1890.0,0.4,2530,85000,0.21,0.2,1.0,45.481953
0.10446227,1.0,2.0,2662.557781,0.38,2540,75000,0.22,0.1,2.0,193.59778
0.24125455,2.0,2.0,2000.0,0.37,2540,75000,0.22,0.3,1.0,58.834404
0.20385323,3.0,4.0,2070.0,0.36,2530,85000,0.21,0.1,1.0,59.445686
0.40583318,1.0,4.0,2662.557781,0.38,2530,85000,0.21,0.1,1.0,193.61638
0.06938656,2.0,2.0,2000.0,0.37,2540,75000,0.22,0.1,2.0,52.495026
0.4430853,2.0,4.0,2000.0,0.37,2530,85000,0.21,0.3,1.0,80.202644
0.40134493,1.0,2.0,2662.557781,0.38,2540,75000,0.22,0.3,1.0,193.61383
0.3892651,2.0,2.0,2000.0,0.37,2540,75000,0.22,0.1,1.0,66.271255
0.44734797,3.0,3.0,2070.0,0.36,1470,150000,0.35,0.3,1.0,73.017044
0.22307605,3.0,3.0,2070.0,0.36,1470,150000,0.35,0.3,1.0,57.51111
0.051981844,4.0,4.0,1890.0,0.4,2530,85000,0.21,0.1,2.0,38.66357
0.19390361,2.0,3.0,2000.0,0.37,1470,150000,0.35,0.1,2.0,52.25445
0.16273728,2.0,4.0,2000.0,0.37,2530,85000,0.21,0.2,1.0,61.06328
0.20984918,2.0,3.0,2000.0,0.37,1470,150000,0.35,0.3,1.0,58.198406
0.12039542,4.0,1.0,1890.0,0.4,1770,220000,0.2,0.2,1.0,40.646843
0.058133647,1.0,1.0,2662.557781,0.38,1770,220000,0.2,0.3,1.0,193.60634
0.24141699,3.0,3.0,2070.0,0.36,1470,150000,0.35,0.1,1.0,63.64308
0.23074469,1.0,3.0,2662.557781,0.38,1470,150000,0.35,0.1,1.0,193.61409
0.48113644,3.0,2.0,2070.0,0.36,2540,75000,0.22,0.3,1.0,77.54649
0.4988148,2.0,2.0,2000.0,0.37,2540,75000,0.22,0.1,2.0,63.03737
0.08881891,1.0,1.0,2662.557781,0.38,1770,220000,0.2,0.2,1.0,193.60985
0.39279503,3.0,1.0,2070.0,0.36,1770,220000,0.2,0.3,1.0,66.88894
0.3456795,3.0,3.0,2070.0,0.36,1470,150000,0.35,0.1,1.0,65.619064
0.34782314,3.0,3.0,2070.0,0.36,1470,150000,0.35,0.1,2.0,55.033157
0.13496709,2.0,4.0,2000.0,0.37,2530,85000,0.21,0.1,2.0,51.98008
0.0677178,2.0,2.0,2000.0,0.37,2540,75000,0.22,0.2,1.0,58.42974
0.31348744,2.0,2.0,2000.0,0.37,2540,75000,0.22,0.3,1.0,66.08557
0.27178884,4.0,1.0,1890.0,0.4,1770,220000,0.2,0.1,1.0,45.4132
0.49453217,3.0,1.0,2070.0,0.36,1770,220000,0.2,0.3,1.0,82.43215
0.27224475,4.0,1.0,1890.0,0.4,1770,220000,0.2,0.2,1.0,45.240993
0.110330656,1.0,4.0,2662.557781,0.38,2530,85000,0.21,0.1,1.0,193.61638
0.4887733,4.0,4.0,1890.0,0.4,2530,85000,0.21,0.2,1.0,56.0021
0.34359163,1.0,3.0,2662.557781,0.38,1470,150000,0.35,0.3,1.0,193.61826
0.060128383,1.0,1.0,2662.557781,0.38,1770,220000,0.2,0.1,2.0,193.60466
0.45549077,1.0,2.0,2662.557781,0.38,2540,75000,0.22,0.1,2.0,193.60213
0.2851834,2.0,4.0,2000.0,0.37,2530,85000,0.21,0.3,1.0,64.39506
0.26464945,3.0,3.0,2070.0,0.36,1470,150000,0.35,0.3,1.0,60.464973
0.17308594,3.0,4.0,2070.0,0.36,2530,85000,0.21,0.1,1.0,56.463963
0.052154023,4.0,2.0,1890.0,0.4,2540,75000,0.22,0.1,1.0,39.60881
0.058642935,1.0,3.0,2662.557781,0.38,1470,150000,0.35,0.3,1.0,193.61313
0.28283232,4.0,2.0,1890.0,0.4,2540,75000,0.22,0.3,1.0,44.139175
0.4520391,1.0,2.0,2662.557781,0.38,2540,75000,0.22,0.2,1.0,193.61613
0.16565683,3.0,2.0,2070.0,0.36,2540,75000,0.22,0.1,2.0,52.236835
0.44757235,2.0,3.0,2000.0,0.37,1470,150000,0.35,0.3,1.0,74.92998
0.45992577,1.0,2.0,2662.557781,0.38,2540,75000,0.22,0.1,2.0,193.61012
0.4757383,1.0,3.0,2662.557781,0.38,1470,150000,0.35,0.1,1.0,193.6245
0.07769041,1.0,1.0,2662.557781,0.38,1770,220000,0.2,0.3,1.0,193.60634
0.37299815,2.0,4.0,2000.0,0.37,2530,85000,0.21,0.2,1.0,69.646675
0.24241573,1.0,4.0,2662.557781,0.38,2530,85000,0.21,0.2,1.0,193.60725
0.07346258,3.0,2.0,2070.0,0.36,2540,75000,0.22,0.3,1.0,55.458813
0.4979622,4.0,2.0,1890.0,0.4,2540,75000,0.22,0.1,1.0,66.556656
0.3414569,3.0,2.0,2070.0,0.36,2540,75000,0.22,0.1,1.0,65.72631
0.14379226,2.0,1.0,2000.0,0.37,1770,220000,0.2,0.1,2.0,51.24832
0.49188805,2.0,4.0,2000.0,0.37,2530,85000,0.21,0.2,1.0,86.257996
0.063475974,2.0,4.0,2000.0,0.37,2530,85000,0.21,0.2,1.0,58.49293
0.4845954,1.0,3.0,2662.557781,0.38,1470,150000,0.35,0.3,1.0,193.61826
0.3853428,1.0,1.0,2662.557781,0.38,1770,220000,0.2,0.1,1.0,193.61649
0.2860733,4.0,2.0,1890.0,0.4,2540,75000,0.22,0.1,2.0,41.158752
0.16874136,1.0,1.0,2662.557781,0.38,1770,220000,0.2,0.3,1.0,193.61253
0.19062051,3.0,4.0,2070.0,0.36,2530,85000,0.21,0.2,1.0,58.11015
0.3791694,1.0,2.0,2662.557781,0.38,2540,75000,0.22,0.2,1.0,193.61613
0.051350083,3.0,2.0,2070.0,0.36,2540,75000,0.22,0.1,2.0,50.12884
0.16366905,4.0,4.0,1890.0,0.4,2530,85000,0.21,0.1,2.0,39.359474
0.409135,4.0,2.0,1890.0,0.4,2540,75000,0.22,0.3,1.0,48.12821
0.24558683,3.0,1.0,2070.0,0.36,1770,220000,0.2,0.1,1.0,61.7134
0.20826416,4.0,3.0,1890.0,0.4,1470,150000,0.35,0.3,1.0,42.55693
0.22345652,2.0,1.0,2000.0,0.37,1770,220000,0.2,0.1,1.0,59.226437
0.29266748,4.0,3.0,1890.0,0.4,1470,150000,0.35,0.2,1.0,45.738976
0.48638013,3.0,1.0,2070.0,0.36,1770,220000,0.2,0.2,1.0,79.823845
0.25532207,1.0,4.0,2662.557781,0.38,2530,85000,0.21,0.1,1.0,193.61638
0.18889049,4.0,2.0,1890.0,0.4,2540,75000,0.22,0.3,1.0,42.453514
0.2306616,1.0,2.0,2662.557781,0.38,2540,75000,0.22,0.3,1.0,193.61383
0.44997355,1.0,1.0,2662.557781,0.38,1770,220000,0.2,0.1,1.0,193.61649
0.19240938,2.0,2.0,2000.0,0.37,2540,75000,0.22,0.2,1.0,59.133415
0.33049962,1.0,4.0,2662.557781,0.38,2530,85000,0.21,0.2,1.0,193.60725
0.49477714,1.0,1.0,2662.557781,0.38,1770,220000,0.2,0.1,2.0,193.60632
0.26082256,2.0,2.0,2000.0,0.37,2540,75000,0.22,0.3,1.0,63.655205
0.42558503,2.0,3.0,2000.0,0.37,1470,150000,0.35,0.1,1.0,73.05879
0.3600669,1.0,3.0,2662.557781,0.38,1470,150000,0.35,0.2,1.0,193.61172
0.22469905,3.0,2.0,2070.0,0.36,2540,75000,0.22,0.3,1.0,58.045944
0.05899796,1.0,4.0,2662.557781,0.38,2530,85000,0.21,0.2,1.0,193.60725
0.3974965,1.0,4.0,2662.557781,0.38,2530,85000,0.21,0.3,1.0,193.61688
0.0899569,4.0,3.0,1890.0,0.4,1470,150000,0.35,0.3,1.0,40.168137
0.17603892,3.0,2.0,2070.0,0.36,2540,75000,0.22,0.2,1.0,56.631565
0.33549687,1.0,1.0,2662.557781,0.38,1770,220000,0.2,0.2,1.0,193.62125
0.24713194,2.0,1.0,2000.0,0.37,1770,220000,0.2,0.1,1.0,64.97794
0.24302599,1.0,3.0,2662.557781,0.38,1470,150000,0.35,0.2,1.0,193.60875
0.42360094,4.0,1.0,1890.0,0.4,1770,220000,0.2,0.1,2.0,45.680935
0.42488465,2.0,3.0,2000.0,0.37,1470,150000,0.35,0.3,1.0,71.95225
0.13286601,2.0,3.0,2000.0,0.37,1470,150000,0.35,0.1,2.0,52.25445
0.22946836,4.0,3.0,1890.0,0.4,1470,150000,0.35,0.1,2.0,40.033863
0.070627294,1.0,3.0,2662.557781,0.38,1470,150000,0.35,0.2,1.0,193.60875
0.30166352,4.0,4.0,1890.0,0.4,2530,85000,0.21,0.1,1.0,46.08285
0.44995534,3.0,2.0,2070.0,0.36,2540,75000,0.22,0.1,2.0,64.48965
0.42008293,1.0,2.0,2662.557781,0.38,2540,75000,0.22,0.1,1.0,193.61633
0.17540465,1.0,2.0,2662.557781,0.38,2540,75000,0.22,0.3,1.0,193.61383
0.17463659,2.0,3.0,2000.0,0.37,1470,150000,0.35,0.2,1.0,60.960403
0.07264384,3.0,2.0,2070.0,0.36,2540,75000,0.22,0.3,1.0,55.458813
0.46187797,3.0,3.0,2070.0,0.36,1470,150000,0.35,0.3,1.0,77.29536
0.41532826,4.0,4.0,1890.0,0.4,2530,85000,0.21,0.1,1.0,50.343346
0.33882076,2.0,4.0,2000.0,0.37,2530,85000,0.21,0.1,2.0,55.802902
0.4838299,1.0,3.0,2662.557781,0.38,1470,150000,0.35,0.1,1.0,193.6245
0.14649992,1.0,1.0,2662.557781,0.38,1770,220000,0.2,0.3,1.0,193.60858
0.21754141,4.0,3.0,1890.0,0.4,1470,150000,0.35,0.1,2.0,39.952374
0.49232954,3.0,3.0,2070.0,0.36,1470,150000,0.35,0.1,1.0,75.710045
0.25440925,4.0,2.0,1890.0,0.4,2540,75000,0.22,0.1,1.0,44.80399
0.06251783,2.0,2.0,2000.0,0.37,2540,75000,0.22,0.3,1.0,58.834404
0.22317225,4.0,1.0,1890.0,0.4,1770,220000,0.2,0.2,1.0,42.58509
0.054103065,1.0,1.0,2662.557781,0.38,1770,220000,0.2,0.3,1.0,193.60634
0.48519835,2.0,3.0,2000.0,0.37,1470,150000,0.35,0.2,1.0,77.53777
0.21757108,4.0,3.0,1890.0,0.4,1470,150000,0.35,0.1,2.0,40.033863
0.29959673,4.0,2.0,1890.0,0.4,2540,75000,0.22,0.2,1.0,46.030304
0.31995994,1.0,2.0,2662.557781,0.38,2540,75000,0.22,0.1,1.0,193.61633
0.36535287,1.0,1.0,2662.557781,0.38,1770,220000,0.2,0.3,1.0,193.61253
0.073425725,2.0,2.0,2000.0,0.37,2540,75000,0.22,0.2,1.0,58.42974
0.23415059,2.0,4.0,2000.0,0.37,2530,85000,0.21,0.2,1.0,62.76192
0.4879557,1.0,1.0,2662.557781,0.38,1770,220000,0.2,0.2,1.0,193.62776
0.05571145,3.0,2.0,2070.0,0.36,2540,75000,0.22,0.1,2.0,52.236835
0.41783875,1.0,2.0,2662.557781,0.38,2540,75000,0.22,0.1,2.0,193.60213
0.06291416,4.0,3.0,1890.0,0.4,1470,150000,0.35,0.3,1.0,39.316536
0.42896202,1.0,1.0,2662.557781,0.38,1770,220000,0.2,0.1,2.0,193.60466
0.22288083,4.0,3.0,1890.0,0.4,1470,150000,0.35,0.3,1.0,43.529064
0.18317688,2.0,2.0,2000.0,0.37,2540,75000,0.22,0.1,1.0,61.16332
0.3088897,1.0,1.0,2662.557781,0.38,1770,220000,0.2,0.1,1.0,193.61649
0.051573656,4.0,2.0,1890.0,0.4,2540,75000,0.22,0.1,1.0,39.60881
0.15402955,3.0,1.0,2070.0,0.36,1770,220000,0.2,0.2,1.0,57.921295
0.122249044,1.0,3.0,2662.557781,0.38,1470,150000,0.35,0.1,1.0,193.61409
0.05270065,2.0,1.0,2000.0,0.37,1770,220000,0.2,0.1,1.0,59.007904
0.1169784,1.0,1.0,2662.557781,0.38,1770,220000,0.2,0.1,1.0,193.61375
0.4838731,1.0,2.0,2662.557781,0.38,2540,75000,0.22,0.1,2.0,193.61012
0.41259056,1.0,1.0,2662.557781,0.38,1770,220000,0.2,0.3,1.0,193.61809
0.05283513,2.0,3.0,2000.0,0.37,1470,150000,0.35,0.2,1.0,57.855377
0.08538597,1.0,1.0,2662.557781,0.38,1770,220000,0.2,0.3,1.0,193.60634
0.364613,3.0,2.0,2070.0,0.36,2540,75000,0.22,0.1,2.0,56.728626
0.22061852,1.0,4.0,2662.557781,0.38,2530,85000,0.21,0.1,1.0,193.61638
0.20471428,4.0,3.0,1890.0,0.4,1470,150000,0.35,0.1,2.0,39.483475
0.40334126,3.0,1.0,2070.0,0.36,1770,220000,0.2,0.1,1.0,71.56603
0.25361943,4.0,3.0,1890.0,0.4,1470,150000,0.35,0.1,1.0,43.69049
0.4688484,4.0,1.0,1890.0,0.4,1770,220000,0.2,0.2,1.0,58.120163
0.3103788,3.0,3.0,2070.0,0.36,1470,150000,0.35,0.3,1.0,62.66137
0.21795303,4.0,1.0,1890.0,0.4,1770,220000,0.2,0.1,2.0,39.500835
0.10752123,4.0,1.0,1890.0,0.4,1770,220000,0.2,0.2,1.0,40.53007
0.1795394,2.0,2.0,2000.0,0.37,2540,75000,0.22,0.1,2.0,52.495026
0.20952182,2.0,4.0,2000.0,0.37,2530,85000,0.21,0.1,2.0,51.98008
0.48607168,3.0,3.0,2070.0,0.36,1470,150000,0.35,0.1,2.0,63.64165
0.06274889,2.0,3.0,2000.0,0.37,1470,150000,0.35,0.1,2.0,52.25445
0.4990077,3.0,3.0,2070.0,0.36,1470,150000,0.35,0.3,1.0,79.98931
0.492016,2.0,1.0,2000.0,0.37,1770,220000,0.2,0.1,2.0,71.89942
0.2769597,3.0,3.0,2070.0,0.36,1470,150000,0.35,0.3,1.0,62.66137
0.22824708,2.0,3.0,2000.0,0.37,1470,150000,0.35,0.3,1.0,61.60678
0.24380471,4.0,2.0,1890.0,0.4,2540,75000,0.22,0.3,1.0,42.972057
0.37594125,4.0,4.0,1890.0,0.4,2530,85000,0.21,0.2,1.0,48.787846
0.4891084,4.0,4.0,1890.0,0.4,2530,85000,0.21,0.1,2.0,52.153404
0.45629463,4.0,4.0,1890.0,0.4,2530,85000,0.21,0.3,1.0,52.525665
0.28449395,3.0,2.0,2070.0,0.36,2540,75000,0.22,0.3,1.0,63.48239
0.34979445,3.0,2.0,2070.0,0.36,2540,75000,0.22,0.1,2.0,53.946667
0.4058007,3.0,2.0,2070.0,0.36,2540,75000,0.22,0.3,1.0,73.22983
0.07806997,4.0,3.0,1890.0,0.4,1470,150000,0.35,0.1,2.0,38.877785
0.49824986,1.0,1.0,2662.557781,0.38,1770,220000,0.2,0.1,2.0,193.60736
0.1882424,2.0,4.0,2000.0,0.37,2530,85000,0.21,0.2,1.0,61.06328
0.4315625,4.0,1.0,1890.0,0.4,1770,220000,0.2,0.3,1.0,50.105587
0.23438153,1.0,2.0,2662.557781,0.38,2540,75000,0.22,0.1,1.0,193.61633
0.28841466,2.0,3.0,2000.0,0.37,1470,150000,0.35,0.3,1.0,66.17818
0.11214327,4.0,3.0,1890.0,0.4,1470,150000,0.35,0.2,1.0,40.650887
0.49067315,2.0,1.0,2000.0,0.37,1770,220000,0.2,0.3,1.0,81.74559
0.3906885,1.0,2.0,2662.557781,0.38,2540,75000,0.22,0.3,1.0,193.61383
0.48741716,3.0,1.0,2070.0,0.36,1770,220000,0.2,0.2,1.0,79.823845
0.16767311,3.0,4.0,2070.0,0.36,2530,85000,0.21,0.1,2.0,53.05453
0.050171223,1.0,1.0,2662.557781,0.38,1770,220000,0.2,0.3,1.0,193.60634
0.49620828,1.0,2.0,2662.557781,0.38,2540,75000,0.22,0.1,1.0,193.61633
0.15589757,1.0,4.0,2662.557781,0.38,2530,85000,0.21,0.1,1.0,193.61638
0.44732547,4.0,2.0,1890.0,0.4,2540,75000,0.22,0.1,2.0,46.380505
0.4237056,4.0,4.0,1890.0,0.4,2530,85000,0.21,0.3,1.0,50.725666
0.22469746,4.0,4.0,1890.0,0.4,2530,85000,0.21,0.1,1.0,42.68052
0.26670927,3.0,1.0,2070.0,0.36,1770,220000,0.2,0.1,2.0,54.078453
0.36258906,2.0,4.0,2000.0,0.37,2530,85000,0.21,0.1,1.0,71.40309
0.43713135,3.0,4.0,2070.0,0.36,2530,85000,0.21,0.3,1.0,73.04335
0.24549088,1.0,1.0,2662.557781,0.38,1770,220000,0.2,0.2,1.0,193.62125
0.4441847,3.0,3.0,2070.0,0.36,1470,150000,0.35,0.1,1.0,74.46181
0.28438324,2.0,1.0,2000.0,0.37,1770,220000,0.2,0.1,1.0,65.83627
0.14063084,2.0,4.0,2000.0,0.37,2530,85000,0.21,0.1,2.0,51.98008
0.3211867,3.0,2.0,2070.0,0.36,2540,75000,0.22,0.3,1.0,63.874947
0.2458865,3.0,2.0,2070.0,0.36,2540,75000,0.22,0.3,1.0,58.519054
0.47532678,1.0,4.0,2662.557781,0.38,2530,85000,0.21,0.1,1.0,193.6188
0.12520504,2.0,2.0,2000.0,0.37,2540,75000,0.22,0.2,1.0,59.133415
0.085768834,4.0,2.0,1890.0,0.4,2540,75000,0.22,0.1,1.0,40.546165
0.21288311,1.0,2.0,2662.557781,0.38,2540,75000,0.22,0.2,1.0,193.61613
0.064749986,1.0,4.0,2662.557781,0.38,2530,85000,0.21,0.1,2.0,193.60449
0.4401419,4.0,3.0,1890.0,0.4,1470,150000,0.35,0.1,1.0,51.545193
0.44990492,1.0,1.0,2662.557781,0.38,1770,220000,0.2,0.1,1.0,193.61649
0.11445924,1.0,2.0,2662.557781,0.38,2540,75000,0.22,0.3,1.0,193.61383
0.43698838,2.0,4.0,2000.0,0.37,2530,85000,0.21,0.1,2.0,64.649445
0.15756607,4.0,4.0,1890.0,0.4,2530,85000,0.21,0.1,1.0,41.17876
0.43759882,1.0,3.0,2662.557781,0.38,1470,150000,0.35,0.1,2.0,193.60794
0.077732414,4.0,3.0,1890.0,0.4,1470,150000,0.35,0.1,1.0,39.98905
0.3846516,2.0,1.0,2000.0,0.37,1770,220000,0.2,0.3,1.0,71.067184
0.14523429,1.0,4.0,2662.557781,0.38,2530,85000,0.21,0.1,1.0,193.61638
0.4855925,2.0,2.0,2000.0,0.37,2540,75000,0.22,0.2,1.0,76.82794
0.2260122,2.0,4.0,2000.0,0.37,2530,85000,0.21,0.3,1.0,60.437973
0.051071975,1.0,1.0,2662.557781,0.38,1770,220000,0.2,0.1,1.0,193.61009
0.4062878,2.0,3.0,2000.0,0.37,1470,150000,0.35,0.2,1.0,69.18396
0.32783115,4.0,3.0,1890.0,0.4,1470,150000,0.35,0.2,1.0,45.874825
0.18075204,3.0,1.0,2070.0,0.36,1770,220000,0.2,0.1,1.0,59.47896
0.33132926,2.0,3.0,2000.0,0.37,1470,150000,0.35,0.1,2.0,55.083633
0.46405262,4.0,1.0,1890.0,0.4,1770,220000,0.2,0.1,2.0,47.61973
0.41475418,3.0,3.0,2070.0,0.36,1470,150000,0.35,0.3,1.0,68.04544
0.42572948,4.0,4.0,1890.0,0.4,2530,85000,0.21,0.1,1.0,50.343346
0.49411625,3.0,1.0,2070.0,0.36,1770,220000,0.2,0.3,1.0,82.43215
0.21958764,4.0,2.0,1890.0,0.4,2540,75000,0.22,0.1,2.0,40.46718
0.4360422,1.0,4.0,2662.557781,0.38,2530,85000,0.21,0.2,1.0,193.60725
0.05500101,4.0,2.0,1890.0,0.4,2540,75000,0.22,0.2,1.0,39.84597
0.2993773,2.0,2.0,2000.0,0.37,2540,75000,0.22,0.1,2.0,54.94511
0.15326194,2.0,2.0,2000.0,0.37,2540,75000,0.22,0.1,1.0,61.16332
0.050409,3.0,1.0,2070.0,0.36,1770,220000,0.2,0.2,1.0,56.4497
0.397937,3.0,3.0,2070.0,0.36,1470,150000,0.35,0.2,1.0,70.596054
0.23237406,3.0,3.0,2070.0,0.36,1470,150000,0.35,0.1,2.0,50.089962
0.06034398,1.0,1.0,2662.557781,0.38,1770,220000,0.2,0.1,2.0,193.60466
0.48438767,4.0,4.0,1890.0,0.4,2530,85000,0.21,0.3,1.0,56.68167
0.14563185,4.0,3.0,1890.0,0.4,1470,150000,0.35,0.1,1.0,40.532413
0.38875604,4.0,3.0,1890.0,0.4,1470,150000,0.35,0.3,1.0,46.612755
0.09427597,2.0,4.0,2000.0,0.37,2530,85000,0.21,0.1,2.0,51.98008
0.49568492,2.0,4.0,2000.0,0.37,2530,85000,0.21,0.1,2.0,67.55697
0.182122,4.0,3.0,1890.0,0.4,1470,150000,0.35,0.2,1.0,42.291416
0.47588882,3.0,2.0,2070.0,0.36,2540,75000,0.22,0.2,1.0,79.58251
0.110196926,2.0,3.0,2000.0,0.37,1470,150000,0.35,0.3,1.0,55.790512
0.48086464,2.0,1.0,2000.0,0.37,1770,220000,0.2,0.2,1.0,75.10838
0.29053932,2.0,3.0,2000.0,0.37,1470,150000,0.35,0.1,2.0,55.083633
0.06068986,2.0,2.0,2000.0,0.37,2540,75000,0.22,0.2,1.0,58.42974
0.32861724,1.0,2.0,2662.557781,0.38,2540,75000,0.22,0.2,1.0,193.61613
0.094214074,3.0,4.0,2070.0,0.36,2530,85000,0.21,0.2,1.0,57.677124
0.086052865,1.0,2.0,2662.557781,0.38,2540,75000,0.22,0.3,1.0,193.61383
0.420342,3.0,2.0,2070.0,0.36,2540,75000,0.22,0.3,1.0,73.86232
0.4701071,4.0,4.0,1890.0,0.4,2530,85000,0.21,0.1,1.0,58.03656
0.4832017,1.0,4.0,2662.557781,0.38,2530,85000,0.21,0.1,2.0,193.61456
0.06794959,4.0,1.0,1890.0,0.4,1770,220000,0.2,0.1,2.0,38.88878
0.05196767,1.0,2.0,2662.557781,0.38,2540,75000,0.22,0.3,1.0,193.61072
0.05152477,1.0,2.0,2662.557781,0.38,2540,75000,0.22,0.2,1.0,193.59875
0.26326644,3.0,4.0,2070.0,0.36,2530,85000,0.21,0.1,1.0,62.338013
0.26248285,2.0,4.0,2000.0,0.37,2530,85000,0.21,0.1,2.0,54.474487
0.4588468,2.0,3.0,2000.0,0.37,1470,150000,0.35,0.1,2.0,63.363876
0.054799955,4.0,4.0,1890.0,0.4,2530,85000,0.21,0.1,2.0,38.66357
0.29415053,4.0,4.0,1890.0,0.4,2530,85000,0.21,0.1,1.0,45.337593
0.13324562,4.0,1.0,1890.0,0.4,1770,220000,0.2,0.1,2.0,39.185482
0.4876849,3.0,2.0,2070.0,0.36,2540,75000,0.22,0.3,1.0,77.54649
0.0672556,1.0,4.0,2662.557781,0.38,2530,85000,0.21,0.2,1.0,193.60725
0.20782343,4.0,4.0,1890.0,0.4,2530,85000,0.21,0.2,1.0,42.459595
0.4402317,1.0,3.0,2662.557781,0.38,1470,150000,0.35,0.1,2.0,193.60794
0.16637395,1.0,1.0,2662.557781,0.38,1770,220000,0.2,0.1,2.0,193.60466
0.40783307,2.0,2.0,2000.0,0.37,2540,75000,0.22,0.2,1.0,71.78015
0.26692936,4.0,4.0,1890.0,0.4,2530,85000,0.21,0.2,1.0,44.56284
0.28559446,4.0,4.0,1890.0,0.4,2530,85000,0.21,0.1,2.0,41.216293
0.082871884,1.0,3.0,2662.557781,0.38,1470,150000,0.35,0.2,1.0,193.60875
0.2267893,1.0,1.0,2662.557781,0.38,1770,220000,0.2,0.3,1.0,193.61253
0.052493535,2.0,1.0,2000.0,0.37,1770,220000,0.2,0.2,1.0,61.058254
0.21637438,4.0,1.0,1890.0,0.4,1770,220000,0.2,0.3,1.0,42.828403
0.2567348,3.0,4.0,2070.0,0.36,2530,85000,0.21,0.2,1.0,61.7604
0.4057972,2.0,3.0,2000.0,0.37,1470,150000,0.35,0.1,1.0,73.05879
0.48926017,4.0,1.0,1890.0,0.4,1770,220000,0.2,0.2,1.0,58.491577
0.49795112,3.0,4.0,2070.0,0.36,2530,85000,0.21,0.1,2.0,65.63117
0.20857462,4.0,3.0,1890.0,0.4,1470,150000,0.35,0.2,1.0,42.291416
0.22157201,1.0,1.0,2662.557781,0.38,1770,220000,0.2,0.3,1.0,193.61253
0.48831812,4.0,3.0,1890.0,0.4,1470,150000,0.35,0.1,2.0,50.416344
0.4746467,2.0,1.0,2000.0,0.37,1770,220000,0.2,0.1,2.0,65.13608
0.26559076,3.0,2.0,2070.0,0.36,2540,75000,0.22,0.1,2.0,52.236835
0.20709555,2.0,4.0,2000.0,0.37,2530,85000,0.21,0.2,1.0,61.06328
0.0699654,3.0,2.0,2070.0,0.36,2540,75000,0.22,0.1,1.0,60.467724
0.40669528,1.0,1.0,2662.557781,0.38,1770,220000,0.2,0.1,2.0,193.60466
0.11083964,4.0,4.0,1890.0,0.4,2530,85000,0.21,0.1,1.0,41.17876
0.05822357,3.0,1.0,2070.0,0.36,1770,220000,0.2,0.1,2.0,51.765255
0.24253668,1.0,1.0,2662.557781,0.38,1770,220000,0.2,0.1,1.0,193.61649
0.12155266,3.0,3.0,2070.0,0.36,1470,150000,0.35,0.1,1.0,60.09744
0.4703656,2.0,1.0,2000.0,0.37,1770,220000,0.2,0.1,2.0,62.770798
0.36807188,2.0,4.0,2000.0,0.37,2530,85000,0.21,0.1,1.0,71.43349
0.225982,2.0,4.0,2000.0,0.37,2530,85000,0.21,0.3,1.0,60.437973
0.069819644,4.0,4.0,1890.0,0.4,2530,85000,0.21,0.1,1.0,40.347103
0.4102861,4.0,2.0,1890.0,0.4,2540,75000,0.22,0.3,1.0,48.74594
0.44033238,4.0,1.0,1890.0,0.4,1770,220000,0.2,0.1,1.0,55.56121
0.27488077,4.0,3.0,1890.0,0.4,1470,150000,0.35,0.1,2.0,41.066597
0.15760997,1.0,4.0,2662.557781,0.38,2530,85000,0.21,0.1,1.0,193.61638
0.052415103,1.0,3.0,2662.557781,0.38,1470,150000,0.35,0.1,2.0,193.59692
0.4358754,2.0,3.0,2000.0,0.37,1470,150000,0.35,0.2,1.0,77.53777
0.066596754,2.0,3.0,2000.0,0.37,1470,150000,0.35,0.2,1.0,57.855377
0.25789803,1.0,1.0,2662.557781,0.38,1770,220000,0.2,0.3,1.0,193.61253
0.055562466,1.0,1.0,2662.557781,0.38,1770,220000,0.2,0.1,2.0,193.60466
0.44143182,2.0,2.0,2000.0,0.37,2540,75000,0.22,0.2,1.0,75.6025
0.2899406,1.0,1.0,2662.557781,0.38,1770,220000,0.2,0.1,2.0,193.60466
0.07222986,1.0,4.0,2662.557781,0.38,2530,85000,0.21,0.2,1.0,193.60725
0.29657772,3.0,2.0,2070.0,0.36,2540,75000,0.22,0.1,1.0,65.72631
0.41992623,1.0,2.0,2662.557781,0.38,2540,75000,0.22,0.1,2.0,193.60213
0.25373885,3.0,3.0,2070.0,0.36,1470,150000,0.35,0.1,1.0,63.64308
0.058284257,1.0,4.0,2662.557781,0.38,2530,85000,0.21,0.2,1.0,193.60725
0.29935804,4.0,3.0,1890.0,0.4,1470,150000,0.35,0.1,2.0,41.066597
0.43662238,2.0,4.0,2000.0,0.37,2530,85000,0.21,0.1,2.0,61.692974
0.26469916,2.0,3.0,2000.0,0.37,1470,150000,0.35,0.1,2.0,54.585526
0.06620571,1.0,3.0,2662.557781,0.38,1470,150000,0.35,0.3,1.0,193.61826
0.06833369,1.0,4.0,2662.557781,0.38,2530,85000,0.21,0.2,1.0,193.60725
0.44978812,2.0,4.0,2000.0,0.37,2530,85000,0.21,0.1,1.0,78.64598
0.4449206,4.0,4.0,1890.0,0.4,2530,85000,0.21,0.1,1.0,52.921658
0.05167927,1.0,2.0,2662.557781,0.38,2540,75000,0.22,0.1,2.0,193.59778
0.0619914,1.0,4.0,2662.557781,0.38,2530,85000,0.21,0.2,1.0,193.60725
0.150682,3.0,1.0,2070.0,0.36,1770,220000,0.2,0.2,1.0,57.921295
0.05843117,2.0,2.0,2000.0,0.37,2540,75000,0.22,0.1,2.0,50.753326
0.09502512,3.0,3.0,2070.0,0.36,1470,150000,0.35,0.1,1.0,60.09744
0.48254484,3.0,2.0,2070.0,0.36,2540,75000,0.22,0.1,1.0,76.30114
0.49648175,2.0,4.0,2000.0,0.37,2530,85000,0.21,0.1,1.0,80.456894
0.40657827,1.0,1.0,2662.557781,0.38,1770,220000,0.2,0.1,2.0,193.60466
0.23388542,4.0,4.0,1890.0,0.4,2530,85000,0.21,0.1,2.0,40.42669
0.30332795,2.0,1.0,2000.0,0.37,1770,220000,0.2,0.2,1.0,64.03226
0.23094057,4.0,3.0,1890.0,0.4,1470,150000,0.35,0.1,2.0,40.308144
0.39677858,4.0,4.0,1890.0,0.4,2530,85000,0.21,0.1,2.0,45.147297
0.15594754,3.0,4.0,2070.0,0.36,2530,85000,0.21,0.1,2.0,53.05453
0.15789102,3.0,4.0,2070.0,0.36,2530,85000,0.21,0.3,1.0,58.11181
0.46045196,3.0,2.0,2070.0,0.36,2540,75000,0.22,0.1,1.0,71.710365
0.36121485,1.0,1.0,2662.557781,0.38,1770,220000,0.2,0.1,2.0,193.60466
0.08877554,1.0,3.0,2662.557781,0.38,1470,150000,0.35,0.1,2.0,193.59692
0.40496328,1.0,4.0,2662.557781,0.38,2530,85000,0.21,0.1,1.0,193.61638
0.17258689,4.0,4.0,1890.0,0.4,2530,85000,0.21,0.1,2.0,39.359474
0.4156651,3.0,4.0,2070.0,0.36,2530,85000,0.21,0.1,1.0,75.790695
0.16492945,1.0,1.0,2662.557781,0.38,1770,220000,0.2,0.3,1.0,193.61253
0.34051135,1.0,2.0,2662.557781,0.38,2540,75000,0.22,0.2,1.0,193.61613
0.1490552,3.0,2.0,2070.0,0.36,2540,75000,0.22,0.1,2.0,52.236835
0.05520254,2.0,4.0,2000.0,0.37,2530,85000,0.21,0.1,2.0,51.98008
0.13517359,2.0,1.0,2000.0,0.37,1770,220000,0.2,0.1,2.0,51.24832
0.06671176,3.0,1.0,2070.0,0.36,1770,220000,0.2,0.3,1.0,56.062187
0.15335336,4.0,1.0,1890.0,0.4,1770,220000,0.2,0.1,2.0,39.500835
0.44380733,3.0,1.0,2070.0,0.36,1770,220000,0.2,0.1,1.0,78.776184
0.35598788,3.0,1.0,2070.0,0.36,1770,220000,0.2,0.2,1.0,66.191345
0.23147747,4.0,2.0,1890.0,0.4,2540,75000,0.22,0.1,2.0,40.782597
0.26529154,3.0,2.0,2070.0,0.36,2540,75000,0.22,0.1,1.0,60.93134
0.49300554,2.0,4.0,2000.0,0.37,2530,85000,0.21,0.1,1.0,80.456894
0.493428,1.0,1.0,2662.557781,0.38,1770,220000,0.2,0.1,1.0,193.61649
0.36354727,4.0,1.0,1890.0,0.4,1770,220000,0.2,0.3,1.0,48.310593
0.43641427,3.0,1.0,2070.0,0.36,1770,220000,0.2,0.3,1.0,71.230896
0.06988854,3.0,1.0,2070.0,0.36,1770,220000,0.2,0.3,1.0,56.062187
0.32035354,2.0,1.0,2000.0,0.37,1770,220000,0.2,0.1,2.0,53.127724
0.19320124,1.0,1.0,2662.557781,0.38,1770,220000,0.2,0.1,2.0,193.60466
0.3833014,2.0,2.0,2000.0,0.37,2540,75000,0.22,0.3,1.0,70.49139
0.06563642,3.0,3.0,2070.0,0.36,1470,150000,0.35,0.2,1.0,56.976337
0.20863117,2.0,1.0,2000.0,0.37,1770,220000,0.2,0.1,2.0,51.50191
0.28685713,1.0,3.0,2662.557781,0.38,1470,150000,0.35,0.3,1.0,193.61826
0.37250328,4.0,4.0,1890.0,0.4,2530,85000,0.21,0.2,1.0,48.31353
0.2055805,2.0,4.0,2000.0,0.37,2530,85000,0.21,0.3,1.0,60.437973
0.18255116,4.0,3.0,1890.0,0.4,1470,150000,0.35,0.3,1.0,41.561676
0.21707377,4.0,2.0,1890.0,0.4,2540,75000,0.22,0.1,2.0,40.375385
0.060699284,1.0,1.0,2662.557781,0.38,1770,220000,0.2,0.3,1.0,193.60634
0.16846962,3.0,2.0,2070.0,0.36,2540,75000,0.22,0.3,1.0,56.95996
0.42974222,2.0,1.0,2000.0,0.37,1770,220000,0.2,0.2,1.0,72.23482
0.43236974,3.0,3.0,2070.0,0.36,1470,150000,0.35,0.1,2.0,62.56639
0.3816125,3.0,1.0,2070.0,0.36,1770,220000,0.2,0.2,1.0,69.82019
0.48030224,3.0,1.0,2070.0,0.36,1770,220000,0.2,0.3,1.0,82.43215
0.18700966,4.0,1.0,1890.0,0.4,1770,220000,0.2,0.1,1.0,41.48673
0.4843337,4.0,4.0,1890.0,0.4,2530,85000,0.21,0.1,2.0,49.901806
0.49713126,2.0,3.0,2000.0,0.37,1470,150000,0.35,0.1,1.0,86.94216
0.257702,2.0,4.0,2000.0,0.37,2530,85000,0.21,0.1,1.0,66.08328
0.3239366,1.0,1.0,2662.557781,0.38,1770,220000,0.2,0.1,1.0,193.61649
0.43494073,2.0,3.0,2000.0,0.37,1470,150000,0.35,0.2,1.0,77.53777
0.073432885,4.0,3.0,1890.0,0.4,1470,150000,0.35,0.3,1.0,39.74254
0.17239884,2.0,1.0,2000.0,0.37,1770,220000,0.2,0.1,1.0,59.007904
0.1748269,2.0,2.0,2000.0,0.37,2540,75000,0.22,0.2,1.0,59.133415
0.0644337,2.0,1.0,2000.0,0.37,1770,220000,0.2,0.1,2.0,49.761276
0.4844662,1.0,1.0,2662.557781,0.38,1770,220000,0.2,0.3,1.0,193.61813
0.29693943,1.0,4.0,2662.557781,0.38,2530,85000,0.21,0.1,2.0,193.60449
0.10193031,3.0,1.0,2070.0,0.36,1770,220000,0.2,0.1,2.0,51.765255
0.14589326,1.0,1.0,2662.557781,0.38,1770,220000,0.2,0.1,1.0,193.61649
0.050228152,1.0,4.0,2662.557781,0.38,2530,85000,0.21,0.3,1.0,193.60971
0.30297536,3.0,2.0,2070.0,0.36,2540,75000,0.22,0.2,1.0,64.59327
0.24812886,1.0,4.0,2662.557781,0.38,2530,85000,0.21,0.1,2.0,193.60449
0.40066516,4.0,2.0,1890.0,0.4,2540,75000,0.22,0.1,2.0,44.808098
0.21481836,3.0,4.0,2070.0,0.36,2530,85000,0.21,0.1,1.0,59.445686
0.07119408,3.0,4.0,2070.0,0.36,2530,85000,0.21,0.1,2.0,49.774178
0.21698573,1.0,1.0,2662.557781,0.38,1770,220000,0.2,0.3,1.0,193.61253
0.31116927,3.0,2.0,2070.0,0.36,2540,75000,0.22,0.1,1.0,65.72631
0.12058034,4.0,3.0,1890.0,0.4,1470,150000,0.35,0.3,1.0,41.561676
0.1126175,3.0,3.0,2070.0,0.36,1470,150000,0.35,0.1,1.0,60.09744
0.078005165,1.0,1.0,2662.557781,0.38,1770,220000,0.2,0.1,2.0,193.60466
0.38922688,2.0,3.0,2000.0,0.37,1470,150000,0.35,0.1,1.0,70.22844
0.23924904,3.0,3.0,2070.0,0.36,1470,150000,0.35,0.1,1.0,61.971928
0.361071,2.0,2.0,2000.0,0.37,2540,75000,0.22,0.1,2.0,59.955086
0.38026568,1.0,3.0,2662.557781,0.38,1470,150000,0.35,0.2,1.0,193.61172
0.47399664,2.0,1.0,2000.0,0.37,1770,220000,0.2,0.1,2.0,65.13608
0.48367083,2.0,1.0,2000.0,0.37,1770,220000,0.2,0.1,2.0,68.828964
0.15000921,3.0,1.0,2070.0,0.36,1770,220000,0.2,0.1,1.0,59.47896
0.3738815,3.0,1.0,2070.0,0.36,1770,220000,0.2,0.1,2.0,58.996338
0.48932707,2.0,2.0,2000.0,0.37,2540,75000,0.22,0.1,2.0,63.03737
0.4561617,1.0,4.0,2662.557781,0.38,2530,85000,0.21,0.1,2.0,193.61456
0.32689872,3.0,3.0,2070.0,0.36,1470,150000,0.35,0.2,1.0,63.652008
0.061912276,1.0,3.0,2662.557781,0.38,1470,150000,0.35,0.1,1.0,193.61176
0.26208586,1.0,2.0,2662.557781,0.38,2540,75000,0.22,0.3,1.0,193.61383
0.46094853,4.0,1.0,1890.0,0.4,1770,220000,0.2,0.2,1.0,57.56826
0.14573568,3.0,1.0,2070.0,0.36,1770,220000,0.2,0.3,1.0,56.062187
0.09164624,2.0,1.0,2000.0,0.37,1770,220000,0.2,0.3,1.0,58.26203
0.15600307,2.0,4.0,2000.0,0.37,2530,85000,0.21,0.1,1.0,60.425312
0.38580078,4.0,4.0,1890.0,0.4,2530,85000,0.21,0.1,1.0,48.96254
0.0731598,1.0,2.0,2662.557781,0.38,2540,75000,0.22,0.2,1.0,193.61613
0.42478588,1.0,2.0,2662.557781,0.38,2540,75000,0.22,0.3,1.0,193.61423
0.060201496,2.0,1.0,2000.0,0.37,1770,220000,0.2,0.2,1.0,61.058254
0.34069264,2.0,3.0,2000.0,0.37,1470,150000,0.35,0.2,1.0,69.18396
0.34423664,1.0,3.0,2662.557781,0.38,1470,150000,0.35,0.1,1.0,193.6245
0.49194974,3.0,2.0,2070.0,0.36,2540,75000,0.22,0.1,2.0,64.48965
0.40021387,2.0,1.0,2000.0,0.37,1770,220000,0.2,0.2,1.0,72.23482
0.45888823,3.0,4.0,2070.0,0.36,2530,85000,0.21,0.3,1.0,76.79004
0.48006266,1.0,1.0,2662.557781,0.38,1770,220000,0.2,0.3,1.0,193.61813
0.48254547,1.0,3.0,2662.557781,0.38,1470,150000,0.35,0.1,1.0,193.6245
0.48018637,3.0,4.0,2070.0,0.36,2530,85000,0.21,0.1,2.0,65.63117
0.19193882,2.0,2.0,2000.0,0.37,2540,75000,0.22,0.3,1.0,58.834404
0.29236522,3.0,4.0,2070.0,0.36,2530,85000,0.21,0.2,1.0,61.7604
0.18678683,3.0,2.0,2070.0,0.36,2540,75000,0.22,0.2,1.0,57.00613
0.25355613,1.0,3.0,2662.557781,0.38,1470,150000,0.35,0.2,1.0,193.60875
0.25383338,2.0,1.0,2000.0,0.37,1770,220000,0.2,0.1,2.0,52.251583
0.12630983,3.0,3.0,2070.0,0.36,1470,150000,0.35,0.1,2.0,50.089962
0.12190913,3.0,3.0,2070.0,0.36,1470,150000,0.35,0.2,1.0,60.095093
0.4673413,1.0,2.0,2662.557781,0.38,2540,75000,0.22,0.3,1.0,193.62949
0.43211043,2.0,3.0,2000.0,0.37,1470,150000,0.35,0.1,1.0,76.70607
0.12887387,2.0,3.0,2000.0,0.37,1470,150000,0.35,0.3,1.0,55.790512
0.19893607,4.0,1.0,1890.0,0.4,1770,220000,0.2,0.3,1.0,42.278656
0.4057545,1.0,1.0,2662.557781,0.38,1770,220000,0.2,0.3,1.0,193.61809
0.32203725,4.0,1.0,1890.0,0.4,1770,220000,0.2,0.1,2.0,41.864437
0.17292213,4.0,4.0,1890.0,0.4,2530,85000,0.21,0.1,2.0,39.359474
0.19028245,2.0,3.0,2000.0,0.37,1470,150000,0.35,0.2,1.0,60.960403
0.070636876,3.0,1.0,2070.0,0.36,1770,220000,0.2,0.2,1.0,56.4497
0.09957515,1.0,4.0,2662.557781,0.38,2530,85000,0.21,0.3,1.0,193.60971
0.059059657,1.0,2.0,2662.557781,0.38,2540,75000,0.22,0.1,1.0,193.61633
0.4545772,1.0,2.0,2662.557781,0.38,2540,75000,0.22,0.3,1.0,193.61423
0.35489643,2.0,4.0,2000.0,0.37,2530,85000,0.21,0.1,2.0,57.764496
0.49256343,1.0,4.0,2662.557781,0.38,2530,85000,0.21,0.3,1.0,193.61688
0.43756852,4.0,4.0,1890.0,0.4,2530,85000,0.21,0.2,1.0,50.91538
0.3461283,3.0,4.0,2070.0,0.36,2530,85000,0.21,0.1,2.0,57.34333
0.44015053,4.0,3.0,1890.0,0.4,1470,150000,0.35,0.2,1.0,51.854923
0.059658065,2.0,2.0,2000.0,0.37,2540,75000,0.22,0.2,1.0,58.42974
0.12449207,2.0,4.0,2000.0,0.37,2530,85000,0.21,0.1,1.0,60.425312
0.05323752,3.0,1.0,2070.0,0.36,1770,220000,0.2,0.1,2.0,51.765255
0.31987754,1.0,3.0,2662.557781,0.38,1470,150000,0.35,0.1,1.0,193.6245
0.16180025,3.0,4.0,2070.0,0.36,2530,85000,0.21,0.1,1.0,56.463963
0.116603106,1.0,3.0,2662.557781,0.38,1470,150000,0.35,0.1,2.0,193.59692
0.42671558,1.0,1.0,2662.557781,0.38,1770,220000,0.2,0.1,1.0,193.61649
0.4558126,1.0,3.0,2662.557781,0.38,1470,150000,0.35,0.1,2.0,193.60794
0.15463111,4.0,4.0,1890.0,0.4,2530,85000,0.21,0.1,2.0,39.359474
0.43169126,3.0,1.0,2070.0,0.36,1770,220000,0.2,0.1,1.0,74.667
0.45442137,4.0,3.0,1890.0,0.4,1470,150000,0.35,0.2,1.0,56.205128
0.4793781,2.0,1.0,2000.0,0.37,1770,220000,0.2,0.1,2.0,65.13608
0.14774235,1.0,4.0,2662.557781,0.38,2530,85000,0.21,0.1,1.0,193.61638
0.43794203,4.0,4.0,1890.0,0.4,2530,85000,0.21,0.1,1.0,51.35709
0.44374716,4.0,3.0,1890.0,0.4,1470,150000,0.35,0.1,1.0,53.341743
0.19303189,3.0,2.0,2070.0,0.36,2540,75000,0.22,0.3,1.0,58.045944
0.48967522,3.0,3.0,2070.0,0.36,1470,150000,0.35,0.1,2.0,65.140945
0.06740906,1.0,4.0,2662.557781,0.38,2530,85000,0.21,0.2,1.0,193.60725
0.35949126,3.0,2.0,2070.0,0.36,2540,75000,0.22,0.1,1.0,69.562325
0.07191378,4.0,2.0,1890.0,0.4,2540,75000,0.22,0.1,1.0,39.76864
0.24475528,2.0,2.0,2000.0,0.37,2540,75000,0.22,0.2,1.0,62.09002
0.2695353,2.0,4.0,2000.0,0.37,2530,85000,0.21,0.3,1.0,64.39506
0.49570626,2.0,2.0,2000.0,0.37,2540,75000,0.22,0.3,1.0,73.99591
0.1594193,1.0,2.0,2662.557781,0.38,2540,75000,0.22,0.2,1.0,193.61613
0.4923441,4.0,3.0,1890.0,0.4,1470,150000,0.35,0.2,1.0,58.508865
0.44123766,4.0,1.0,1890.0,0.4,1770,220000,0.2,0.2,1.0,53.26052
0.1539918,3.0,3.0,2070.0,0.36,1470,150000,0.35,0.2,1.0,60.756706
0.062741384,2.0,4.0,2000.0,0.37,2530,85000,0.21,0.3,1.0,58.675774
0.12260448,4.0,2.0,1890.0,0.4,2540,75000,0.22,0.2,1.0,40.89656
0.16560572,1.0,2.0,2662.557781,0.38,2540,75000,0.22,0.1,2.0,193.59778
0.4558767,4.0,4.0,1890.0,0.4,2530,85000,0.21,0.1,2.0,47.03028
0.36973098,1.0,4.0,2662.557781,0.38,2530,85000,0.21,0.2,1.0,193.60725
0.1847635,1.0,4.0,2662.557781,0.38,2530,85000,0.21,0.1,2.0,193.60449
0.26115784,1.0,3.0,2662.557781,0.38,1470,150000,0.35,0.1,1.0,193.61409
0.08446759,2.0,1.0,2000.0,0.37,1770,220000,0.2,0.1,1.0,59.007904
0.38496345,4.0,4.0,1890.0,0.4,2530,85000,0.21,0.1,1.0,48.96254
0.09124,4.0,2.0,1890.0,0.4,2540,75000,0.22,0.2,1.0,40.23494
0.27983174,4.0,4.0,1890.0,0.4,2530,85000,0.21,0.3,1.0,43.753654
0.23455644,2.0,2.0,2000.0,0.37,2540,75000,0.22,0.2,1.0,62.09002
0.47986916,2.0,1.0,2000.0,0.37,1770,220000,0.2,0.1,2.0,68.828964
0.32538632,3.0,1.0,2070.0,0.36,1770,220000,0.2,0.3,1.0,66.88894
0.49649262,2.0,2.0,2000.0,0.37,2540,75000,0.22,0.2,1.0,86.96072
0.21425992,2.0,4.0,2000.0,0.37,2530,85000,0.21,0.1,1.0,60.425312
0.17926253,2.0,1.0,2000.0,0.37,1770,220000,0.2,0.3,1.0,58.26203
0.1827953,4.0,1.0,1890.0,0.4,1770,220000,0.2,0.2,1.0,41.488144
0.14424182,1.0,2.0,2662.557781,0.38,2540,75000,0.22,0.1,1.0,193.61633
0.47881666,3.0,2.0,2070.0,0.36,2540,75000,0.22,0.1,2.0,64.48965
0.49736312,1.0,2.0,2662.557781,0.38,2540,75000,0.22,0.2,1.0,193.61613
0.40684876,1.0,1.0,2662.557781,0.38,1770,220000,0.2,0.1,1.0,193.61649
0.06635317,4.0,2.0,1890.0,0.4,2540,75000,0.22,0.1,2.0,39.01425
0.31088883,1.0,1.0,2662.557781,0.38,1770,220000,0.2,0.3,1.0,193.61253
0.2646208,1.0,2.0,2662.557781,0.38,2540,75000,0.22,0.1,2.0,193.60213
0.0643618,1.0,4.0,2662.557781,0.38,2530,85000,0.21,0.1,2.0,193.60449
0.44143477,1.0,2.0,2662.557781,0.38,2540,75000,0.22,0.3,1.0,193.61423
0.3108753,3.0,4.0,2070.0,0.36,2530,85000,0.21,0.3,1.0,63.073574
0.31913847,1.0,2.0,2662.557781,0.38,2540,75000,0.22,0.2,1.0,193.61613
0.12372354,1.0,4.0,2662.557781,0.38,2530,85000,0.21,0.1,1.0,193.61638
0.4622846,1.0,2.0,2662.557781,0.38,2540,75000,0.22,0.2,1.0,193.61613
0.05780586,1.0,1.0,2662.557781,0.38,1770,220000,0.2,0.1,2.0,193.60466
0.3041513,3.0,4.0,2070.0,0.36,2530,85000,0.21,0.1,1.0,62.97821
0.20591396,4.0,4.0,1890.0,0.4,2530,85000,0.21,0.3,1.0,41.60559
0.31024468,4.0,4.0,1890.0,0.4,2530,85000,0.21,0.2,1.0,45.481953
0.22133644,4.0,1.0,1890.0,0.4,1770,220000,0.2,0.1,2.0,39.739803
0.3197108,3.0,4.0,2070.0,0.36,2530,85000,0.21,0.1,1.0,62.97821
0.42263326,1.0,1.0,2662.557781,0.38,1770,220000,0.2,0.3,1.0,193.61809
0.36682153,2.0,3.0,2000.0,0.37,1470,150000,0.35,0.1,2.0,61.28547
0.39368194,2.0,3.0,2000.0,0.37,1470,150000,0.35,0.2,1.0,69.18396
0.3404805,4.0,2.0,1890.0,0.4,2540,75000,0.22,0.1,2.0,42.671646
0.21672139,2.0,4.0,2000.0,0.37,2530,85000,0.21,0.3,1.0,60.437973
0.46311164,3.0,3.0,2070.0,0.36,1470,150000,0.35,0.1,2.0,63.54181
0.3369552,3.0,3.0,2070.0,0.36,1470,150000,0.35,0.3,1.0,65.919685
0.40573424,3.0,4.0,2070.0,0.36,2530,85000,0.21,0.1,2.0,60.24446
0.27087066,4.0,2.0,1890.0,0.4,2540,75000,0.22,0.1,2.0,40.88558
0.4905863,4.0,2.0,1890.0,0.4,2540,75000,0.22,0.3,1.0,55.586
0.44937557,4.0,4.0,1890.0,0.4,2530,85000,0.21,0.3,1.0,50.725666
0.16570123,1.0,2.0,2662.557781,0.38,2540,75000,0.22,0.1,2.0,193.59778
0.067158446,3.0,3.0,2070.0,0.36,1470,150000,0.35,0.1,1.0,60.09744
0.05051742,2.0,4.0,2000.0,0.37,2530,85000,0.21,0.1,2.0,51.87068
0.2514652,3.0,1.0,2070.0,0.36,1770,220000,0.2,0.3,1.0,57.83783
0.49148232,1.0,2.0,2662.557781,0.38,2540,75000,0.22,0.2,1.0,193.61613
0.24985792,1.0,1.0,2662.557781,0.38,1770,220000,0.2,0.1,2.0,193.60466
0.41458222,2.0,4.0,2000.0,0.37,2530,85000,0.21,0.1,2.0,61.692974
0.4576308,1.0,4.0,2662.557781,0.38,2530,85000,0.21,0.2,1.0,193.60725
0.07023277,4.0,3.0,1890.0,0.4,1470,150000,0.35,0.2,1.0,39.95918
0.28695258,1.0,2.0,2662.557781,0.38,2540,75000,0.22,0.2,1.0,193.61613
0.44712895,2.0,1.0,2000.0,0.37,1770,220000,0.2,0.3,1.0,78.067856
0.33481866,2.0,3.0,2000.0,0.37,1470,150000,0.35,0.1,1.0,68.14936
0.36810055,2.0,2.0,2000.0,0.37,2540,75000,0.22,0.1,2.0,61.639153
0.07331995,1.0,1.0,2662.557781,0.38,1770,220000,0.2,0.2,1.0,193.60985
0.08394183,1.0,3.0,2662.557781,0.38,1470,150000,0.35,0.1,1.0,193.61176
0.3327759,4.0,3.0,1890.0,0.4,1470,150000,0.35,0.1,2.0,42.329945
0.052053235,3.0,1.0,2070.0,0.36,1770,220000,0.2,0.2,1.0,56.4497
0.3983228,1.0,3.0,2662.557781,0.38,1470,150000,0.35,0.3,1.0,193.61826
0.38405445,2.0,4.0,2000.0,0.37,2530,85000,0.21,0.1,2.0,61.692974
0.41563806,2.0,1.0,2000.0,0.37,1770,220000,0.2,0.1,2.0,61.7526
0.20692073,4.0,3.0,1890.0,0.4,1470,150000,0.35,0.2,1.0,42.291416
0.40594977,1.0,4.0,2662.557781,0.38,2530,85000,0.21,0.1,2.0,193.61185
0.089504145,3.0,3.0,2070.0,0.36,1470,150000,0.35,0.1,2.0,50.089962
0.28483555,2.0,4.0,2000.0,0.37,2530,85000,0.21,0.3,1.0,64.39506
0.22749633,4.0,4.0,1890.0,0.4,2530,85000,0.21,0.2,1.0,42.776497
0.19731683,4.0,1.0,1890.0,0.4,1770,220000,0.2,0.3,1.0,42.183754
0.12441866,3.0,3.0,2070.0,0.36,1470,150000,0.35,0.3,1.0,57.17225
0.42845407,4.0,1.0,1890.0,0.4,1770,220000,0.2,0.2,1.0,51.288754
0.28134367,2.0,2.0,2000.0,0.37,2540,75000,0.22,0.2,1.0,66.13671
0.06267461,1.0,2.0,2662.557781,0.38,2540,75000,0.22,0.1,2.0,193.59778
0.3902925,3.0,2.0,2070.0,0.36,2540,75000,0.22,0.1,2.0,58.706394
0.44952315,4.0,3.0,1890.0,0.4,1470,150000,0.35,0.3,1.0,51.166344
0.090128615,1.0,1.0,2662.557781,0.38,1770,220000,0.2,0.1,1.0,193.61009
0.20875707,2.0,4.0,2000.0,0.37,2530,85000,0.21,0.1,2.0,51.98008
0.48682365,1.0,2.0,2662.557781,0.38,2540,75000,0.22,0.2,1.0,193.61613
0.10144365,2.0,3.0,2000.0,0.37,1470,150000,0.35,0.3,1.0,55.790512
0.05470034,1.0,1.0,2662.557781,0.38,1770,220000,0.2,0.1,1.0,193.61009
0.40504912,4.0,4.0,1890.0,0.4,2530,85000,0.21,0.1,2.0,45.147297
0.3597567,1.0,2.0,2662.557781,0.38,2540,75000,0.22,0.3,1.0,193.61383
0.057920817,1.0,1.0,2662.557781,0.38,1770,220000,0.2,0.1,1.0,193.61009
0.09567487,1.0,1.0,2662.557781,0.38,1770,220000,0.2,0.3,1.0,193.60634
0.4915591,1.0,3.0,2662.557781,0.38,1470,150000,0.35,0.1,2.0,193.60794
0.052240692,4.0,2.0,1890.0,0.4,2540,75000,0.22,0.3,1.0,40.269463
0.22586203,2.0,3.0,2000.0,0.37,1470,150000,0.35,0.3,1.0,58.198406
0.27514985,1.0,4.0,2662.557781,0.38,2530,85000,0.21,0.3,1.0,193.61688
0.41275185,2.0,4.0,2000.0,0.37,2530,85000,0.21,0.3,1.0,73.40157
0.4060031,3.0,3.0,2070.0,0.36,1470,150000,0.35,0.1,1.0,70.18828
0.2676913,3.0,2.0,2070.0,0.36,2540,75000,0.22,0.1,2.0,52.705254
0.36285892,1.0,2.0,2662.557781,0.38,2540,75000,0.22,0.3,1.0,193.61383
0.45563364,4.0,3.0,1890.0,0.4,1470,150000,0.35,0.2,1.0,56.205128
0.45052868,2.0,3.0,2000.0,0.37,1470,150000,0.35,0.1,1.0,81.41332
0.46493113,4.0,1.0,1890.0,0.4,1770,220000,0.2,0.1,2.0,48.458153
0.41109177,1.0,3.0,2662.557781,0.38,1470,150000,0.35,0.2,1.0,193.61172
0.4614997,1.0,2.0,2662.557781,0.38,2540,75000,0.22,0.2,1.0,193.61613
0.23354712,3.0,4.0,2070.0,0.36,2530,85000,0.21,0.1,1.0,60.029083
0.32676524,4.0,2.0,1890.0,0.4,2540,75000,0.22,0.2,1.0,46.7059
0.052749354,4.0,2.0,1890.0,0.4,2540,75000,0.22,0.2,1.0,39.53713
0.49359187,1.0,4.0,2662.557781,0.38,2530,85000,0.21,0.3,1.0,193.61688
0.19909565,2.0,2.0,2000.0,0.37,2540,75000,0.22,0.1,2.0,52.495026
0.49711615,4.0,2.0,1890.0,0.4,2540,75000,0.22,0.1,1.0,64.54874
0.4968094,2.0,3.0,2000.0,0.37,1470,150000,0.35,0.2,1.0,77.563705
0.26050258,3.0,3.0,2070.0,0.36,1470,150000,0.35,0.1,1.0,63.64308
0.15847655,1.0,3.0,2662.557781,0.38,1470,150000,0.35,0.3,1.0,193.61826
0.48644665,4.0,2.0,1890.0,0.4,2540,75000,0.22,0.2,1.0,57.790558
0.23468965,3.0,2.0,2070.0,0.36,2540,75000,0.22,0.3,1.0,58.045944
0.23074158,2.0,2.0,2000.0,0.37,2540,75000,0.22,0.1,1.0,63.795517
0.31972733,4.0,3.0,1890.0,0.4,1470,150000,0.35,0.3,1.0,46.320183
0.49218446,3.0,2.0,2070.0,0.36,2540,75000,0.22,0.1,2.0,66.23801
0.39423633,1.0,2.0,2662.557781,0.38,2540,75000,0.22,0.2,1.0,193.61613
0.31038424,2.0,4.0,2000.0,0.37,2530,85000,0.21,0.3,1.0,66.72174
0.234864,4.0,3.0,1890.0,0.4,1470,150000,0.35,0.1,1.0,43.666916
0.44442692,4.0,3.0,1890.0,0.4,1470,150000,0.35,0.3,1.0,49.520245
0.33970672,4.0,4.0,1890.0,0.4,2530,85000,0.21,0.1,1.0,47.742393
0.26355815,1.0,4.0,2662.557781,0.38,2530,85000,0.21,0.2,1.0,193.60725
0.19137397,2.0,4.0,2000.0,0.37,2530,85000,0.21,0.1,2.0,51.98008
0.18642639,1.0,2.0,2662.557781,0.38,2540,75000,0.22,0.1,1.0,193.61633
0.10043682,3.0,3.0,2070.0,0.36,1470,150000,0.35,0.3,1.0,56.202003
0.23498747,1.0,1.0,2662.557781,0.38,1770,220000,0.2,0.2,1.0,193.6192
0.17429613,2.0,2.0,2000.0,0.37,2540,75000,0.22,0.3,1.0,58.834404
0.47958422,3.0,4.0,2070.0,0.36,2530,85000,0.21,0.2,1.0,80.93441
0.08956359,3.0,1.0,2070.0,0.36,1770,220000,0.2,0.3,1.0,56.062187
0.2409244,4.0,1.0,1890.0,0.4,1770,220000,0.2,0.1,2.0,40.57352
0.07259071,4.0,1.0,1890.0,0.4,1770,220000,0.2,0.3,1.0,39.67172
0.052768525,1.0,1.0,2662.557781,0.38,1770,220000,0.2,0.1,2.0,193.60466
0.11568182,4.0,2.0,1890.0,0.4,2540,75000,0.22,0.3,1.0,41.488037
0.06206901,3.0,1.0,2070.0,0.36,1770,220000,0.2,0.1,2.0,51.765255
0.4979408,4.0,2.0,1890.0,0.4,2540,75000,0.22,0.3,1.0,64.5477
0.19109024,2.0,1.0,2000.0,0.37,1770,220000,0.2,0.3,1.0,58.26203
0.4458967,3.0,2.0,2070.0,0.36,2540,75000,0.22,0.1,1.0,71.710365
0.39751515,3.0,4.0,2070.0,0.36,2530,85000,0.21,0.1,1.0,70.1314
0.4305309,3.0,3.0,2070.0,0.36,1470,150000,0.35,0.1,2.0,62.56639
0.2958387,4.0,4.0,1890.0,0.4,2530,85000,0.21,0.1,1.0,46.08285
0.48077995,4.0,3.0,1890.0,0.4,1470,150000,0.35,0.1,2.0,49.20691
0.19115531,2.0,2.0,2000.0,0.37,2540,75000,0.22,0.2,1.0,59.133415
0.28195414,4.0,4.0,1890.0,0.4,2530,85000,0.21,0.1,1.0,44.689705
0.39759153,1.0,3.0,2662.557781,0.38,1470,150000,0.35,0.1,2.0,193.60794
0.051297043,1.0,4.0,2662.557781,0.38,2530,85000,0.21,0.1,2.0,193.60449
0.4605712,4.0,4.0,1890.0,0.4,2530,85000,0.21,0.1,2.0,47.03028
0.07951301,2.0,2.0,2000.0,0.37,2540,75000,0.22,0.1,1.0,57.933975
0.20761721,1.0,1.0,2662.557781,0.38,1770,220000,0.2,0.2,1.0,193.6192
0.050985802,1.0,3.0,2662.557781,0.38,1470,150000,0.35,0.1,2.0,193.59692
0.25924397,2.0,4.0,2000.0,0.37,2530,85000,0.21,0.2,1.0,63.242172
0.3778769,2.0,4.0,2000.0,0.37,2530,85000,0.21,0.2,1.0,72.344955
0.05252207,3.0,3.0,2070.0,0.36,1470,150000,0.35,0.2,1.0,55.69029
0.4952152,1.0,1.0,2662.557781,0.38,1770,220000,0.2,0.3,1.0,193.61813
0.11192602,4.0,4.0,1890.0,0.4,2530,85000,0.21,0.2,1.0,40.209892
0.48204818,4.0,2.0,1890.0,0.4,2540,75000,0.22,0.2,1.0,57.790558
0.31553942,4.0,4.0,1890.0,0.4,2530,85000,0.21,0.3,1.0,47.456963
0.28776962,3.0,2.0,2070.0,0.36,2540,75000,0.22,0.2,1.0,58.53948
0.3246919,3.0,2.0,2070.0,0.36,2540,75000,0.22,0.2,1.0,64.59327
0.1609338,2.0,1.0,2000.0,0.37,1770,220000,0.2,0.1,1.0,59.007904
0.2176949,1.0,2.0,2662.557781,0.38,2540,75000,0.22,0.1,1.0,193.61633
0.2562027,4.0,1.0,1890.0,0.4,1770,220000,0.2,0.1,1.0,44.466896
0.4977979,3.0,4.0,2070.0,0.36,2530,85000,0.21,0.1,1.0,84.49348
0.45980737,1.0,4.0,2662.557781,0.38,2530,85000,0.21,0.3,1.0,193.61688
0.06646253,3.0,2.0,2070.0,0.36,2540,75000,0.22,0.1,2.0,52.236835
0.46389276,2.0,3.0,2000.0,0.37,1470,150000,0.35,0.1,2.0,63.363876
0.42445847,2.0,4.0,2000.0,0.37,2530,85000,0.21,0.1,1.0,71.73584
0.31086904,4.0,2.0,1890.0,0.4,2540,75000,0.22,0.3,1.0,45.013798
0.3713827,3.0,4.0,2070.0,0.36,2530,85000,0.21,0.1,1.0,70.1314
0.34278813,2.0,3.0,2000.0,0.37,1470,150000,0.35,0.1,1.0,68.14936
0.23365425,1.0,1.0,2662.557781,0.38,1770,220000,0.2,0.1,2.0,193.60466
0.39942536,2.0,2.0,2000.0,0.37,2540,75000,0.22,0.3,1.0,70.49139
0.06842235,3.0,4.0,2070.0,0.36,2530,85000,0.21,0.3,1.0,58.11181
0.49720207,4.0,4.0,1890.0,0.4,2530,85000,0.21,0.1,2.0,54.160934
0.2690596,1.0,1.0,2662.557781,0.38,1770,220000,0.2,0.3,1.0,193.61253
0.25165343,1.0,2.0,2662.557781,0.38,2540,75000,0.22,0.2,1.0,193.61613
0.09334372,3.0,1.0,2070.0,0.36,1770,220000,0.2,0.1,2.0,51.765255
0.4854987,2.0,2.0,2000.0,0.37,2540,75000,0.22,0.1,2.0,63.03737
0.22405158,2.0,1.0,2000.0,0.37,1770,220000,0.2,0.1,1.0,64.97794
0.2145255,2.0,2.0,2000.0,0.37,2540,75000,0.22,0.1,1.0,62.008926
0.058870435,3.0,4.0,2070.0,0.36,2530,85000,0.21,0.3,1.0,55.45516
0.2658796,2.0,3.0,2000.0,0.37,1470,150000,0.35,0.1,1.0,63.021626
0.16483118,3.0,3.0,2070.0,0.36,1470,150000,0.35,0.3,1.0,57.17225
0.15638627,2.0,4.0,2000.0,0.37,2530,85000,0.21,0.1,1.0,60.425312
0.34696013,3.0,1.0,2070.0,0.36,1770,220000,0.2,0.3,1.0,66.88894
0.24863969,3.0,3.0,2070.0,0.36,1470,150000,0.35,0.2,1.0,60.756706
0.2106174,3.0,3.0,2070.0,0.36,1470,150000,0.35,0.3,1.0,57.51111
0.06190118,4.0,1.0,1890.0,0.4,1770,220000,0.2,0.1,1.0,40.359413
0.2990423,1.0,1.0,2662.557781,0.38,1770,220000,0.2,0.3,1.0,193.61253
0.3827321,3.0,1.0,2070.0,0.36,1770,220000,0.2,0.1,1.0,66.62443
0.29294553,1.0,2.0,2662.557781,0.38,2540,75000,0.22,0.1,2.0,193.60213
0.07524547,3.0,3.0,2070.0,0.36,1470,150000,0.35,0.2,1.0,56.976337
0.20352279,3.0,2.0,2070.0,0.36,2540,75000,0.22,0.1,1.0,60.467724
0.22476481,1.0,2.0,2662.557781,0.38,2540,75000,0.22,0.1,2.0,193.60213
0.3618328,2.0,1.0,2000.0,0.37,1770,220000,0.2,0.1,2.0,60.095333
0.06582684,3.0,2.0,2070.0,0.36,2540,75000,0.22,0.1,1.0,60.467724
0.10773151,4.0,3.0,1890.0,0.4,1470,150000,0.35,0.3,1.0,40.168137
0.29326206,3.0,3.0,2070.0,0.36,1470,150000,0.35,0.1,1.0,64.937874
0.13190338,3.0,4.0,2070.0,0.36,2530,85000,0.21,0.3,1.0,58.11181
0.36052054,1.0,4.0,2662.557781,0.38,2530,85000,0.21,0.1,2.0,193.60449
0.14789206,2.0,1.0,2000.0,0.37,1770,220000,0.2,0.3,1.0,58.26203
0.16017126,1.0,1.0,2662.557781,0.38,1770,220000,0.2,0.1,1.0,193.61649
0.1052112,3.0,4.0,2070.0,0.36,2530,85000,0.21,0.3,1.0,58.11181
0.16092046,3.0,4.0,2070.0,0.36,2530,85000,0.21,0.3,1.0,59.600986
0.09605747,2.0,3.0,2000.0,0.37,1470,150000,0.35,0.1,2.0,52.25445
0.19241777,2.0,2.0,2000.0,0.37,2540,75000,0.22,0.1,2.0,52.495026
0.29058102,3.0,4.0,2070.0,0.36,2530,85000,0.21,0.3,1.0,62.8823
0.4514959,1.0,4.0,2662.557781,0.38,2530,85000,0.21,0.2,1.0,193.60725
0.07289287,1.0,1.0,2662.557781,0.38,1770,220000,0.2,0.2,1.0,193.60985
0.07690385,2.0,2.0,2000.0,0.37,2540,75000,0.22,0.3,1.0,58.834404
0.068880334,1.0,1.0,2662.557781,0.38,1770,220000,0.2,0.1,2.0,193.60466
0.31525314,4.0,4.0,1890.0,0.4,2530,85000,0.21,0.3,1.0,43.753654
0.08243039,4.0,3.0,1890.0,0.4,1470,150000,0.35,0.1,1.0,39.98905
0.4921756,4.0,3.0,1890.0,0.4,1470,150000,0.35,0.2,1.0,58.508865
0.4831827,4.0,4.0,1890.0,0.4,2530,85000,0.21,0.2,1.0,56.0021
0.30585945,2.0,2.0,2000.0,0.37,2540,75000,0.22,0.1,2.0,54.94511
0.48975363,2.0,4.0,2000.0,0.37,2530,85000,0.21,0.2,1.0,77.97804
0.09376556,4.0,1.0,1890.0,0.4,1770,220000,0.2,0.1,1.0,40.359413
0.21054316,3.0,4.0,2070.0,0.36,2530,85000,0.21,0.1,1.0,59.445686
0.39120638,3.0,4.0,2070.0,0.36,2530,85000,0.21,0.1,1.0,70.1314
0.45195425,1.0,4.0,2662.557781,0.38,2530,85000,0.21,0.2,1.0,193.60725
0.19809687,2.0,2.0,2000.0,0.37,2540,75000,0.22,0.3,1.0,58.834404
0.055893272,2.0,4.0,2000.0,0.37,2530,85000,0.21,0.1,1.0,60.425312
0.43266076,4.0,1.0,1890.0,0.4,1770,220000,0.2,0.2,1.0,51.288754
0.45690328,2.0,1.0,2000.0,0.37,1770,220000,0.2,0.3,1.0,78.067856
0.05034158,4.0,1.0,1890.0,0.4,1770,220000,0.2,0.1,1.0,39.50669
0.09321829,1.0,2.0,2662.557781,0.38,2540,75000,0.22,0.3,1.0,193.61383
0.47153232,1.0,4.0,2662.557781,0.38,2530,85000,0.21,0.2,1.0,193.60725
0.1954777,4.0,2.0,1890.0,0.4,2540,75000,0.22,0.2,1.0,42.09322
0.42556468,1.0,1.0,2662.557781,0.38,1770,220000,0.2,0.3,1.0,193.61809
0.3120464,1.0,3.0,2662.557781,0.38,1470,150000,0.35,0.2,1.0,193.61172
0.48382106,4.0,3.0,1890.0,0.4,1470,150000,0.35,0.3,1.0,60.1667
0.46299088,4.0,4.0,1890.0,0.4,2530,85000,0.21,0.1,1.0,57.712654
0.2039755,3.0,1.0,2070.0,0.36,1770,220000,0.2,0.3,1.0,56.797462
0.25679675,1.0,1.0,2662.557781,0.38,1770,220000,0.2,0.2,1.0,193.62125
0.2730578,1.0,1.0,2662.557781,0.38,1770,220000,0.2,0.1,2.0,193.60466
0.05108652,2.0,3.0,2000.0,0.37,1470,150000,0.35,0.2,1.0,57.855377
0.2273234,1.0,1.0,2662.557781,0.38,1770,220000,0.2,0.3,1.0,193.61253
0.2233142,1.0,4.0,2662.557781,0.38,2530,85000,0.21,0.1,2.0,193.60449
0.31983006,1.0,4.0,2662.557781,0.38,2530,85000,0.21,0.3,1.0,193.61688
0.15329483,1.0,2.0,2662.557781,0.38,2540,75000,0.22,0.2,1.0,193.61613
0.45577788,3.0,3.0,2070.0,0.36,1470,150000,0.35,0.3,1.0,74.140945
0.49848154,4.0,2.0,1890.0,0.4,2540,75000,0.22,0.1,1.0,66.556656
0.44078076,3.0,1.0,2070.0,0.36,1770,220000,0.2,0.1,1.0,77.61647
0.43919948,4.0,2.0,1890.0,0.4,2540,75000,0.22,0.1,2.0,46.380505
0.28254557,2.0,4.0,2000.0,0.37,2530,85000,0.21,0.2,1.0,64.25481
0.10612801,4.0,1.0,1890.0,0.4,1770,220000,0.2,0.1,2.0,38.88878
0.21542965,3.0,1.0,2070.0,0.36,1770,220000,0.2,0.3,1.0,56.797462
0.078164786,4.0,3.0,1890.0,0.4,1470,150000,0.35,0.1,2.0,39.13222
0.20015115,4.0,1.0,1890.0,0.4,1770,220000,0.2,0.1,1.0,41.973976
0.09540226,2.0,4.0,2000.0,0.37,2530,85000,0.21,0.2,1.0,61.06328
0.28303984,3.0,4.0,2070.0,0.36,2530,85000,0.21,0.3,1.0,59.600986
0.28930423,2.0,4.0,2000.0,0.37,2530,85000,0.21,0.1,1.0,66.08328
0.05356776,4.0,2.0,1890.0,0.4,2540,75000,0.22,0.2,1.0,39.73265
0.22131468,3.0,3.0,2070.0,0.36,1470,150000,0.35,0.1,2.0,50.089962
0.44377118,1.0,2.0,2662.557781,0.38,2540,75000,0.22,0.1,1.0,193.61633
0.20143947,4.0,3.0,1890.0,0.4,1470,150000,0.35,0.3,1.0,41.561676
0.47392753,2.0,2.0,2000.0,0.37,2540,75000,0.22,0.2,1.0,76.82794
0.2273511,3.0,1.0,2070.0,0.36,1770,220000,0.2,0.3,1.0,57.83783
0.20174709,2.0,2.0,2000.0,0.37,2540,75000,0.22,0.3,1.0,58.834404
0.30522153,1.0,4.0,2662.557781,0.38,2530,85000,0.21,0.1,2.0,193.60449
0.050906897,1.0,1.0,2662.557781,0.38,1770,220000,0.2,0.2,1.0,193.60985
0.43189347,3.0,3.0,2070.0,0.36,1470,150000,0.35,0.2,1.0,70.596054
0.19158359,2.0,3.0,2000.0,0.37,1470,150000,0.35,0.1,1.0,59.927647
0.16082537,2.0,2.0,2000.0,0.37,2540,75000,0.22,0.1,1.0,61.16332
0.21810193,4.0,2.0,1890.0,0.4,2540,75000,0.22,0.1,2.0,40.46718
0.39465538,3.0,2.0,2070.0,0.36,2540,75000,0.22,0.1,2.0,60.53575
0.48581794,1.0,1.0,2662.557781,0.38,1770,220000,0.2,0.1,1.0,193.61649
0.3146338,2.0,4.0,2000.0,0.37,2530,85000,0.21,0.1,2.0,55.802902
0.19879444,4.0,2.0,1890.0,0.4,2540,75000,0.22,0.2,1.0,42.62663
0.3681694,1.0,2.0,2662.557781,0.38,2540,75000,0.22,0.3,1.0,193.61383
0.4979831,1.0,2.0,2662.557781,0.38,2540,75000,0.22,0.1,1.0,193.61633
0.4314129,2.0,1.0,2000.0,0.37,1770,220000,0.2,0.1,2.0,61.7526
0.27751905,2.0,2.0,2000.0,0.37,2540,75000,0.22,0.1,1.0,64.02438
0.061584413,2.0,2.0,2000.0,0.37,2540,75000,0.22,0.1,2.0,52.495026
0.3968532,3.0,2.0,2070.0,0.36,2540,75000,0.22,0.2,1.0,69.23047
0.11249147,1.0,3.0,2662.557781,0.38,1470,150000,0.35,0.1,1.0,193.61176
0.32907045,3.0,1.0,2070.0,0.36,1770,220000,0.2,0.3,1.0,66.88894
0.20751646,4.0,2.0,1890.0,0.4,2540,75000,0.22,0.1,1.0,42.531464
0.07542094,1.0,2.0,2662.557781,0.38,2540,75000,0.22,0.1,1.0,193.61633
0.054796558,1.0,2.0,2662.557781,0.38,2540,75000,0.22,0.1,1.0,193.61633
0.2537375,2.0,1.0,2000.0,0.37,1770,220000,0.2,0.1,2.0,52.23767
0.05138327,2.0,2.0,2000.0,0.37,2540,75000,0.22,0.3,1.0,56.465878
0.40944034,2.0,3.0,2000.0,0.37,1470,150000,0.35,0.2,1.0,69.84649
0.050581366,1.0,3.0,2662.557781,0.38,1470,150000,0.35,0.1,2.0,193.59692
0.23211674,3.0,2.0,2070.0,0.36,2540,75000,0.22,0.1,1.0,60.67926
0.44839928,2.0,3.0,2000.0,0.37,1470,150000,0.35,0.2,1.0,77.53777
0.2833639,1.0,3.0,2662.557781,0.38,1470,150000,0.35,0.2,1.0,193.61172
0.483927,3.0,3.0,2070.0,0.36,1470,150000,0.35,0.3,1.0,77.29536
0.05667829,4.0,3.0,1890.0,0.4,1470,150000,0.35,0.1,1.0,39.98905
0.19135329,4.0,3.0,1890.0,0.4,1470,150000,0.35,0.1,1.0,42.94363
0.44489282,3.0,3.0,2070.0,0.36,1470,150000,0.35,0.1,1.0,74.46181
0.30122215,4.0,2.0,1890.0,0.4,2540,75000,0.22,0.2,1.0,46.030304
0.29063734,3.0,1.0,2070.0,0.36,1770,220000,0.2,0.1,1.0,66.366585
0.17237194,2.0,4.0,2000.0,0.37,2530,85000,0.21,0.1,1.0,60.425312
0.061326854,3.0,4.0,2070.0,0.36,2530,85000,0.21,0.3,1.0,57.51712
0.31745976,2.0,3.0,2000.0,0.37,1470,150000,0.35,0.1,1.0,65.808
0.2991997,3.0,2.0,2070.0,0.36,2540,75000,0.22,0.3,1.0,63.48239
0.0541159,1.0,3.0,2662.557781,0.38,1470,150000,0.35,0.1,1.0,193.61176
0.40893608,1.0,1.0,2662.557781,0.38,1770,220000,0.2,0.1,2.0,193.60466
0.06765745,4.0,2.0,1890.0,0.4,2540,75000,0.22,0.2,1.0,40.127445
0.07988896,1.0,3.0,2662.557781,0.38,1470,150000,0.35,0.1,1.0,193.61176
0.26839626,4.0,3.0,1890.0,0.4,1470,150000,0.35,0.1,1.0,43.8404
0.26871255,3.0,4.0,2070.0,0.36,2530,85000,0.21,0.1,1.0,62.46163
0.38492736,3.0,1.0,2070.0,0.36,1770,220000,0.2,0.2,1.0,69.82019
0.42618155,3.0,3.0,2070.0,0.36,1470,150000,0.35,0.1,1.0,74.46181
0.26949468,3.0,3.0,2070.0,0.36,1470,150000,0.35,0.3,1.0,62.66137
0.3127635,4.0,4.0,1890.0,0.4,2530,85000,0.21,0.2,1.0,48.31353
0.4848771,1.0,4.0,2662.557781,0.38,2530,85000,0.21,0.1,1.0,193.6188
0.0822277,3.0,4.0,2070.0,0.36,2530,85000,0.21,0.3,1.0,58.11181
0.34022745,2.0,1.0,2000.0,0.37,1770,220000,0.2,0.2,1.0,69.04314
0.21740416,4.0,1.0,1890.0,0.4,1770,220000,0.2,0.1,1.0,43.527466
0.21861114,4.0,3.0,1890.0,0.4,1470,150000,0.35,0.2,1.0,42.692303
0.21016018,2.0,3.0,2000.0,0.37,1470,150000,0.35,0.1,2.0,52.25445
0.14069326,2.0,2.0,2000.0,0.37,2540,75000,0.22,0.1,1.0,57.933975
0.48283428,4.0,3.0,1890.0,0.4,1470,150000,0.35,0.3,1.0,59.369026
0.45523232,1.0,4.0,2662.557781,0.38,2530,85000,0.21,0.1,1.0,193.6188
0.06640426,1.0,2.0,2662.557781,0.38,2540,75000,0.22,0.2,1.0,193.61613
0.49910188,2.0,1.0,2000.0,0.37,1770,220000,0.2,0.1,1.0,89.14865
0.38431662,1.0,2.0,2662.557781,0.38,2540,75000,0.22,0.2,1.0,193.61613
0.2761013,3.0,2.0,2070.0,0.36,2540,75000,0.22,0.1,1.0,63.958622
0.49199414,2.0,1.0,2000.0,0.37,1770,220000,0.2,0.3,1.0,81.74559
0.11217936,3.0,4.0,2070.0,0.36,2530,85000,0.21,0.1,2.0,50.784576
0.24783626,3.0,3.0,2070.0,0.36,1470,150000,0.35,0.3,1.0,60.464973
0.16134974,3.0,2.0,2070.0,0.36,2540,75000,0.22,0.3,1.0,56.95996
0.0723724,3.0,3.0,2070.0,0.36,1470,150000,0.35,0.1,2.0,50.089962
0.44180283,3.0,4.0,2070.0,0.36,2530,85000,0.21,0.1,1.0,75.790695
0.46326533,3.0,3.0,2070.0,0.36,1470,150000,0.35,0.1,2.0,63.64165
0.4617847,4.0,4.0,1890.0,0.4,2530,85000,0.21,0.1,1.0,57.712654
0.28270936,2.0,1.0,2000.0,0.37,1770,220000,0.2,0.1,1.0,64.97794
0.4776358,2.0,2.0,2000.0,0.37,2540,75000,0.22,0.1,1.0,78.169586
0.06282753,3.0,3.0,2070.0,0.36,1470,150000,0.35,0.2,1.0,56.976337
0.113994576,4.0,3.0,1890.0,0.4,1470,150000,0.35,0.2,1.0,40.650887
0.20159665,3.0,1.0,2070.0,0.36,1770,220000,0.2,0.3,1.0,56.317394
0.4185708,2.0,1.0,2000.0,0.37,1770,220000,0.2,0.2,1.0,72.23482
0.11310266,1.0,1.0,2662.557781,0.38,1770,220000,0.2,0.1,1.0,193.61009
0.124584965,2.0,4.0,2000.0,0.37,2530,85000,0.21,0.1,1.0,60.425312
0.15491594,2.0,4.0,2000.0,0.37,2530,85000,0.21,0.3,1.0,58.675774
0.3353201,4.0,2.0,1890.0,0.4,2540,75000,0.22,0.1,1.0,46.025734
0.13507918,2.0,4.0,2000.0,0.37,2530,85000,0.21,0.1,1.0,60.425312
0.09325128,3.0,2.0,2070.0,0.36,2540,75000,0.22,0.1,1.0,60.467724
0.18358588,2.0,3.0,2000.0,0.37,1470,150000,0.35,0.2,1.0,60.960403
0.17695275,1.0,2.0,2662.557781,0.38,2540,75000,0.22,0.2,1.0,193.61613
0.23864082,4.0,3.0,1890.0,0.4,1470,150000,0.35,0.2,1.0,42.692303
0.46859363,3.0,3.0,2070.0,0.36,1470,150000,0.35,0.3,1.0,77.29536
0.3341647,1.0,4.0,2662.557781,0.38,2530,85000,0.21,0.1,1.0,193.61638
0.48491493,3.0,2.0,2070.0,0.36,2540,75000,0.22,0.1,2.0,64.48965
0.34630838,1.0,4.0,2662.557781,0.38,2530,85000,0.21,0.3,1.0,193.61688
0.23205814,2.0,1.0,2000.0,0.37,1770,220000,0.2,0.2,1.0,61.058254
0.44229975,2.0,2.0,2000.0,0.37,2540,75000,0.22,0.1,2.0,62.169506
0.3435263,2.0,1.0,2000.0,0.37,1770,220000,0.2,0.2,1.0,69.04314
0.4594161,2.0,1.0,2000.0,0.37,1770,220000,0.2,0.1,2.0,62.770798
0.08845064,2.0,3.0,2000.0,0.37,1470,150000,0.35,0.1,1.0,59.927647
0.28267393,3.0,1.0,2070.0,0.36,1770,220000,0.2,0.1,1.0,64.25769
0.29389945,3.0,4.0,2070.0,0.36,2530,85000,0.21,0.1,2.0,53.125664
0.42198163,1.0,3.0,2662.557781,0.38,1470,150000,0.35,0.1,1.0,193.6245
0.41380876,1.0,2.0,2662.557781,0.38,2540,75000,0.22,0.2,1.0,193.61613
0.10279471,1.0,3.0,2662.557781,0.38,1470,150000,0.35,0.3,1.0,193.61826
0.21333021,1.0,3.0,2662.557781,0.38,1470,150000,0.35,0.1,1.0,193.61409
0.3627579,3.0,3.0,2070.0,0.36,1470,150000,0.35,0.1,2.0,57.403976
0.19788639,4.0,2.0,1890.0,0.4,2540,75000,0.22,0.3,1.0,42.453514
0.48990571,4.0,4.0,1890.0,0.4,2530,85000,0.21,0.1,1.0,63.762653
0.46200135,4.0,1.0,1890.0,0.4,1770,220000,0.2,0.2,1.0,57.56826
0.1355169,3.0,1.0,2070.0,0.36,1770,220000,0.2,0.2,1.0,57.921295
0.14779837,2.0,1.0,2000.0,0.37,1770,220000,0.2,0.1,2.0,51.24832
0.22821382,4.0,4.0,1890.0,0.4,2530,85000,0.21,0.3,1.0,42.76066
0.3559412,1.0,1.0,2662.557781,0.38,1770,220000,0.2,0.3,1.0,193.61253
0.056702312,3.0,2.0,2070.0,0.36,2540,75000,0.22,0.2,1.0,54.98681
0.23408854,4.0,3.0,1890.0,0.4,1470,150000,0.35,0.3,1.0,43.529064
0.47483182,1.0,1.0,2662.557781,0.38,1770,220000,0.2,0.3,1.0,193.61813
0.287489,2.0,1.0,2000.0,0.37,1770,220000,0.2,0.3,1.0,65.63401
0.15334651,1.0,1.0,2662.557781,0.38,1770,220000,0.2,0.1,2.0,193.60466
0.40009513,1.0,1.0,2662.557781,0.38,1770,220000,0.2,0.3,1.0,193.61809
0.14854288,1.0,2.0,2662.557781,0.38,2540,75000,0.22,0.1,2.0,193.59778
0.43485922,1.0,4.0,2662.557781,0.38,2530,85000,0.21,0.3,1.0,193.61688
0.16232914,1.0,4.0,2662.557781,0.38,2530,85000,0.21,0.1,1.0,193.61638
0.36520097,3.0,3.0,2070.0,0.36,1470,150000,0.35,0.1,2.0,58.151962
0.23108593,4.0,4.0,1890.0,0.4,2530,85000,0.21,0.2,1.0,42.776497
0.11857395,3.0,1.0,2070.0,0.36,1770,220000,0.2,0.2,1.0,57.921295
0.24489921,3.0,4.0,2070.0,0.36,2530,85000,0.21,0.3,1.0,59.600986
0.055655852,4.0,4.0,1890.0,0.4,2530,85000,0.21,0.1,2.0,38.66357
0.49194393,1.0,3.0,2662.557781,0.38,1470,150000,0.35,0.3,1.0,193.61826
0.26195213,2.0,3.0,2000.0,0.37,1470,150000,0.35,0.1,2.0,54.585526
0.16844887,1.0,4.0,2662.557781,0.38,2530,85000,0.21,0.3,1.0,193.60971
0.05201487,3.0,1.0,2070.0,0.36,1770,220000,0.2,0.1,2.0,51.765255
0.3959618,3.0,3.0,2070.0,0.36,1470,150000,0.35,0.1,1.0,70.18828
0.077806644,4.0,1.0,1890.0,0.4,1770,220000,0.2,0.3,1.0,40.666492
0.117663085,2.0,1.0,2000.0,0.37,1770,220000,0.2,0.1,1.0,59.007904
0.32533807,4.0,2.0,1890.0,0.4,2540,75000,0.22,0.3,1.0,46.15197
