Volume Fraction,Matrix Type,Fibre Type,Matrix Elastic Modulus,Matrix Poisson Ratio,Fibre Density,Fibre Elastic Modulus,Fibre Poisson Ratio,Strain Rate,Fibre Shape,Composite Ultimate Strength
0.29971078,1.0,3.0,2662.557781,0.38,1470,150000,0.35,0.1,1.0,202.51375
0.46913785,3.0,3.0,2070.0,0.36,1470,150000,0.35,0.2,1.0,101.64131
0.24018382,2.0,1.0,2000.0,0.37,1770,220000,0.2,0.3,1.0,67.1631
0.46247032,1.0,4.0,2662.557781,0.38,2530,85000,0.21,0.2,1.0,227.74556
0.13163023,1.0,4.0,2662.557781,0.38,2530,85000,0.21,0.3,1.0,160.82953
0.29637644,1.0,3.0,2662.557781,0.38,1470,150000,0.35,0.3,1.0,206.66838
0.26845932,4.0,3.0,1890.0,0.4,1470,150000,0.35,0.1,2.0,51.480103
0.11707102,1.0,2.0,2662.557781,0.38,2540,75000,0.22,0.1,2.0,153.35083
0.48977333,3.0,3.0,2070.0,0.36,1470,150000,0.35,0.1,2.0,109.83687
0.37866697,2.0,3.0,2000.0,0.37,1470,150000,0.35,0.1,1.0,81.24066
0.12948824,3.0,4.0,2070.0,0.36,2530,85000,0.21,0.2,1.0,56.03079
0.27528334,3.0,3.0,2070.0,0.36,1470,150000,0.35,0.1,2.0,71.47211
0.24202397,1.0,2.0,2662.557781,0.38,2540,75000,0.22,0.1,1.0,184.73906
0.3533957,3.0,2.0,2070.0,0.36,2540,75000,0.22,0.2,1.0,77.84552
0.30142906,1.0,2.0,2662.557781,0.38,2540,75000,0.22,0.1,1.0,190.60219
0.3232486,1.0,3.0,2662.557781,0.38,1470,150000,0.35,0.1,2.0,193.20485
0.07291248,2.0,1.0,2000.0,0.37,1770,220000,0.2,0.1,2.0,47.776638
0.2124122,3.0,4.0,2070.0,0.36,2530,85000,0.21,0.3,1.0,64.65522
0.40432355,4.0,4.0,1890.0,0.4,2530,85000,0.21,0.3,1.0,60.424103
0.41084102,3.0,4.0,2070.0,0.36,2530,85000,0.21,0.1,1.0,82.80975
0.13195612,3.0,2.0,2070.0,0.36,2540,75000,0.22,0.3,1.0,53.979412
0.22136578,2.0,3.0,2000.0,0.37,1470,150000,0.35,0.2,1.0,65.7114
0.07587942,2.0,3.0,2000.0,0.37,1470,150000,0.35,0.3,1.0,49.34029
0.11551913,2.0,1.0,2000.0,0.37,1770,220000,0.2,0.1,1.0,53.338696
0.05540197,3.0,4.0,2070.0,0.36,2530,85000,0.21,0.1,2.0,45.84309
0.08123303,2.0,2.0,2000.0,0.37,2540,75000,0.22,0.1,2.0,49.137264
0.45465416,1.0,4.0,2662.557781,0.38,2530,85000,0.21,0.1,1.0,234.09625
0.16547202,2.0,3.0,2000.0,0.37,1470,150000,0.35,0.3,1.0,59.89827
0.38201964,4.0,3.0,1890.0,0.4,1470,150000,0.35,0.3,1.0,54.42875
0.46489954,3.0,3.0,2070.0,0.36,1470,150000,0.35,0.1,2.0,100.452774
0.06804531,1.0,4.0,2662.557781,0.38,2530,85000,0.21,0.2,1.0,142.87624
0.42243513,4.0,3.0,1890.0,0.4,1470,150000,0.35,0.1,1.0,57.414364
0.17710952,3.0,4.0,2070.0,0.36,2530,85000,0.21,0.1,2.0,56.292053
0.207961,2.0,2.0,2000.0,0.37,2540,75000,0.22,0.3,1.0,60.775517
0.43341807,4.0,4.0,1890.0,0.4,2530,85000,0.21,0.2,1.0,64.862434
0.4540367,4.0,1.0,1890.0,0.4,1770,220000,0.2,0.3,1.0,70.01628
0.49786255,2.0,4.0,2000.0,0.37,2530,85000,0.21,0.3,1.0,116.39731
0.13981242,4.0,1.0,1890.0,0.4,1770,220000,0.2,0.1,1.0,44.502716
0.4916499,1.0,3.0,2662.557781,0.38,1470,150000,0.35,0.1,2.0,246.30254
0.49786672,4.0,2.0,1890.0,0.4,2540,75000,0.22,0.2,1.0,80.4053
0.12965919,1.0,3.0,2662.557781,0.38,1470,150000,0.35,0.3,1.0,154.34196
0.46342486,2.0,3.0,2000.0,0.37,1470,150000,0.35,0.1,1.0,94.92272
0.38424027,2.0,2.0,2000.0,0.37,2540,75000,0.22,0.3,1.0,80.02575
0.36459148,3.0,3.0,2070.0,0.36,1470,150000,0.35,0.2,1.0,77.80273
0.27115452,4.0,1.0,1890.0,0.4,1770,220000,0.2,0.1,2.0,51.7824
0.45057312,2.0,4.0,2000.0,0.37,2530,85000,0.21,0.1,2.0,97.068085
0.44097373,1.0,1.0,2662.557781,0.38,1770,220000,0.2,0.2,1.0,222.52298
0.27807453,2.0,4.0,2000.0,0.37,2530,85000,0.21,0.1,1.0,67.848816
0.2641225,3.0,1.0,2070.0,0.36,1770,220000,0.2,0.2,1.0,65.358246
0.48131773,4.0,1.0,1890.0,0.4,1770,220000,0.2,0.1,1.0,68.192604
0.36009067,3.0,3.0,2070.0,0.36,1470,150000,0.35,0.2,1.0,77.80273
0.19632906,1.0,3.0,2662.557781,0.38,1470,150000,0.35,0.2,1.0,165.9008
0.24284537,3.0,4.0,2070.0,0.36,2530,85000,0.21,0.2,1.0,61.593483
0.36321583,3.0,3.0,2070.0,0.36,1470,150000,0.35,0.1,2.0,91.61206
0.38708067,3.0,4.0,2070.0,0.36,2530,85000,0.21,0.3,1.0,83.56656
0.4549023,4.0,2.0,1890.0,0.4,2540,75000,0.22,0.2,1.0,61.404766
0.19348022,1.0,4.0,2662.557781,0.38,2530,85000,0.21,0.2,1.0,165.094
0.41369644,2.0,4.0,2000.0,0.37,2530,85000,0.21,0.1,1.0,86.998116
0.15828201,1.0,3.0,2662.557781,0.38,1470,150000,0.35,0.3,1.0,161.99954
0.4435653,4.0,4.0,1890.0,0.4,2530,85000,0.21,0.1,1.0,63.919365
0.46865746,3.0,3.0,2070.0,0.36,1470,150000,0.35,0.2,1.0,101.385155
0.3137136,1.0,1.0,2662.557781,0.38,1770,220000,0.2,0.2,1.0,185.68535
0.46166947,3.0,4.0,2070.0,0.36,2530,85000,0.21,0.1,1.0,93.58788
0.21041612,4.0,1.0,1890.0,0.4,1770,220000,0.2,0.2,1.0,45.753677
0.17578264,1.0,4.0,2662.557781,0.38,2530,85000,0.21,0.1,1.0,156.5516
0.3675552,3.0,1.0,2070.0,0.36,1770,220000,0.2,0.1,2.0,85.19737
0.4962512,3.0,4.0,2070.0,0.36,2530,85000,0.21,0.1,1.0,107.99634
0.3719853,4.0,2.0,1890.0,0.4,2540,75000,0.22,0.1,1.0,53.73244
0.24654832,2.0,1.0,2000.0,0.37,1770,220000,0.2,0.2,1.0,64.79024
0.45342338,2.0,2.0,2000.0,0.37,2540,75000,0.22,0.3,1.0,96.74716
0.096902765,2.0,1.0,2000.0,0.37,1770,220000,0.2,0.2,1.0,53.300934
0.16184607,2.0,1.0,2000.0,0.37,1770,220000,0.2,0.3,1.0,58.28631
0.09799973,3.0,4.0,2070.0,0.36,2530,85000,0.21,0.1,2.0,50.18488
0.2689702,3.0,2.0,2070.0,0.36,2540,75000,0.22,0.1,2.0,70.927
0.497259,2.0,3.0,2000.0,0.37,1470,150000,0.35,0.2,1.0,107.88689
0.24045472,2.0,4.0,2000.0,0.37,2530,85000,0.21,0.1,2.0,71.7838
0.07043588,3.0,2.0,2070.0,0.36,2540,75000,0.22,0.3,1.0,50.721024
0.4193754,1.0,2.0,2662.557781,0.38,2540,75000,0.22,0.2,1.0,211.7605
0.07184697,2.0,3.0,2000.0,0.37,1470,150000,0.35,0.3,1.0,49.34029
0.48100036,2.0,2.0,2000.0,0.37,2540,75000,0.22,0.1,1.0,94.29245
0.06988694,3.0,4.0,2070.0,0.36,2530,85000,0.21,0.3,1.0,47.701984
0.06968411,4.0,1.0,1890.0,0.4,1770,220000,0.2,0.1,1.0,42.214413
0.43133548,1.0,2.0,2662.557781,0.38,2540,75000,0.22,0.2,1.0,217.54863
0.46851328,1.0,1.0,2662.557781,0.38,1770,220000,0.2,0.1,2.0,228.8958
0.3072761,1.0,1.0,2662.557781,0.38,1770,220000,0.2,0.3,1.0,207.52054
0.3793533,1.0,2.0,2662.557781,0.38,2540,75000,0.22,0.2,1.0,204.6074
0.41985148,4.0,2.0,1890.0,0.4,2540,75000,0.22,0.2,1.0,59.43472
0.37967068,3.0,4.0,2070.0,0.36,2530,85000,0.21,0.3,1.0,78.77805
0.051743973,1.0,1.0,2662.557781,0.38,1770,220000,0.2,0.1,2.0,115.47236
0.34344134,3.0,4.0,2070.0,0.36,2530,85000,0.21,0.1,2.0,80.201805
0.46170738,1.0,1.0,2662.557781,0.38,1770,220000,0.2,0.3,1.0,227.24461
0.14860278,1.0,3.0,2662.557781,0.38,1470,150000,0.35,0.1,2.0,156.6601
0.41715372,4.0,3.0,1890.0,0.4,1470,150000,0.35,0.1,1.0,57.414364
0.33228725,4.0,2.0,1890.0,0.4,2540,75000,0.22,0.2,1.0,54.663445
0.20612419,3.0,4.0,2070.0,0.36,2530,85000,0.21,0.3,1.0,64.65522
0.28671294,3.0,1.0,2070.0,0.36,1770,220000,0.2,0.3,1.0,75.53586
0.3562707,2.0,1.0,2000.0,0.37,1770,220000,0.2,0.1,2.0,85.98815
0.3150545,3.0,4.0,2070.0,0.36,2530,85000,0.21,0.2,1.0,73.33831
0.099005036,4.0,4.0,1890.0,0.4,2530,85000,0.21,0.1,1.0,43.21942
0.13638876,2.0,4.0,2000.0,0.37,2530,85000,0.21,0.2,1.0,59.10536
0.44086212,1.0,2.0,2662.557781,0.38,2540,75000,0.22,0.2,1.0,217.54863
0.27837402,1.0,2.0,2662.557781,0.38,2540,75000,0.22,0.1,1.0,184.73906
0.46891797,1.0,3.0,2662.557781,0.38,1470,150000,0.35,0.1,2.0,209.98415
0.42922047,2.0,2.0,2000.0,0.37,2540,75000,0.22,0.2,1.0,88.09463
0.26479116,1.0,3.0,2662.557781,0.38,1470,150000,0.35,0.3,1.0,198.84175
0.3031335,1.0,4.0,2662.557781,0.38,2530,85000,0.21,0.3,1.0,189.64224
0.46037567,4.0,4.0,1890.0,0.4,2530,85000,0.21,0.2,1.0,64.862434
0.14381243,3.0,1.0,2070.0,0.36,1770,220000,0.2,0.3,1.0,61.38194
0.1704857,4.0,4.0,1890.0,0.4,2530,85000,0.21,0.1,1.0,44.433357
0.38281554,1.0,1.0,2662.557781,0.38,1770,220000,0.2,0.3,1.0,218.10356
0.3291694,4.0,3.0,1890.0,0.4,1470,150000,0.35,0.1,1.0,50.191856
0.43752348,4.0,1.0,1890.0,0.4,1770,220000,0.2,0.1,2.0,64.96143
0.4277024,3.0,2.0,2070.0,0.36,2540,75000,0.22,0.1,2.0,91.30561
0.17540026,1.0,2.0,2662.557781,0.38,2540,75000,0.22,0.2,1.0,163.47115
0.34896305,2.0,4.0,2000.0,0.37,2530,85000,0.21,0.1,1.0,76.04994
0.11870165,4.0,4.0,1890.0,0.4,2530,85000,0.21,0.2,1.0,44.05722
0.23416069,3.0,2.0,2070.0,0.36,2540,75000,0.22,0.3,1.0,60.94301
0.16477777,3.0,1.0,2070.0,0.36,1770,220000,0.2,0.1,1.0,58.74954
0.48779815,2.0,4.0,2000.0,0.37,2530,85000,0.21,0.2,1.0,100.5486
0.40280032,1.0,1.0,2662.557781,0.38,1770,220000,0.2,0.3,1.0,218.1636
0.18400073,4.0,1.0,1890.0,0.4,1770,220000,0.2,0.2,1.0,45.427055
0.090792246,3.0,1.0,2070.0,0.36,1770,220000,0.2,0.1,2.0,49.64026
0.12885815,4.0,4.0,1890.0,0.4,2530,85000,0.21,0.2,1.0,44.05722
0.40550154,2.0,3.0,2000.0,0.37,1470,150000,0.35,0.3,1.0,87.073395
0.23736079,4.0,4.0,1890.0,0.4,2530,85000,0.21,0.3,1.0,49.815235
0.18929309,1.0,4.0,2662.557781,0.38,2530,85000,0.21,0.3,1.0,171.00003
0.48675755,4.0,2.0,1890.0,0.4,2540,75000,0.22,0.2,1.0,76.916214
0.11273481,3.0,1.0,2070.0,0.36,1770,220000,0.2,0.3,1.0,52.8838
0.4833717,2.0,4.0,2000.0,0.37,2530,85000,0.21,0.2,1.0,100.5486
0.18472955,2.0,4.0,2000.0,0.37,2530,85000,0.21,0.2,1.0,59.10536
0.234808,4.0,1.0,1890.0,0.4,1770,220000,0.2,0.1,1.0,47.586517
0.49025956,1.0,4.0,2662.557781,0.38,2530,85000,0.21,0.3,1.0,248.60437
0.07085971,4.0,3.0,1890.0,0.4,1470,150000,0.35,0.3,1.0,42.873096
0.2789372,1.0,4.0,2662.557781,0.38,2530,85000,0.21,0.1,2.0,191.66412
0.23100936,2.0,4.0,2000.0,0.37,2530,85000,0.21,0.2,1.0,64.59885
0.46695176,1.0,1.0,2662.557781,0.38,1770,220000,0.2,0.2,1.0,223.62737
0.28219536,4.0,1.0,1890.0,0.4,1770,220000,0.2,0.2,1.0,48.295918
0.05807392,4.0,2.0,1890.0,0.4,2540,75000,0.22,0.2,1.0,42.229088
0.21934406,4.0,4.0,1890.0,0.4,2530,85000,0.21,0.1,1.0,47.245525
0.4603151,1.0,2.0,2662.557781,0.38,2540,75000,0.22,0.1,1.0,218.60406
0.29581922,4.0,4.0,1890.0,0.4,2530,85000,0.21,0.1,2.0,52.190155
0.4969331,4.0,2.0,1890.0,0.4,2540,75000,0.22,0.1,1.0,78.1369
0.22924313,3.0,3.0,2070.0,0.36,1470,150000,0.35,0.2,1.0,72.67732
0.104756206,3.0,4.0,2070.0,0.36,2530,85000,0.21,0.2,1.0,51.320713
0.3808504,4.0,4.0,1890.0,0.4,2530,85000,0.21,0.1,2.0,58.893406
0.1720843,4.0,1.0,1890.0,0.4,1770,220000,0.2,0.2,1.0,45.41559
0.10616397,3.0,2.0,2070.0,0.36,2540,75000,0.22,0.1,1.0,51.940586
0.10188451,3.0,1.0,2070.0,0.36,1770,220000,0.2,0.1,2.0,53.212784
0.22923334,2.0,4.0,2000.0,0.37,2530,85000,0.21,0.2,1.0,63.173462
0.42966703,2.0,2.0,2000.0,0.37,2540,75000,0.22,0.3,1.0,87.78274
0.28540722,2.0,2.0,2000.0,0.37,2540,75000,0.22,0.2,1.0,72.856705
0.41926455,3.0,2.0,2070.0,0.36,2540,75000,0.22,0.2,1.0,90.5226
0.32288867,3.0,3.0,2070.0,0.36,1470,150000,0.35,0.3,1.0,73.45062
0.39945433,2.0,3.0,2000.0,0.37,1470,150000,0.35,0.1,2.0,88.6166
0.3705939,4.0,1.0,1890.0,0.4,1770,220000,0.2,0.1,2.0,56.663433
0.36983967,4.0,4.0,1890.0,0.4,2530,85000,0.21,0.1,2.0,55.05268
0.3347459,2.0,1.0,2000.0,0.37,1770,220000,0.2,0.3,1.0,78.125015
0.09123623,3.0,1.0,2070.0,0.36,1770,220000,0.2,0.3,1.0,52.8838
0.4869222,3.0,4.0,2070.0,0.36,2530,85000,0.21,0.1,2.0,104.86407
0.07567484,3.0,3.0,2070.0,0.36,1470,150000,0.35,0.1,1.0,48.043427
0.43500057,2.0,2.0,2000.0,0.37,2540,75000,0.22,0.1,2.0,98.20029
0.43291616,2.0,2.0,2000.0,0.37,2540,75000,0.22,0.2,1.0,88.80017
0.47416174,2.0,1.0,2000.0,0.37,1770,220000,0.2,0.2,1.0,105.526955
0.36834964,3.0,2.0,2070.0,0.36,2540,75000,0.22,0.3,1.0,76.72381
0.3852145,4.0,4.0,1890.0,0.4,2530,85000,0.21,0.1,2.0,58.893406
0.32469684,3.0,4.0,2070.0,0.36,2530,85000,0.21,0.1,2.0,79.537895
0.074992806,2.0,1.0,2000.0,0.37,1770,220000,0.2,0.1,1.0,50.604042
0.32899824,1.0,2.0,2662.557781,0.38,2540,75000,0.22,0.2,1.0,201.64485
0.24124812,4.0,2.0,1890.0,0.4,2540,75000,0.22,0.2,1.0,47.581245
0.42454788,3.0,2.0,2070.0,0.36,2540,75000,0.22,0.1,2.0,91.30561
0.32499862,4.0,4.0,1890.0,0.4,2530,85000,0.21,0.3,1.0,52.385315
0.4525754,2.0,4.0,2000.0,0.37,2530,85000,0.21,0.3,1.0,92.04856
0.45638567,4.0,2.0,1890.0,0.4,2540,75000,0.22,0.3,1.0,66.128815
0.33420268,3.0,2.0,2070.0,0.36,2540,75000,0.22,0.3,1.0,76.72381
0.47501683,3.0,3.0,2070.0,0.36,1470,150000,0.35,0.1,1.0,96.2477
0.48906323,1.0,2.0,2662.557781,0.38,2540,75000,0.22,0.2,1.0,245.98259
0.35965595,4.0,1.0,1890.0,0.4,1770,220000,0.2,0.1,2.0,56.663433
0.20151417,4.0,1.0,1890.0,0.4,1770,220000,0.2,0.1,2.0,47.126755
0.09716658,1.0,3.0,2662.557781,0.38,1470,150000,0.35,0.3,1.0,135.4855
0.050396595,1.0,2.0,2662.557781,0.38,2540,75000,0.22,0.2,1.0,98.127556
0.20039064,1.0,1.0,2662.557781,0.38,1770,220000,0.2,0.2,1.0,179.9367
0.08068625,2.0,4.0,2000.0,0.37,2530,85000,0.21,0.3,1.0,49.64753
0.24554455,4.0,1.0,1890.0,0.4,1770,220000,0.2,0.2,1.0,47.72924
0.061460927,2.0,2.0,2000.0,0.37,2540,75000,0.22,0.2,1.0,46.32211
0.29563978,3.0,2.0,2070.0,0.36,2540,75000,0.22,0.2,1.0,77.84552
0.05431763,3.0,4.0,2070.0,0.36,2530,85000,0.21,0.2,1.0,46.479908
0.32063526,4.0,2.0,1890.0,0.4,2540,75000,0.22,0.1,2.0,51.420223
0.345862,1.0,2.0,2662.557781,0.38,2540,75000,0.22,0.1,2.0,194.41295
0.43921283,1.0,2.0,2662.557781,0.38,2540,75000,0.22,0.2,1.0,217.54863
0.38317308,3.0,4.0,2070.0,0.36,2530,85000,0.21,0.3,1.0,78.77805
0.2674833,2.0,1.0,2000.0,0.37,1770,220000,0.2,0.3,1.0,76.231834
0.20159991,3.0,4.0,2070.0,0.36,2530,85000,0.21,0.2,1.0,59.667793
0.11841789,2.0,3.0,2000.0,0.37,1470,150000,0.35,0.1,1.0,51.107285
0.16386108,2.0,4.0,2000.0,0.37,2530,85000,0.21,0.3,1.0,56.441406
0.1346927,1.0,3.0,2662.557781,0.38,1470,150000,0.35,0.1,2.0,150.22586
0.4946926,3.0,3.0,2070.0,0.36,1470,150000,0.35,0.3,1.0,110.68758
0.41900596,2.0,2.0,2000.0,0.37,2540,75000,0.22,0.1,2.0,88.72579
0.10406477,2.0,4.0,2000.0,0.37,2530,85000,0.21,0.3,1.0,53.882057
0.2785648,4.0,2.0,1890.0,0.4,2540,75000,0.22,0.1,2.0,51.062355
0.08158801,2.0,1.0,2000.0,0.37,1770,220000,0.2,0.2,1.0,53.300934
0.16541807,4.0,3.0,1890.0,0.4,1470,150000,0.35,0.1,1.0,44.92253
0.30307359,1.0,4.0,2662.557781,0.38,2530,85000,0.21,0.1,2.0,191.66412
0.48792866,4.0,1.0,1890.0,0.4,1770,220000,0.2,0.1,2.0,72.674995
0.29359493,2.0,2.0,2000.0,0.37,2540,75000,0.22,0.2,1.0,72.856705
0.060587704,1.0,4.0,2662.557781,0.38,2530,85000,0.21,0.1,2.0,126.33741
0.12138849,2.0,1.0,2000.0,0.37,1770,220000,0.2,0.3,1.0,53.703773
0.40438917,3.0,2.0,2070.0,0.36,2540,75000,0.22,0.3,1.0,96.2163
0.44167122,3.0,4.0,2070.0,0.36,2530,85000,0.21,0.1,2.0,93.8876
0.06375243,3.0,2.0,2070.0,0.36,2540,75000,0.22,0.2,1.0,46.181805
0.23984535,3.0,4.0,2070.0,0.36,2530,85000,0.21,0.2,1.0,61.593483
0.12853485,3.0,1.0,2070.0,0.36,1770,220000,0.2,0.2,1.0,55.92985
0.17132802,4.0,3.0,1890.0,0.4,1470,150000,0.35,0.1,1.0,44.92253
0.213273,1.0,3.0,2662.557781,0.38,1470,150000,0.35,0.1,2.0,170.23016
0.45636383,1.0,4.0,2662.557781,0.38,2530,85000,0.21,0.1,2.0,222.68022
0.3612539,4.0,3.0,1890.0,0.4,1470,150000,0.35,0.3,1.0,54.42875
0.4941061,4.0,4.0,1890.0,0.4,2530,85000,0.21,0.1,2.0,78.92623
0.34739262,4.0,4.0,1890.0,0.4,2530,85000,0.21,0.2,1.0,50.111507
0.056764875,3.0,2.0,2070.0,0.36,2540,75000,0.22,0.3,1.0,47.401024
0.14799151,3.0,1.0,2070.0,0.36,1770,220000,0.2,0.1,2.0,54.168354
0.06949362,1.0,3.0,2662.557781,0.38,1470,150000,0.35,0.1,2.0,118.50099
0.46223223,3.0,4.0,2070.0,0.36,2530,85000,0.21,0.2,1.0,87.44691
0.07569824,2.0,2.0,2000.0,0.37,2540,75000,0.22,0.1,2.0,49.137264
0.32979283,4.0,3.0,1890.0,0.4,1470,150000,0.35,0.1,2.0,52.95226
0.3463726,2.0,3.0,2000.0,0.37,1470,150000,0.35,0.1,1.0,74.69357
0.050558984,1.0,4.0,2662.557781,0.38,2530,85000,0.21,0.1,2.0,80.92213
0.1705839,3.0,1.0,2070.0,0.36,1770,220000,0.2,0.2,1.0,57.678696
0.13677862,4.0,4.0,1890.0,0.4,2530,85000,0.21,0.1,2.0,43.852283
0.12816839,4.0,3.0,1890.0,0.4,1470,150000,0.35,0.2,1.0,43.817455
0.05946052,1.0,1.0,2662.557781,0.38,1770,220000,0.2,0.2,1.0,123.03358
0.39420947,2.0,4.0,2000.0,0.37,2530,85000,0.21,0.1,2.0,89.51043
0.21218671,2.0,4.0,2000.0,0.37,2530,85000,0.21,0.1,1.0,62.461533
0.25450408,3.0,1.0,2070.0,0.36,1770,220000,0.2,0.1,2.0,65.61657
0.3174072,1.0,1.0,2662.557781,0.38,1770,220000,0.2,0.1,1.0,212.54753
0.18757436,1.0,4.0,2662.557781,0.38,2530,85000,0.21,0.1,2.0,160.94661
0.15038735,1.0,3.0,2662.557781,0.38,1470,150000,0.35,0.3,1.0,154.5662
0.41361457,2.0,1.0,2000.0,0.37,1770,220000,0.2,0.1,1.0,86.15672
0.16385746,1.0,1.0,2662.557781,0.38,1770,220000,0.2,0.3,1.0,178.65804
0.24649754,2.0,4.0,2000.0,0.37,2530,85000,0.21,0.3,1.0,67.13273
0.4806158,1.0,3.0,2662.557781,0.38,1470,150000,0.35,0.1,2.0,219.71628
0.2920186,3.0,4.0,2070.0,0.36,2530,85000,0.21,0.3,1.0,75.04199
0.18458961,1.0,4.0,2662.557781,0.38,2530,85000,0.21,0.1,2.0,152.78917
0.2375516,1.0,2.0,2662.557781,0.38,2540,75000,0.22,0.3,1.0,199.192
0.211218,1.0,4.0,2662.557781,0.38,2530,85000,0.21,0.3,1.0,172.12064
0.39421484,4.0,4.0,1890.0,0.4,2530,85000,0.21,0.1,2.0,59.291832
0.080031656,4.0,4.0,1890.0,0.4,2530,85000,0.21,0.2,1.0,42.703953
0.13301691,4.0,1.0,1890.0,0.4,1770,220000,0.2,0.1,2.0,44.1691
0.2689032,3.0,2.0,2070.0,0.36,2540,75000,0.22,0.1,1.0,67.51243
0.1714319,3.0,2.0,2070.0,0.36,2540,75000,0.22,0.3,1.0,60.288086
0.14921117,1.0,3.0,2662.557781,0.38,1470,150000,0.35,0.2,1.0,163.33264
0.47215584,2.0,4.0,2000.0,0.37,2530,85000,0.21,0.1,1.0,94.23424
0.09587387,2.0,3.0,2000.0,0.37,1470,150000,0.35,0.1,1.0,50.06399
0.49638942,1.0,2.0,2662.557781,0.38,2540,75000,0.22,0.1,1.0,235.29265
0.35238636,4.0,2.0,1890.0,0.4,2540,75000,0.22,0.3,1.0,54.232155
0.30418447,3.0,1.0,2070.0,0.36,1770,220000,0.2,0.1,2.0,78.1197
0.3653657,1.0,1.0,2662.557781,0.38,1770,220000,0.2,0.3,1.0,211.59459
0.42908257,1.0,1.0,2662.557781,0.38,1770,220000,0.2,0.1,2.0,217.94048
0.26493785,3.0,2.0,2070.0,0.36,2540,75000,0.22,0.3,1.0,66.300514
0.38119605,2.0,1.0,2000.0,0.37,1770,220000,0.2,0.3,1.0,81.8322
0.09761401,2.0,1.0,2000.0,0.37,1770,220000,0.2,0.1,1.0,50.604042
0.060568675,4.0,2.0,1890.0,0.4,2540,75000,0.22,0.1,1.0,42.13407
0.14462838,3.0,2.0,2070.0,0.36,2540,75000,0.22,0.3,1.0,56.14894
0.17537478,2.0,3.0,2000.0,0.37,1470,150000,0.35,0.3,1.0,62.0232
0.3154472,4.0,4.0,1890.0,0.4,2530,85000,0.21,0.3,1.0,51.50073
0.45368087,3.0,4.0,2070.0,0.36,2530,85000,0.21,0.3,1.0,83.56656
0.38174528,1.0,3.0,2662.557781,0.38,1470,150000,0.35,0.1,2.0,201.47433
0.28934523,2.0,4.0,2000.0,0.37,2530,85000,0.21,0.2,1.0,67.28802
0.47376162,3.0,3.0,2070.0,0.36,1470,150000,0.35,0.3,1.0,95.02805
0.32972768,4.0,4.0,1890.0,0.4,2530,85000,0.21,0.1,2.0,53.05026
0.19131193,1.0,3.0,2662.557781,0.38,1470,150000,0.35,0.3,1.0,178.85916
0.12287658,3.0,4.0,2070.0,0.36,2530,85000,0.21,0.1,2.0,55.02399
0.47942704,3.0,2.0,2070.0,0.36,2540,75000,0.22,0.1,2.0,107.421616
0.3486949,3.0,3.0,2070.0,0.36,1470,150000,0.35,0.1,1.0,76.82547
0.1854341,1.0,4.0,2662.557781,0.38,2530,85000,0.21,0.1,1.0,158.54213
0.43104514,1.0,1.0,2662.557781,0.38,1770,220000,0.2,0.2,1.0,222.52298
0.08467095,2.0,4.0,2000.0,0.37,2530,85000,0.21,0.1,1.0,51.584354
0.31042123,3.0,3.0,2070.0,0.36,1470,150000,0.35,0.3,1.0,68.99716
0.4885797,4.0,4.0,1890.0,0.4,2530,85000,0.21,0.2,1.0,67.65313
0.42595136,3.0,4.0,2070.0,0.36,2530,85000,0.21,0.1,1.0,91.08447
0.12539256,2.0,3.0,2000.0,0.37,1470,150000,0.35,0.1,2.0,52.776207
0.46820194,1.0,1.0,2662.557781,0.38,1770,220000,0.2,0.3,1.0,227.24461
0.09338713,2.0,2.0,2000.0,0.37,2540,75000,0.22,0.3,1.0,49.715008
0.4232502,2.0,3.0,2000.0,0.37,1470,150000,0.35,0.3,1.0,87.0797
0.09813994,4.0,1.0,1890.0,0.4,1770,220000,0.2,0.1,2.0,43.46374
0.06837499,2.0,4.0,2000.0,0.37,2530,85000,0.21,0.1,2.0,49.326653
0.47517797,4.0,1.0,1890.0,0.4,1770,220000,0.2,0.1,1.0,68.192604
0.2139547,3.0,1.0,2070.0,0.36,1770,220000,0.2,0.1,2.0,63.232143
0.21099894,4.0,4.0,1890.0,0.4,2530,85000,0.21,0.3,1.0,47.045006
0.17676556,4.0,3.0,1890.0,0.4,1470,150000,0.35,0.1,1.0,45.717674
0.3246315,2.0,3.0,2000.0,0.37,1470,150000,0.35,0.2,1.0,72.88729
0.20211254,1.0,1.0,2662.557781,0.38,1770,220000,0.2,0.1,1.0,173.49812
0.18034676,4.0,3.0,1890.0,0.4,1470,150000,0.35,0.2,1.0,45.331448
0.1346228,1.0,2.0,2662.557781,0.38,2540,75000,0.22,0.2,1.0,158.71709
0.3075596,2.0,4.0,2000.0,0.37,2530,85000,0.21,0.3,1.0,74.5592
0.29713386,2.0,4.0,2000.0,0.37,2530,85000,0.21,0.3,1.0,74.5592
0.4554786,1.0,2.0,2662.557781,0.38,2540,75000,0.22,0.1,2.0,220.04428
0.35879934,3.0,1.0,2070.0,0.36,1770,220000,0.2,0.1,2.0,85.19737
0.46353376,1.0,4.0,2662.557781,0.38,2530,85000,0.21,0.1,1.0,234.23187
0.43978474,3.0,2.0,2070.0,0.36,2540,75000,0.22,0.2,1.0,90.5226
0.3276122,4.0,1.0,1890.0,0.4,1770,220000,0.2,0.2,1.0,51.104614
0.26858672,1.0,1.0,2662.557781,0.38,1770,220000,0.2,0.3,1.0,189.77094
0.0783821,1.0,1.0,2662.557781,0.38,1770,220000,0.2,0.1,1.0,135.33203
0.07962891,2.0,4.0,2000.0,0.37,2530,85000,0.21,0.3,1.0,49.64753
0.26182145,3.0,2.0,2070.0,0.36,2540,75000,0.22,0.2,1.0,69.78757
0.37487528,4.0,2.0,1890.0,0.4,2540,75000,0.22,0.2,1.0,55.217716
0.28026053,2.0,2.0,2000.0,0.37,2540,75000,0.22,0.1,2.0,72.08648
0.4083602,2.0,3.0,2000.0,0.37,1470,150000,0.35,0.3,1.0,87.073395
0.1053621,4.0,3.0,1890.0,0.4,1470,150000,0.35,0.1,2.0,43.25551
0.3557053,1.0,1.0,2662.557781,0.38,1770,220000,0.2,0.3,1.0,211.59459
0.10267035,1.0,3.0,2662.557781,0.38,1470,150000,0.35,0.2,1.0,163.33264
0.06742872,2.0,3.0,2000.0,0.37,1470,150000,0.35,0.1,1.0,48.764942
0.15540072,2.0,3.0,2000.0,0.37,1470,150000,0.35,0.3,1.0,59.89827
0.07210362,2.0,1.0,2000.0,0.37,1770,220000,0.2,0.1,1.0,50.604042
0.24672776,2.0,4.0,2000.0,0.37,2530,85000,0.21,0.3,1.0,68.76164
0.07928332,3.0,1.0,2070.0,0.36,1770,220000,0.2,0.3,1.0,51.57802
0.28657717,1.0,4.0,2662.557781,0.38,2530,85000,0.21,0.1,2.0,191.66412
0.106346995,1.0,2.0,2662.557781,0.38,2540,75000,0.22,0.3,1.0,160.66797
0.42723817,4.0,1.0,1890.0,0.4,1770,220000,0.2,0.2,1.0,63.384872
0.46328416,4.0,2.0,1890.0,0.4,2540,75000,0.22,0.3,1.0,67.267555
0.35235003,3.0,1.0,2070.0,0.36,1770,220000,0.2,0.3,1.0,75.53586
0.45207456,4.0,2.0,1890.0,0.4,2540,75000,0.22,0.1,2.0,68.094246
0.07409059,2.0,4.0,2000.0,0.37,2530,85000,0.21,0.1,2.0,50.402077
0.3485976,4.0,3.0,1890.0,0.4,1470,150000,0.35,0.1,2.0,53.4654
0.47234336,1.0,3.0,2662.557781,0.38,1470,150000,0.35,0.1,2.0,219.71628
0.4365595,4.0,4.0,1890.0,0.4,2530,85000,0.21,0.1,1.0,63.919365
0.2575038,3.0,2.0,2070.0,0.36,2540,75000,0.22,0.3,1.0,64.31309
0.3424072,1.0,3.0,2662.557781,0.38,1470,150000,0.35,0.2,1.0,204.1196
0.49396718,3.0,1.0,2070.0,0.36,1770,220000,0.2,0.1,1.0,106.49746
0.43745533,2.0,1.0,2000.0,0.37,1770,220000,0.2,0.2,1.0,89.37826
0.42157245,2.0,2.0,2000.0,0.37,2540,75000,0.22,0.1,1.0,88.99573
0.23839995,1.0,1.0,2662.557781,0.38,1770,220000,0.2,0.3,1.0,189.77094
0.06451702,3.0,1.0,2070.0,0.36,1770,220000,0.2,0.1,2.0,49.64026
0.4810363,4.0,4.0,1890.0,0.4,2530,85000,0.21,0.1,1.0,69.79457
0.36903223,3.0,2.0,2070.0,0.36,2540,75000,0.22,0.1,1.0,80.83058
0.12966587,4.0,3.0,1890.0,0.4,1470,150000,0.35,0.3,1.0,44.1073
0.1271064,4.0,1.0,1890.0,0.4,1770,220000,0.2,0.2,1.0,43.75586
0.4880242,1.0,4.0,2662.557781,0.38,2530,85000,0.21,0.3,1.0,239.33788
0.082837604,1.0,3.0,2662.557781,0.38,1470,150000,0.35,0.2,1.0,143.6467
0.47851208,3.0,1.0,2070.0,0.36,1770,220000,0.2,0.1,1.0,103.47514
0.11791272,4.0,3.0,1890.0,0.4,1470,150000,0.35,0.2,1.0,43.817455
0.0880662,3.0,3.0,2070.0,0.36,1470,150000,0.35,0.2,1.0,49.65471
0.41780388,3.0,3.0,2070.0,0.36,1470,150000,0.35,0.1,2.0,91.61206
0.2533685,1.0,3.0,2662.557781,0.38,1470,150000,0.35,0.1,2.0,170.23016
0.07906859,1.0,3.0,2662.557781,0.38,1470,150000,0.35,0.2,1.0,143.6467
0.055427294,3.0,4.0,2070.0,0.36,2530,85000,0.21,0.1,1.0,45.700665
0.38620073,1.0,1.0,2662.557781,0.38,1770,220000,0.2,0.3,1.0,218.10356
0.29278475,4.0,4.0,1890.0,0.4,2530,85000,0.21,0.2,1.0,49.14627
0.12972146,2.0,2.0,2000.0,0.37,2540,75000,0.22,0.3,1.0,55.991714
0.06475983,1.0,1.0,2662.557781,0.38,1770,220000,0.2,0.1,2.0,128.755
0.29284763,1.0,2.0,2662.557781,0.38,2540,75000,0.22,0.1,2.0,176.23114
0.4606278,2.0,2.0,2000.0,0.37,2540,75000,0.22,0.1,2.0,104.48314
0.30454272,4.0,2.0,1890.0,0.4,2540,75000,0.22,0.3,1.0,51.24527
0.45888725,3.0,4.0,2070.0,0.36,2530,85000,0.21,0.1,1.0,91.08447
0.1292462,2.0,1.0,2000.0,0.37,1770,220000,0.2,0.1,2.0,55.053696
0.32689208,1.0,2.0,2662.557781,0.38,2540,75000,0.22,0.3,1.0,209.67096
0.3919756,3.0,4.0,2070.0,0.36,2530,85000,0.21,0.1,2.0,83.68814
0.4694412,4.0,1.0,1890.0,0.4,1770,220000,0.2,0.1,2.0,69.65833
0.3707726,2.0,3.0,2000.0,0.37,1470,150000,0.35,0.2,1.0,78.71265
0.11033027,1.0,2.0,2662.557781,0.38,2540,75000,0.22,0.2,1.0,156.88525
0.26096365,4.0,3.0,1890.0,0.4,1470,150000,0.35,0.2,1.0,48.6138
0.094489045,4.0,4.0,1890.0,0.4,2530,85000,0.21,0.1,2.0,43.177246
0.11633177,1.0,2.0,2662.557781,0.38,2540,75000,0.22,0.2,1.0,156.88525
0.31870535,1.0,3.0,2662.557781,0.38,1470,150000,0.35,0.1,1.0,202.51375
0.25116304,2.0,4.0,2000.0,0.37,2530,85000,0.21,0.3,1.0,68.76164
0.30566257,3.0,2.0,2070.0,0.36,2540,75000,0.22,0.3,1.0,76.72381
0.08236025,1.0,4.0,2662.557781,0.38,2530,85000,0.21,0.2,1.0,145.10013
0.42618325,2.0,1.0,2000.0,0.37,1770,220000,0.2,0.1,1.0,87.58175
0.4173976,3.0,1.0,2070.0,0.36,1770,220000,0.2,0.2,1.0,90.19306
0.29544392,4.0,4.0,1890.0,0.4,2530,85000,0.21,0.1,2.0,52.190155
0.3286475,1.0,4.0,2662.557781,0.38,2530,85000,0.21,0.1,1.0,186.47575
0.06448065,1.0,4.0,2662.557781,0.38,2530,85000,0.21,0.3,1.0,151.15451
0.4454191,4.0,4.0,1890.0,0.4,2530,85000,0.21,0.1,2.0,70.27017
0.2859634,1.0,4.0,2662.557781,0.38,2530,85000,0.21,0.1,1.0,178.44884
0.35653502,3.0,1.0,2070.0,0.36,1770,220000,0.2,0.2,1.0,76.68445
0.16729191,3.0,2.0,2070.0,0.36,2540,75000,0.22,0.1,2.0,56.057262
0.084351815,1.0,3.0,2662.557781,0.38,1470,150000,0.35,0.3,1.0,135.4855
0.36532325,1.0,3.0,2662.557781,0.38,1470,150000,0.35,0.1,2.0,193.20485
0.1197332,3.0,1.0,2070.0,0.36,1770,220000,0.2,0.1,1.0,54.295258
0.37658346,1.0,4.0,2662.557781,0.38,2530,85000,0.21,0.1,1.0,207.58713
0.45015612,4.0,2.0,1890.0,0.4,2540,75000,0.22,0.1,2.0,68.094246
0.3910274,4.0,3.0,1890.0,0.4,1470,150000,0.35,0.3,1.0,54.742958
0.30450422,1.0,4.0,2662.557781,0.38,2530,85000,0.21,0.3,1.0,189.64224
0.23712975,4.0,2.0,1890.0,0.4,2540,75000,0.22,0.1,2.0,51.062355
0.33913437,1.0,4.0,2662.557781,0.38,2530,85000,0.21,0.1,1.0,202.75311
0.29901227,4.0,3.0,1890.0,0.4,1470,150000,0.35,0.2,1.0,50.375347
0.45719168,4.0,1.0,1890.0,0.4,1770,220000,0.2,0.1,2.0,68.71253
0.15437362,4.0,3.0,1890.0,0.4,1470,150000,0.35,0.2,1.0,44.821144
0.41976225,2.0,2.0,2000.0,0.37,2540,75000,0.22,0.2,1.0,82.80597
0.2847732,2.0,2.0,2000.0,0.37,2540,75000,0.22,0.1,1.0,68.26717
0.12426663,2.0,2.0,2000.0,0.37,2540,75000,0.22,0.2,1.0,53.285477
0.15923049,3.0,3.0,2070.0,0.36,1470,150000,0.35,0.1,2.0,58.846565
0.069981806,4.0,2.0,1890.0,0.4,2540,75000,0.22,0.2,1.0,42.678818
0.32929888,2.0,1.0,2000.0,0.37,1770,220000,0.2,0.3,1.0,78.125015
0.06394233,1.0,2.0,2662.557781,0.38,2540,75000,0.22,0.1,1.0,127.94
0.35618815,1.0,2.0,2662.557781,0.38,2540,75000,0.22,0.1,2.0,194.41295
0.27983442,3.0,3.0,2070.0,0.36,1470,150000,0.35,0.1,1.0,68.37483
0.27220827,1.0,1.0,2662.557781,0.38,1770,220000,0.2,0.2,1.0,184.40735
0.07882653,2.0,1.0,2000.0,0.37,1770,220000,0.2,0.1,2.0,49.18926
0.12883493,2.0,4.0,2000.0,0.37,2530,85000,0.21,0.3,1.0,55.01948
0.16004336,1.0,3.0,2662.557781,0.38,1470,150000,0.35,0.3,1.0,161.99954
0.07456102,1.0,4.0,2662.557781,0.38,2530,85000,0.21,0.2,1.0,142.87624
0.24698007,1.0,4.0,2662.557781,0.38,2530,85000,0.21,0.1,1.0,175.93604
0.19678396,3.0,1.0,2070.0,0.36,1770,220000,0.2,0.1,2.0,62.46691
0.24396057,2.0,3.0,2000.0,0.37,1470,150000,0.35,0.2,1.0,67.174706
0.46794954,2.0,4.0,2000.0,0.37,2530,85000,0.21,0.1,1.0,94.23424
0.40930703,3.0,2.0,2070.0,0.36,2540,75000,0.22,0.1,2.0,91.30561
0.39770466,3.0,2.0,2070.0,0.36,2540,75000,0.22,0.1,1.0,80.83058
0.13511577,3.0,3.0,2070.0,0.36,1470,150000,0.35,0.3,1.0,57.1195
0.060998682,4.0,4.0,1890.0,0.4,2530,85000,0.21,0.2,1.0,42.108463
0.3896506,4.0,4.0,1890.0,0.4,2530,85000,0.21,0.1,2.0,59.291832
0.21601652,2.0,1.0,2000.0,0.37,1770,220000,0.2,0.1,2.0,62.243965
0.32183287,2.0,4.0,2000.0,0.37,2530,85000,0.21,0.1,1.0,70.83659
0.40165746,3.0,1.0,2070.0,0.36,1770,220000,0.2,0.1,1.0,89.1224
0.33889306,1.0,4.0,2662.557781,0.38,2530,85000,0.21,0.2,1.0,200.15034
0.062055543,4.0,2.0,1890.0,0.4,2540,75000,0.22,0.3,1.0,42.403706
0.26275882,1.0,2.0,2662.557781,0.38,2540,75000,0.22,0.1,1.0,184.73906
0.3214925,2.0,3.0,2000.0,0.37,1470,150000,0.35,0.2,1.0,71.38674
0.4641388,2.0,1.0,2000.0,0.37,1770,220000,0.2,0.3,1.0,93.16524
0.09786093,3.0,2.0,2070.0,0.36,2540,75000,0.22,0.1,2.0,50.550125
0.39709643,4.0,4.0,1890.0,0.4,2530,85000,0.21,0.1,2.0,59.291832
0.41635898,3.0,2.0,2070.0,0.36,2540,75000,0.22,0.2,1.0,90.5226
0.06971747,4.0,4.0,1890.0,0.4,2530,85000,0.21,0.3,1.0,42.543674
0.42859212,1.0,2.0,2662.557781,0.38,2540,75000,0.22,0.1,1.0,212.36331
0.4531119,3.0,2.0,2070.0,0.36,2540,75000,0.22,0.1,1.0,89.33301
0.30023158,2.0,1.0,2000.0,0.37,1770,220000,0.2,0.2,1.0,72.15845
0.2323969,4.0,2.0,1890.0,0.4,2540,75000,0.22,0.2,1.0,47.581245
0.23462941,1.0,4.0,2662.557781,0.38,2530,85000,0.21,0.1,2.0,175.04684
0.47806403,3.0,3.0,2070.0,0.36,1470,150000,0.35,0.1,2.0,100.452774
0.27714184,3.0,4.0,2070.0,0.36,2530,85000,0.21,0.3,1.0,75.04199
0.45744976,4.0,2.0,1890.0,0.4,2540,75000,0.22,0.2,1.0,61.404766
0.37330738,3.0,4.0,2070.0,0.36,2530,85000,0.21,0.2,1.0,73.33831
0.4987688,4.0,1.0,1890.0,0.4,1770,220000,0.2,0.1,2.0,77.20024
0.2829737,2.0,4.0,2000.0,0.37,2530,85000,0.21,0.3,1.0,74.5592
0.38300362,4.0,1.0,1890.0,0.4,1770,220000,0.2,0.1,1.0,53.213844
0.15939394,3.0,1.0,2070.0,0.36,1770,220000,0.2,0.1,1.0,58.74954
0.27717122,2.0,3.0,2000.0,0.37,1470,150000,0.35,0.2,1.0,69.39381
0.07707437,1.0,3.0,2662.557781,0.38,1470,150000,0.35,0.1,1.0,141.63408
0.26066303,4.0,2.0,1890.0,0.4,2540,75000,0.22,0.1,1.0,47.287987
0.42929807,2.0,1.0,2000.0,0.37,1770,220000,0.2,0.1,2.0,93.49016
0.14200614,3.0,2.0,2070.0,0.36,2540,75000,0.22,0.2,1.0,55.92015
0.17853636,1.0,4.0,2662.557781,0.38,2530,85000,0.21,0.3,1.0,160.82953
0.23522606,4.0,3.0,1890.0,0.4,1470,150000,0.35,0.1,2.0,50.630978
0.48803902,2.0,2.0,2000.0,0.37,2540,75000,0.22,0.1,2.0,105.80317
0.3280762,2.0,3.0,2000.0,0.37,1470,150000,0.35,0.3,1.0,74.2754
0.06953583,4.0,3.0,1890.0,0.4,1470,150000,0.35,0.1,1.0,42.31731
0.26561064,1.0,4.0,2662.557781,0.38,2530,85000,0.21,0.2,1.0,190.0146
0.26882896,1.0,2.0,2662.557781,0.38,2540,75000,0.22,0.3,1.0,199.192
0.43022335,4.0,1.0,1890.0,0.4,1770,220000,0.2,0.1,2.0,64.96143
0.12889054,4.0,2.0,1890.0,0.4,2540,75000,0.22,0.1,2.0,43.191364
0.42244866,3.0,1.0,2070.0,0.36,1770,220000,0.2,0.2,1.0,92.59493
0.27696455,1.0,3.0,2662.557781,0.38,1470,150000,0.35,0.1,1.0,179.95355
0.23888849,4.0,1.0,1890.0,0.4,1770,220000,0.2,0.1,2.0,47.126755
0.2820693,2.0,4.0,2000.0,0.37,2530,85000,0.21,0.3,1.0,70.876205
0.06427871,4.0,3.0,1890.0,0.4,1470,150000,0.35,0.3,1.0,41.854492
0.17480785,4.0,2.0,1890.0,0.4,2540,75000,0.22,0.1,2.0,45.426575
0.15971838,4.0,1.0,1890.0,0.4,1770,220000,0.2,0.1,1.0,45.23263
0.29762563,1.0,1.0,2662.557781,0.38,1770,220000,0.2,0.3,1.0,189.77094
0.35263988,3.0,3.0,2070.0,0.36,1470,150000,0.35,0.3,1.0,79.639145
0.46454,3.0,3.0,2070.0,0.36,1470,150000,0.35,0.2,1.0,91.73628
0.2112982,3.0,2.0,2070.0,0.36,2540,75000,0.22,0.1,1.0,64.255455
0.4206795,2.0,3.0,2000.0,0.37,1470,150000,0.35,0.3,1.0,87.0797
0.44542974,3.0,1.0,2070.0,0.36,1770,220000,0.2,0.2,1.0,96.35318
0.42442062,3.0,1.0,2070.0,0.36,1770,220000,0.2,0.1,2.0,85.19737
0.23417982,2.0,3.0,2000.0,0.37,1470,150000,0.35,0.2,1.0,67.174706
0.24636239,1.0,1.0,2662.557781,0.38,1770,220000,0.2,0.3,1.0,189.77094
0.23546411,4.0,3.0,1890.0,0.4,1470,150000,0.35,0.2,1.0,46.618954
0.49534625,1.0,4.0,2662.557781,0.38,2530,85000,0.21,0.3,1.0,248.60437
0.49189135,2.0,2.0,2000.0,0.37,2540,75000,0.22,0.3,1.0,105.36786
0.36886886,1.0,1.0,2662.557781,0.38,1770,220000,0.2,0.1,1.0,212.54753
0.11835523,3.0,1.0,2070.0,0.36,1770,220000,0.2,0.1,1.0,54.295258
0.12408944,4.0,3.0,1890.0,0.4,1470,150000,0.35,0.3,1.0,44.1073
0.1355343,2.0,4.0,2000.0,0.37,2530,85000,0.21,0.2,1.0,59.10536
0.26712742,2.0,3.0,2000.0,0.37,1470,150000,0.35,0.3,1.0,70.56793
0.4444713,2.0,2.0,2000.0,0.37,2540,75000,0.22,0.2,1.0,88.80017
0.081484206,1.0,1.0,2662.557781,0.38,1770,220000,0.2,0.2,1.0,144.03682
0.48509,4.0,3.0,1890.0,0.4,1470,150000,0.35,0.2,1.0,72.83934
0.4003231,3.0,4.0,2070.0,0.36,2530,85000,0.21,0.1,1.0,82.80975
0.20273189,3.0,2.0,2070.0,0.36,2540,75000,0.22,0.2,1.0,63.304455
0.4694975,1.0,3.0,2662.557781,0.38,1470,150000,0.35,0.1,1.0,226.16962
0.13952199,2.0,2.0,2000.0,0.37,2540,75000,0.22,0.2,1.0,55.83069
0.19141516,4.0,4.0,1890.0,0.4,2530,85000,0.21,0.1,2.0,47.641872
0.051070563,3.0,2.0,2070.0,0.36,2540,75000,0.22,0.1,1.0,44.69514
0.40313426,3.0,1.0,2070.0,0.36,1770,220000,0.2,0.1,2.0,85.19737
0.3551697,2.0,1.0,2000.0,0.37,1770,220000,0.2,0.1,1.0,76.22859
0.0690836,1.0,2.0,2662.557781,0.38,2540,75000,0.22,0.1,1.0,127.94
0.07431182,2.0,3.0,2000.0,0.37,1470,150000,0.35,0.3,1.0,49.34029
0.27107555,3.0,3.0,2070.0,0.36,1470,150000,0.35,0.1,2.0,69.98138
0.48376667,3.0,2.0,2070.0,0.36,2540,75000,0.22,0.1,1.0,97.12505
0.26465255,4.0,4.0,1890.0,0.4,2530,85000,0.21,0.3,1.0,49.815235
0.29156366,4.0,1.0,1890.0,0.4,1770,220000,0.2,0.2,1.0,51.104614
0.38056818,3.0,4.0,2070.0,0.36,2530,85000,0.21,0.2,1.0,84.509125
0.23695216,1.0,4.0,2662.557781,0.38,2530,85000,0.21,0.1,2.0,191.66412
0.4415254,1.0,3.0,2662.557781,0.38,1470,150000,0.35,0.3,1.0,223.64243
0.38225362,1.0,1.0,2662.557781,0.38,1770,220000,0.2,0.3,1.0,211.59459
0.2232461,3.0,2.0,2070.0,0.36,2540,75000,0.22,0.1,1.0,64.255455
0.17128907,1.0,1.0,2662.557781,0.38,1770,220000,0.2,0.1,1.0,172.81848
0.35143575,3.0,1.0,2070.0,0.36,1770,220000,0.2,0.1,2.0,82.185074
0.21379201,4.0,2.0,1890.0,0.4,2540,75000,0.22,0.1,1.0,47.287987
0.47583127,4.0,1.0,1890.0,0.4,1770,220000,0.2,0.1,1.0,68.192604
0.12512842,1.0,3.0,2662.557781,0.38,1470,150000,0.35,0.1,2.0,137.28015
0.4569013,1.0,4.0,2662.557781,0.38,2530,85000,0.21,0.1,2.0,222.68022
0.18495311,4.0,2.0,1890.0,0.4,2540,75000,0.22,0.2,1.0,45.015453
0.39353377,1.0,1.0,2662.557781,0.38,1770,220000,0.2,0.3,1.0,218.10356
0.09755696,1.0,1.0,2662.557781,0.38,1770,220000,0.2,0.1,1.0,135.33203
0.28350756,1.0,2.0,2662.557781,0.38,2540,75000,0.22,0.3,1.0,199.192
0.46552357,2.0,1.0,2000.0,0.37,1770,220000,0.2,0.2,1.0,105.526955
0.46825096,3.0,2.0,2070.0,0.36,2540,75000,0.22,0.3,1.0,98.002266
0.20185193,2.0,1.0,2000.0,0.37,1770,220000,0.2,0.3,1.0,62.71733
0.32985684,4.0,2.0,1890.0,0.4,2540,75000,0.22,0.1,2.0,53.262474
0.13296364,1.0,1.0,2662.557781,0.38,1770,220000,0.2,0.1,2.0,142.33856
0.45306757,2.0,1.0,2000.0,0.37,1770,220000,0.2,0.3,1.0,91.72784
0.34000853,2.0,3.0,2000.0,0.37,1470,150000,0.35,0.1,1.0,71.448204
0.3614098,2.0,1.0,2000.0,0.37,1770,220000,0.2,0.3,1.0,78.125015
0.19627021,4.0,4.0,1890.0,0.4,2530,85000,0.21,0.3,1.0,47.045006
0.42925504,1.0,3.0,2662.557781,0.38,1470,150000,0.35,0.3,1.0,223.64243
0.3156415,1.0,1.0,2662.557781,0.38,1770,220000,0.2,0.2,1.0,192.14133
0.29472762,4.0,4.0,1890.0,0.4,2530,85000,0.21,0.3,1.0,49.815235
0.14951305,2.0,3.0,2000.0,0.37,1470,150000,0.35,0.3,1.0,55.33101
0.18536724,2.0,4.0,2000.0,0.37,2530,85000,0.21,0.1,1.0,57.905792
0.055316184,4.0,1.0,1890.0,0.4,1770,220000,0.2,0.3,1.0,42.357098
0.4575012,2.0,1.0,2000.0,0.37,1770,220000,0.2,0.2,1.0,105.526955
0.15088755,2.0,3.0,2000.0,0.37,1470,150000,0.35,0.2,1.0,55.116478
0.4611969,2.0,4.0,2000.0,0.37,2530,85000,0.21,0.1,1.0,91.1728
0.33211842,3.0,1.0,2070.0,0.36,1770,220000,0.2,0.1,1.0,68.16339
0.47501588,4.0,2.0,1890.0,0.4,2540,75000,0.22,0.1,2.0,68.094246
0.38826215,2.0,4.0,2000.0,0.37,2530,85000,0.21,0.1,1.0,81.374146
0.23250006,4.0,1.0,1890.0,0.4,1770,220000,0.2,0.1,1.0,47.586517
0.10610407,1.0,2.0,2662.557781,0.38,2540,75000,0.22,0.2,1.0,156.88525
0.47598538,2.0,2.0,2000.0,0.37,2540,75000,0.22,0.2,1.0,100.39765
0.09764311,3.0,2.0,2070.0,0.36,2540,75000,0.22,0.3,1.0,50.901394
0.22325704,3.0,3.0,2070.0,0.36,1470,150000,0.35,0.1,1.0,62.861195
0.38070574,4.0,2.0,1890.0,0.4,2540,75000,0.22,0.1,1.0,58.863796
0.06527473,3.0,3.0,2070.0,0.36,1470,150000,0.35,0.3,1.0,46.486774
0.36449155,3.0,4.0,2070.0,0.36,2530,85000,0.21,0.1,1.0,82.80975
0.326074,4.0,3.0,1890.0,0.4,1470,150000,0.35,0.2,1.0,53.837612
0.31565842,4.0,3.0,1890.0,0.4,1470,150000,0.35,0.1,1.0,50.191856
0.30263525,3.0,3.0,2070.0,0.36,1470,150000,0.35,0.1,1.0,72.619835
0.1175647,2.0,3.0,2000.0,0.37,1470,150000,0.35,0.3,1.0,55.33101
0.29422855,2.0,1.0,2000.0,0.37,1770,220000,0.2,0.1,2.0,78.90691
0.49131897,1.0,4.0,2662.557781,0.38,2530,85000,0.21,0.1,2.0,247.12761
0.3766149,1.0,4.0,2662.557781,0.38,2530,85000,0.21,0.1,1.0,207.58713
0.21053907,2.0,3.0,2000.0,0.37,1470,150000,0.35,0.2,1.0,65.7114
0.07352548,3.0,4.0,2070.0,0.36,2530,85000,0.21,0.2,1.0,49.109756
0.26655525,3.0,1.0,2070.0,0.36,1770,220000,0.2,0.1,2.0,65.61657
0.43177077,2.0,4.0,2000.0,0.37,2530,85000,0.21,0.1,1.0,89.65169
0.09449763,2.0,3.0,2000.0,0.37,1470,150000,0.35,0.1,1.0,48.764942
0.4438215,1.0,3.0,2662.557781,0.38,1470,150000,0.35,0.1,1.0,218.20627
0.25654587,4.0,1.0,1890.0,0.4,1770,220000,0.2,0.3,1.0,48.21178
0.38141388,1.0,1.0,2662.557781,0.38,1770,220000,0.2,0.3,1.0,211.59459
0.37722078,1.0,2.0,2662.557781,0.38,2540,75000,0.22,0.1,2.0,209.81879
0.12724675,3.0,3.0,2070.0,0.36,1470,150000,0.35,0.1,2.0,58.846565
0.3724487,2.0,1.0,2000.0,0.37,1770,220000,0.2,0.1,1.0,76.22859
0.47390115,2.0,4.0,2000.0,0.37,2530,85000,0.21,0.3,1.0,96.985954
0.14079778,4.0,2.0,1890.0,0.4,2540,75000,0.22,0.1,2.0,45.130257
0.39576012,1.0,4.0,2662.557781,0.38,2530,85000,0.21,0.1,1.0,207.58713
0.14123471,3.0,4.0,2070.0,0.36,2530,85000,0.21,0.1,2.0,55.02399
0.45644704,3.0,4.0,2070.0,0.36,2530,85000,0.21,0.1,2.0,93.8876
0.40104622,3.0,2.0,2070.0,0.36,2540,75000,0.22,0.2,1.0,83.22194
0.22715187,1.0,1.0,2662.557781,0.38,1770,220000,0.2,0.1,1.0,181.36879
0.10909449,3.0,3.0,2070.0,0.36,1470,150000,0.35,0.1,1.0,53.84706
0.15176359,3.0,2.0,2070.0,0.36,2540,75000,0.22,0.1,1.0,58.270306
0.17283666,2.0,2.0,2000.0,0.37,2540,75000,0.22,0.3,1.0,60.775517
0.15890022,4.0,1.0,1890.0,0.4,1770,220000,0.2,0.1,1.0,45.23263
0.26796854,2.0,3.0,2000.0,0.37,1470,150000,0.35,0.1,1.0,67.76246
0.35552785,4.0,2.0,1890.0,0.4,2540,75000,0.22,0.1,1.0,53.31019
0.15007074,3.0,1.0,2070.0,0.36,1770,220000,0.2,0.1,1.0,55.172855
0.49749723,3.0,2.0,2070.0,0.36,2540,75000,0.22,0.2,1.0,114.1896
0.15212695,1.0,3.0,2662.557781,0.38,1470,150000,0.35,0.3,1.0,161.99954
0.47561035,1.0,2.0,2662.557781,0.38,2540,75000,0.22,0.1,2.0,228.51262
0.18012902,1.0,4.0,2662.557781,0.38,2530,85000,0.21,0.1,1.0,158.54213
0.18840796,4.0,2.0,1890.0,0.4,2540,75000,0.22,0.1,1.0,45.529472
0.319527,2.0,1.0,2000.0,0.37,1770,220000,0.2,0.1,1.0,70.83804
0.45181936,1.0,1.0,2662.557781,0.38,1770,220000,0.2,0.1,2.0,224.95526
0.49054393,1.0,3.0,2662.557781,0.38,1470,150000,0.35,0.2,1.0,250.70189
0.46344432,2.0,2.0,2000.0,0.37,2540,75000,0.22,0.2,1.0,92.63825
0.12680408,2.0,3.0,2000.0,0.37,1470,150000,0.35,0.1,1.0,56.118076
0.4156308,2.0,3.0,2000.0,0.37,1470,150000,0.35,0.3,1.0,87.0797
0.46513623,2.0,3.0,2000.0,0.37,1470,150000,0.35,0.1,1.0,94.92272
0.17197695,4.0,2.0,1890.0,0.4,2540,75000,0.22,0.1,1.0,44.41875
0.40091783,3.0,1.0,2070.0,0.36,1770,220000,0.2,0.1,2.0,85.19737
0.39806688,3.0,4.0,2070.0,0.36,2530,85000,0.21,0.1,1.0,82.80975
0.37306783,1.0,4.0,2662.557781,0.38,2530,85000,0.21,0.2,1.0,211.1152
0.17011972,2.0,1.0,2000.0,0.37,1770,220000,0.2,0.1,1.0,64.04562
0.49872407,2.0,1.0,2000.0,0.37,1770,220000,0.2,0.1,2.0,122.51318
0.2963973,4.0,4.0,1890.0,0.4,2530,85000,0.21,0.1,1.0,52.3486
0.393881,1.0,3.0,2662.557781,0.38,1470,150000,0.35,0.1,2.0,209.98415
0.34379068,3.0,4.0,2070.0,0.36,2530,85000,0.21,0.2,1.0,73.33831
0.46565083,4.0,3.0,1890.0,0.4,1470,150000,0.35,0.3,1.0,64.8844
0.15578781,3.0,2.0,2070.0,0.36,2540,75000,0.22,0.2,1.0,57.3331
0.41054076,4.0,1.0,1890.0,0.4,1770,220000,0.2,0.2,1.0,61.335945
0.37444308,2.0,1.0,2000.0,0.37,1770,220000,0.2,0.3,1.0,81.8322
0.17636783,3.0,3.0,2070.0,0.36,1470,150000,0.35,0.1,2.0,63.909966
0.44424874,1.0,4.0,2662.557781,0.38,2530,85000,0.21,0.3,1.0,217.62863
0.45612437,3.0,4.0,2070.0,0.36,2530,85000,0.21,0.1,1.0,91.08447
0.27027014,3.0,1.0,2070.0,0.36,1770,220000,0.2,0.2,1.0,65.358246
0.4722492,3.0,2.0,2070.0,0.36,2540,75000,0.22,0.1,1.0,89.33301
0.48204303,3.0,2.0,2070.0,0.36,2540,75000,0.22,0.2,1.0,98.20509
0.0694232,1.0,3.0,2662.557781,0.38,1470,150000,0.35,0.2,1.0,130.11295
0.42164907,1.0,2.0,2662.557781,0.38,2540,75000,0.22,0.1,2.0,211.30919
0.15964647,3.0,2.0,2070.0,0.36,2540,75000,0.22,0.1,1.0,60.629295
0.21963866,1.0,2.0,2662.557781,0.38,2540,75000,0.22,0.3,1.0,172.77147
0.15022507,2.0,4.0,2000.0,0.37,2530,85000,0.21,0.1,2.0,55.820972
0.10518134,2.0,2.0,2000.0,0.37,2540,75000,0.22,0.3,1.0,54.441113
0.31152168,4.0,4.0,1890.0,0.4,2530,85000,0.21,0.3,1.0,50.222572
0.10859099,1.0,2.0,2662.557781,0.38,2540,75000,0.22,0.2,1.0,156.88525
0.43280154,4.0,4.0,1890.0,0.4,2530,85000,0.21,0.1,1.0,63.919365
0.46839762,1.0,1.0,2662.557781,0.38,1770,220000,0.2,0.1,2.0,224.95526
0.46433917,2.0,2.0,2000.0,0.37,2540,75000,0.22,0.2,1.0,92.63825
0.28625616,3.0,1.0,2070.0,0.36,1770,220000,0.2,0.1,2.0,70.26573
0.43990234,4.0,2.0,1890.0,0.4,2540,75000,0.22,0.3,1.0,66.128815
0.35941747,4.0,3.0,1890.0,0.4,1470,150000,0.35,0.1,1.0,51.742157
0.22690511,2.0,3.0,2000.0,0.37,1470,150000,0.35,0.3,1.0,69.82456
0.27259097,3.0,4.0,2070.0,0.36,2530,85000,0.21,0.1,1.0,70.822845
0.092494585,4.0,2.0,1890.0,0.4,2540,75000,0.22,0.3,1.0,43.22047
0.087343074,2.0,4.0,2000.0,0.37,2530,85000,0.21,0.3,1.0,51.54869
0.19292712,3.0,2.0,2070.0,0.36,2540,75000,0.22,0.1,2.0,66.3642
0.1315582,1.0,4.0,2662.557781,0.38,2530,85000,0.21,0.1,1.0,154.63411
0.4437194,2.0,4.0,2000.0,0.37,2530,85000,0.21,0.1,1.0,91.02133
0.47539502,2.0,3.0,2000.0,0.37,1470,150000,0.35,0.1,1.0,94.92272
0.058778856,1.0,2.0,2662.557781,0.38,2540,75000,0.22,0.2,1.0,137.95662
0.43246657,1.0,4.0,2662.557781,0.38,2530,85000,0.21,0.2,1.0,225.1452
0.22803278,3.0,2.0,2070.0,0.36,2540,75000,0.22,0.3,1.0,60.94301
0.3226885,1.0,2.0,2662.557781,0.38,2540,75000,0.22,0.2,1.0,201.64485
0.06685104,1.0,2.0,2662.557781,0.38,2540,75000,0.22,0.1,2.0,122.42484
0.47217563,2.0,2.0,2000.0,0.37,2540,75000,0.22,0.1,1.0,91.30076
0.08381567,2.0,3.0,2000.0,0.37,1470,150000,0.35,0.1,1.0,48.764942
0.47499162,2.0,2.0,2000.0,0.37,2540,75000,0.22,0.2,1.0,100.39765
0.13201109,2.0,2.0,2000.0,0.37,2540,75000,0.22,0.1,2.0,55.05024
0.07610108,1.0,1.0,2662.557781,0.38,1770,220000,0.2,0.3,1.0,148.88876
0.25425768,2.0,3.0,2000.0,0.37,1470,150000,0.35,0.3,1.0,69.82456
0.18020509,3.0,1.0,2070.0,0.36,1770,220000,0.2,0.1,2.0,58.849384
0.26813012,4.0,2.0,1890.0,0.4,2540,75000,0.22,0.1,2.0,51.062355
0.49318814,1.0,3.0,2662.557781,0.38,1470,150000,0.35,0.3,1.0,240.16956
0.16149497,1.0,1.0,2662.557781,0.38,1770,220000,0.2,0.3,1.0,169.36632
0.29702997,4.0,3.0,1890.0,0.4,1470,150000,0.35,0.1,1.0,50.191856
0.48578435,3.0,2.0,2070.0,0.36,2540,75000,0.22,0.2,1.0,114.1896
0.3727828,3.0,1.0,2070.0,0.36,1770,220000,0.2,0.1,1.0,83.08726
0.16771436,4.0,1.0,1890.0,0.4,1770,220000,0.2,0.2,1.0,45.41559
0.11134886,3.0,4.0,2070.0,0.36,2530,85000,0.21,0.1,2.0,53.672462
0.14027005,3.0,3.0,2070.0,0.36,1470,150000,0.35,0.3,1.0,57.1195
0.24443367,1.0,4.0,2662.557781,0.38,2530,85000,0.21,0.2,1.0,190.0146
0.40791523,4.0,1.0,1890.0,0.4,1770,220000,0.2,0.1,1.0,64.30086
0.17446356,3.0,2.0,2070.0,0.36,2540,75000,0.22,0.1,2.0,58.102932
0.05401839,1.0,4.0,2662.557781,0.38,2530,85000,0.21,0.2,1.0,104.35242
0.42447585,1.0,1.0,2662.557781,0.38,1770,220000,0.2,0.1,2.0,217.94048
0.1844568,1.0,1.0,2662.557781,0.38,1770,220000,0.2,0.1,1.0,172.81848
0.48385847,1.0,2.0,2662.557781,0.38,2540,75000,0.22,0.3,1.0,235.74919
0.49194252,3.0,1.0,2070.0,0.36,1770,220000,0.2,0.1,2.0,121.73774
0.08573519,1.0,1.0,2662.557781,0.38,1770,220000,0.2,0.1,1.0,135.33203
0.09216385,1.0,1.0,2662.557781,0.38,1770,220000,0.2,0.3,1.0,151.8155
0.11839702,3.0,2.0,2070.0,0.36,2540,75000,0.22,0.1,2.0,52.558212
0.4814373,3.0,1.0,2070.0,0.36,1770,220000,0.2,0.1,2.0,121.73774
0.3638975,4.0,3.0,1890.0,0.4,1470,150000,0.35,0.2,1.0,54.747055
0.486893,1.0,4.0,2662.557781,0.38,2530,85000,0.21,0.1,1.0,238.6364
0.1671946,3.0,2.0,2070.0,0.36,2540,75000,0.22,0.1,1.0,60.629295
0.20587257,1.0,4.0,2662.557781,0.38,2530,85000,0.21,0.2,1.0,165.094
0.48037782,1.0,4.0,2662.557781,0.38,2530,85000,0.21,0.3,1.0,231.72836
0.4778169,4.0,4.0,1890.0,0.4,2530,85000,0.21,0.2,1.0,65.98249
0.44579583,1.0,2.0,2662.557781,0.38,2540,75000,0.22,0.1,2.0,220.04428
0.37583855,2.0,2.0,2000.0,0.37,2540,75000,0.22,0.3,1.0,78.62061
0.17757684,3.0,4.0,2070.0,0.36,2530,85000,0.21,0.1,1.0,56.23194
0.08176811,1.0,4.0,2662.557781,0.38,2530,85000,0.21,0.1,1.0,135.37721
0.24880336,2.0,2.0,2000.0,0.37,2540,75000,0.22,0.1,2.0,69.22916
0.05433762,2.0,4.0,2000.0,0.37,2530,85000,0.21,0.3,1.0,45.86612
0.08753359,1.0,2.0,2662.557781,0.38,2540,75000,0.22,0.3,1.0,160.66797
0.4709926,2.0,2.0,2000.0,0.37,2540,75000,0.22,0.1,1.0,91.30076
0.18552074,3.0,3.0,2070.0,0.36,1470,150000,0.35,0.3,1.0,59.30368
0.31563604,3.0,3.0,2070.0,0.36,1470,150000,0.35,0.3,1.0,73.45062
0.42908466,4.0,4.0,1890.0,0.4,2530,85000,0.21,0.1,2.0,69.462585
0.1291166,2.0,3.0,2000.0,0.37,1470,150000,0.35,0.1,2.0,56.7592
0.19899373,2.0,4.0,2000.0,0.37,2530,85000,0.21,0.2,1.0,59.867325
0.34909916,2.0,3.0,2000.0,0.37,1470,150000,0.35,0.3,1.0,78.65019
0.4294005,4.0,1.0,1890.0,0.4,1770,220000,0.2,0.2,1.0,63.384872
0.3383075,1.0,1.0,2662.557781,0.38,1770,220000,0.2,0.3,1.0,207.52054
0.4974299,3.0,3.0,2070.0,0.36,1470,150000,0.35,0.1,1.0,111.5497
0.18522213,1.0,3.0,2662.557781,0.38,1470,150000,0.35,0.1,1.0,169.992
0.2083132,3.0,2.0,2070.0,0.36,2540,75000,0.22,0.3,1.0,60.94301
0.06516598,2.0,2.0,2000.0,0.37,2540,75000,0.22,0.1,2.0,49.137264
0.497157,1.0,1.0,2662.557781,0.38,1770,220000,0.2,0.2,1.0,234.42471
0.47067583,3.0,1.0,2070.0,0.36,1770,220000,0.2,0.3,1.0,88.46929
0.48074812,3.0,3.0,2070.0,0.36,1470,150000,0.35,0.1,1.0,96.2477
0.45884177,3.0,3.0,2070.0,0.36,1470,150000,0.35,0.1,2.0,100.452774
0.31766823,2.0,4.0,2000.0,0.37,2530,85000,0.21,0.1,2.0,80.02987
0.49491823,2.0,2.0,2000.0,0.37,2540,75000,0.22,0.2,1.0,112.39185
0.1662425,2.0,2.0,2000.0,0.37,2540,75000,0.22,0.3,1.0,60.757057
0.46478373,4.0,1.0,1890.0,0.4,1770,220000,0.2,0.1,1.0,65.95238
0.28052625,3.0,1.0,2070.0,0.36,1770,220000,0.2,0.3,1.0,72.2451
0.3423496,4.0,1.0,1890.0,0.4,1770,220000,0.2,0.2,1.0,53.055447
0.115731224,1.0,4.0,2662.557781,0.38,2530,85000,0.21,0.1,1.0,148.90451
0.48264128,4.0,4.0,1890.0,0.4,2530,85000,0.21,0.2,1.0,67.65313
0.051578555,1.0,3.0,2662.557781,0.38,1470,150000,0.35,0.3,1.0,134.93811
0.06283698,1.0,1.0,2662.557781,0.38,1770,220000,0.2,0.1,2.0,115.47236
0.06806946,1.0,2.0,2662.557781,0.38,2540,75000,0.22,0.1,2.0,122.42484
0.4230134,2.0,4.0,2000.0,0.37,2530,85000,0.21,0.3,1.0,88.70005
0.44594514,3.0,3.0,2070.0,0.36,1470,150000,0.35,0.3,1.0,93.59688
0.15858921,3.0,4.0,2070.0,0.36,2530,85000,0.21,0.1,1.0,56.23194
0.076870635,4.0,2.0,1890.0,0.4,2540,75000,0.22,0.1,1.0,42.873215
0.33607706,1.0,3.0,2662.557781,0.38,1470,150000,0.35,0.3,1.0,220.69806
0.25169882,4.0,2.0,1890.0,0.4,2540,75000,0.22,0.3,1.0,48.40303
0.47383976,1.0,2.0,2662.557781,0.38,2540,75000,0.22,0.2,1.0,233.15038
0.29227406,3.0,2.0,2070.0,0.36,2540,75000,0.22,0.1,2.0,70.927
0.28667358,2.0,3.0,2000.0,0.37,1470,150000,0.35,0.3,1.0,73.74654
0.48044327,1.0,2.0,2662.557781,0.38,2540,75000,0.22,0.1,2.0,235.5811
0.4727,1.0,3.0,2662.557781,0.38,1470,150000,0.35,0.1,1.0,226.16962
0.42779493,1.0,1.0,2662.557781,0.38,1770,220000,0.2,0.3,1.0,218.1636
0.36179328,2.0,4.0,2000.0,0.37,2530,85000,0.21,0.2,1.0,76.38781
0.18745725,1.0,4.0,2662.557781,0.38,2530,85000,0.21,0.2,1.0,165.094
0.35902578,3.0,2.0,2070.0,0.36,2540,75000,0.22,0.3,1.0,76.72381
0.19991651,4.0,2.0,1890.0,0.4,2540,75000,0.22,0.1,1.0,45.529472
0.14924966,3.0,2.0,2070.0,0.36,2540,75000,0.22,0.1,1.0,52.009254
0.20687322,2.0,1.0,2000.0,0.37,1770,220000,0.2,0.1,2.0,60.849503
0.17197438,2.0,4.0,2000.0,0.37,2530,85000,0.21,0.2,1.0,59.10536
0.07242028,2.0,4.0,2000.0,0.37,2530,85000,0.21,0.2,1.0,50.65989
0.20965068,1.0,3.0,2662.557781,0.38,1470,150000,0.35,0.3,1.0,198.84175
0.12508357,1.0,1.0,2662.557781,0.38,1770,220000,0.2,0.1,1.0,144.51355
0.06980639,4.0,2.0,1890.0,0.4,2540,75000,0.22,0.1,2.0,42.24
0.4370399,1.0,1.0,2662.557781,0.38,1770,220000,0.2,0.3,1.0,227.24461
0.3059215,3.0,4.0,2070.0,0.36,2530,85000,0.21,0.2,1.0,73.33831
0.4338722,1.0,2.0,2662.557781,0.38,2540,75000,0.22,0.2,1.0,217.54863
0.49024385,3.0,2.0,2070.0,0.36,2540,75000,0.22,0.1,2.0,107.421616
0.17255104,4.0,4.0,1890.0,0.4,2530,85000,0.21,0.1,2.0,45.71595
0.4820754,4.0,2.0,1890.0,0.4,2540,75000,0.22,0.3,1.0,68.76484
0.08349943,3.0,1.0,2070.0,0.36,1770,220000,0.2,0.1,1.0,49.282124
0.14382696,4.0,3.0,1890.0,0.4,1470,150000,0.35,0.3,1.0,44.41881
0.21832603,2.0,1.0,2000.0,0.37,1770,220000,0.2,0.1,1.0,70.83804
0.43427008,4.0,3.0,1890.0,0.4,1470,150000,0.35,0.2,1.0,58.60192
0.11499767,3.0,1.0,2070.0,0.36,1770,220000,0.2,0.2,1.0,53.38933
0.06338453,1.0,4.0,2662.557781,0.38,2530,85000,0.21,0.1,1.0,135.37721
0.40301952,4.0,2.0,1890.0,0.4,2540,75000,0.22,0.3,1.0,60.779564
0.41727665,1.0,2.0,2662.557781,0.38,2540,75000,0.22,0.3,1.0,228.89027
0.456786,1.0,1.0,2662.557781,0.38,1770,220000,0.2,0.1,1.0,228.46257
0.20063002,2.0,2.0,2000.0,0.37,2540,75000,0.22,0.2,1.0,56.95028
0.4042171,1.0,4.0,2662.557781,0.38,2530,85000,0.21,0.2,1.0,211.1152
0.33959875,1.0,1.0,2662.557781,0.38,1770,220000,0.2,0.1,2.0,203.05771
0.45799646,2.0,2.0,2000.0,0.37,2540,75000,0.22,0.3,1.0,96.74716
0.16341786,2.0,3.0,2000.0,0.37,1470,150000,0.35,0.1,1.0,63.31036
0.13157138,1.0,3.0,2662.557781,0.38,1470,150000,0.35,0.2,1.0,163.33264
0.4564591,3.0,2.0,2070.0,0.36,2540,75000,0.22,0.3,1.0,98.002266
0.06697047,1.0,4.0,2662.557781,0.38,2530,85000,0.21,0.2,1.0,130.95467
0.25831383,1.0,4.0,2662.557781,0.38,2530,85000,0.21,0.3,1.0,172.12064
0.397507,4.0,3.0,1890.0,0.4,1470,150000,0.35,0.3,1.0,54.80001
0.20167725,3.0,2.0,2070.0,0.36,2540,75000,0.22,0.2,1.0,62.994286
0.10403669,1.0,1.0,2662.557781,0.38,1770,220000,0.2,0.2,1.0,144.03682
0.29661748,2.0,1.0,2000.0,0.37,1770,220000,0.2,0.1,1.0,70.83804
0.05785919,1.0,3.0,2662.557781,0.38,1470,150000,0.35,0.2,1.0,121.163734
0.16254051,4.0,1.0,1890.0,0.4,1770,220000,0.2,0.1,2.0,44.956112
0.3288891,2.0,3.0,2000.0,0.37,1470,150000,0.35,0.3,1.0,74.2754
0.39050716,2.0,3.0,2000.0,0.37,1470,150000,0.35,0.1,2.0,88.6166
0.14267717,4.0,3.0,1890.0,0.4,1470,150000,0.35,0.1,2.0,45.50759
0.35575214,1.0,3.0,2662.557781,0.38,1470,150000,0.35,0.2,1.0,211.43852
0.15365095,4.0,4.0,1890.0,0.4,2530,85000,0.21,0.1,1.0,44.433357
0.11490113,3.0,2.0,2070.0,0.36,2540,75000,0.22,0.1,2.0,52.558212
0.39485285,1.0,2.0,2662.557781,0.38,2540,75000,0.22,0.1,1.0,198.05447
0.3417677,1.0,2.0,2662.557781,0.38,2540,75000,0.22,0.3,1.0,209.67096
0.4862508,2.0,3.0,2000.0,0.37,1470,150000,0.35,0.2,1.0,92.98309
0.09506086,3.0,2.0,2070.0,0.36,2540,75000,0.22,0.3,1.0,50.901394
0.39494732,3.0,3.0,2070.0,0.36,1470,150000,0.35,0.3,1.0,82.43479
0.4960114,4.0,4.0,1890.0,0.4,2530,85000,0.21,0.1,1.0,77.84241
0.22221962,2.0,4.0,2000.0,0.37,2530,85000,0.21,0.1,2.0,65.11858
0.07408367,1.0,3.0,2662.557781,0.38,1470,150000,0.35,0.1,1.0,120.86084
0.3949506,1.0,1.0,2662.557781,0.38,1770,220000,0.2,0.3,1.0,218.10356
0.14867042,4.0,3.0,1890.0,0.4,1470,150000,0.35,0.1,2.0,45.50759
0.097749084,3.0,3.0,2070.0,0.36,1470,150000,0.35,0.1,1.0,50.949078
0.08819201,4.0,2.0,1890.0,0.4,2540,75000,0.22,0.1,1.0,43.415295
0.18639289,2.0,2.0,2000.0,0.37,2540,75000,0.22,0.3,1.0,60.775517
0.2600862,4.0,1.0,1890.0,0.4,1770,220000,0.2,0.2,1.0,47.72924
0.1417453,1.0,1.0,2662.557781,0.38,1770,220000,0.2,0.3,1.0,169.36632
0.32263985,2.0,3.0,2000.0,0.37,1470,150000,0.35,0.2,1.0,71.38674
0.085926704,4.0,3.0,1890.0,0.4,1470,150000,0.35,0.1,2.0,43.25551
0.4903529,4.0,2.0,1890.0,0.4,2540,75000,0.22,0.2,1.0,76.916214
0.060964234,1.0,2.0,2662.557781,0.38,2540,75000,0.22,0.1,1.0,127.94
0.12214103,1.0,1.0,2662.557781,0.38,1770,220000,0.2,0.3,1.0,155.68948
0.4487474,2.0,2.0,2000.0,0.37,2540,75000,0.22,0.2,1.0,92.63825
0.13017425,2.0,4.0,2000.0,0.37,2530,85000,0.21,0.2,1.0,53.403168
0.09733495,1.0,1.0,2662.557781,0.38,1770,220000,0.2,0.2,1.0,144.03682
0.49275896,3.0,2.0,2070.0,0.36,2540,75000,0.22,0.1,2.0,107.421616
0.44546232,1.0,2.0,2662.557781,0.38,2540,75000,0.22,0.1,2.0,220.04428
0.4373805,4.0,3.0,1890.0,0.4,1470,150000,0.35,0.3,1.0,62.636116
0.4090754,1.0,1.0,2662.557781,0.38,1770,220000,0.2,0.1,2.0,217.94048
0.46147636,4.0,3.0,1890.0,0.4,1470,150000,0.35,0.3,1.0,64.8844
0.36689505,2.0,2.0,2000.0,0.37,2540,75000,0.22,0.1,1.0,85.93357
0.49391267,1.0,1.0,2662.557781,0.38,1770,220000,0.2,0.1,1.0,244.21277
0.33652622,4.0,2.0,1890.0,0.4,2540,75000,0.22,0.1,1.0,50.830685
0.25676355,3.0,1.0,2070.0,0.36,1770,220000,0.2,0.2,1.0,64.14981
0.33145368,1.0,3.0,2662.557781,0.38,1470,150000,0.35,0.1,1.0,202.51375
0.31177953,2.0,1.0,2000.0,0.37,1770,220000,0.2,0.1,1.0,70.83804
0.44972914,1.0,1.0,2662.557781,0.38,1770,220000,0.2,0.1,1.0,228.46257
0.37393215,1.0,2.0,2662.557781,0.38,2540,75000,0.22,0.1,2.0,194.41295
0.3772631,1.0,1.0,2662.557781,0.38,1770,220000,0.2,0.3,1.0,211.59459
0.4979141,2.0,3.0,2000.0,0.37,1470,150000,0.35,0.2,1.0,107.88689
0.48366883,1.0,1.0,2662.557781,0.38,1770,220000,0.2,0.3,1.0,227.24461
0.18783414,3.0,2.0,2070.0,0.36,2540,75000,0.22,0.1,2.0,65.30565
0.10768727,1.0,4.0,2662.557781,0.38,2530,85000,0.21,0.1,1.0,148.90451
0.47943008,4.0,3.0,1890.0,0.4,1470,150000,0.35,0.1,2.0,73.22856
0.4988062,3.0,1.0,2070.0,0.36,1770,220000,0.2,0.1,1.0,108.19031
0.2577949,4.0,3.0,1890.0,0.4,1470,150000,0.35,0.1,1.0,46.422676
0.25554264,4.0,1.0,1890.0,0.4,1770,220000,0.2,0.2,1.0,47.72924
0.2502446,3.0,3.0,2070.0,0.36,1470,150000,0.35,0.3,1.0,65.47471
0.40150383,4.0,1.0,1890.0,0.4,1770,220000,0.2,0.1,2.0,58.73671
0.40931857,4.0,1.0,1890.0,0.4,1770,220000,0.2,0.2,1.0,55.01295
0.06430563,2.0,2.0,2000.0,0.37,2540,75000,0.22,0.1,2.0,49.137264
0.3842091,2.0,4.0,2000.0,0.37,2530,85000,0.21,0.1,2.0,85.89867
0.41905633,3.0,3.0,2070.0,0.36,1470,150000,0.35,0.1,2.0,91.61206
0.17789324,2.0,3.0,2000.0,0.37,1470,150000,0.35,0.1,2.0,60.283318
0.49645934,3.0,3.0,2070.0,0.36,1470,150000,0.35,0.3,1.0,128.67422
0.21418647,2.0,1.0,2000.0,0.37,1770,220000,0.2,0.1,2.0,62.243965
0.16383141,3.0,3.0,2070.0,0.36,1470,150000,0.35,0.3,1.0,59.30368
0.08579081,2.0,3.0,2000.0,0.37,1470,150000,0.35,0.3,1.0,52.91608
0.16346265,4.0,2.0,1890.0,0.4,2540,75000,0.22,0.3,1.0,45.249054
0.29513043,4.0,4.0,1890.0,0.4,2530,85000,0.21,0.2,1.0,49.14627
0.18230419,4.0,4.0,1890.0,0.4,2530,85000,0.21,0.1,2.0,46.385124
0.10755333,4.0,4.0,1890.0,0.4,2530,85000,0.21,0.3,1.0,43.29053
0.4977833,3.0,2.0,2070.0,0.36,2540,75000,0.22,0.3,1.0,105.52971
0.47563,3.0,2.0,2070.0,0.36,2540,75000,0.22,0.1,2.0,103.14107
0.06944094,3.0,2.0,2070.0,0.36,2540,75000,0.22,0.3,1.0,49.804276
0.3614236,4.0,3.0,1890.0,0.4,1470,150000,0.35,0.1,2.0,57.491146
0.072570704,1.0,1.0,2662.557781,0.38,1770,220000,0.2,0.1,2.0,128.755
0.09702848,2.0,4.0,2000.0,0.37,2530,85000,0.21,0.2,1.0,53.403168
0.2058889,4.0,1.0,1890.0,0.4,1770,220000,0.2,0.3,1.0,48.21178
0.48020786,1.0,2.0,2662.557781,0.38,2540,75000,0.22,0.1,1.0,224.01245
0.3845064,2.0,3.0,2000.0,0.37,1470,150000,0.35,0.3,1.0,80.15802
0.0533512,4.0,3.0,1890.0,0.4,1470,150000,0.35,0.2,1.0,41.68304
0.22526263,2.0,1.0,2000.0,0.37,1770,220000,0.2,0.3,1.0,62.71733
0.39420447,1.0,2.0,2662.557781,0.38,2540,75000,0.22,0.3,1.0,209.67096
0.15891151,3.0,1.0,2070.0,0.36,1770,220000,0.2,0.2,1.0,57.678696
0.102327734,3.0,4.0,2070.0,0.36,2530,85000,0.21,0.1,2.0,53.11684
0.29853067,1.0,1.0,2662.557781,0.38,1770,220000,0.2,0.3,1.0,194.62073
0.4213993,1.0,2.0,2662.557781,0.38,2540,75000,0.22,0.1,1.0,205.79918
0.4215371,1.0,4.0,2662.557781,0.38,2530,85000,0.21,0.1,1.0,207.58713
0.077196315,4.0,2.0,1890.0,0.4,2540,75000,0.22,0.1,2.0,42.741615
0.31298515,4.0,4.0,1890.0,0.4,2530,85000,0.21,0.3,1.0,51.230915
0.052038893,4.0,4.0,1890.0,0.4,2530,85000,0.21,0.1,1.0,41.985058
0.46931896,3.0,1.0,2070.0,0.36,1770,220000,0.2,0.1,2.0,90.77162
0.050261404,2.0,4.0,2000.0,0.37,2530,85000,0.21,0.1,1.0,43.665398
0.36964434,3.0,4.0,2070.0,0.36,2530,85000,0.21,0.3,1.0,78.77805
0.31331366,1.0,1.0,2662.557781,0.38,1770,220000,0.2,0.2,1.0,185.5076
0.089034125,3.0,3.0,2070.0,0.36,1470,150000,0.35,0.1,1.0,50.949078
0.21557713,2.0,1.0,2000.0,0.37,1770,220000,0.2,0.1,1.0,64.04562
0.4974759,2.0,4.0,2000.0,0.37,2530,85000,0.21,0.1,2.0,113.11695
0.46538356,3.0,2.0,2070.0,0.36,2540,75000,0.22,0.3,1.0,98.002266
0.4551679,3.0,2.0,2070.0,0.36,2540,75000,0.22,0.3,1.0,98.002266
0.19241118,1.0,4.0,2662.557781,0.38,2530,85000,0.21,0.1,1.0,159.48135
0.38089743,2.0,2.0,2000.0,0.37,2540,75000,0.22,0.2,1.0,77.22909
0.071737766,4.0,2.0,1890.0,0.4,2540,75000,0.22,0.1,1.0,42.222374
0.40924388,1.0,2.0,2662.557781,0.38,2540,75000,0.22,0.2,1.0,211.7605
0.12544173,1.0,4.0,2662.557781,0.38,2530,85000,0.21,0.1,2.0,152.09912
0.16261266,4.0,3.0,1890.0,0.4,1470,150000,0.35,0.1,1.0,44.92253
0.12855841,1.0,1.0,2662.557781,0.38,1770,220000,0.2,0.1,1.0,157.98175
0.17394485,1.0,2.0,2662.557781,0.38,2540,75000,0.22,0.3,1.0,171.23474
0.285373,2.0,4.0,2000.0,0.37,2530,85000,0.21,0.1,2.0,75.639626
0.1897022,4.0,4.0,1890.0,0.4,2530,85000,0.21,0.1,1.0,46.385105
0.06503855,1.0,3.0,2662.557781,0.38,1470,150000,0.35,0.1,2.0,118.50099
0.40187344,4.0,3.0,1890.0,0.4,1470,150000,0.35,0.1,1.0,53.527676
0.09964455,2.0,1.0,2000.0,0.37,1770,220000,0.2,0.3,1.0,48.812943
0.4400966,1.0,4.0,2662.557781,0.38,2530,85000,0.21,0.1,1.0,234.09625
0.3043924,2.0,2.0,2000.0,0.37,2540,75000,0.22,0.2,1.0,72.856705
0.21178398,2.0,4.0,2000.0,0.37,2530,85000,0.21,0.3,1.0,67.13273
0.23192486,1.0,1.0,2662.557781,0.38,1770,220000,0.2,0.1,1.0,181.36879
0.40864295,2.0,3.0,2000.0,0.37,1470,150000,0.35,0.2,1.0,92.98309
0.34098944,4.0,3.0,1890.0,0.4,1470,150000,0.35,0.2,1.0,54.747055
0.16489206,3.0,1.0,2070.0,0.36,1770,220000,0.2,0.1,1.0,58.74954
0.4636603,2.0,3.0,2000.0,0.37,1470,150000,0.35,0.1,2.0,114.322624
0.18190408,4.0,1.0,1890.0,0.4,1770,220000,0.2,0.1,2.0,47.126755
0.09255426,3.0,3.0,2070.0,0.36,1470,150000,0.35,0.3,1.0,51.262047
0.35583153,4.0,4.0,1890.0,0.4,2530,85000,0.21,0.1,1.0,54.24739
0.185891,3.0,1.0,2070.0,0.36,1770,220000,0.2,0.3,1.0,61.38194
0.063231826,4.0,2.0,1890.0,0.4,2540,75000,0.22,0.1,2.0,41.85417
0.13141175,1.0,4.0,2662.557781,0.38,2530,85000,0.21,0.2,1.0,157.12941
0.48340264,4.0,2.0,1890.0,0.4,2540,75000,0.22,0.2,1.0,65.64861
0.35140374,2.0,2.0,2000.0,0.37,2540,75000,0.22,0.1,2.0,81.277336
0.42862007,2.0,2.0,2000.0,0.37,2540,75000,0.22,0.1,1.0,91.30076
0.48371282,3.0,1.0,2070.0,0.36,1770,220000,0.2,0.2,1.0,102.25137
0.46936312,3.0,3.0,2070.0,0.36,1470,150000,0.35,0.2,1.0,104.07163
0.48673648,3.0,3.0,2070.0,0.36,1470,150000,0.35,0.1,2.0,109.83687
0.19554843,1.0,1.0,2662.557781,0.38,1770,220000,0.2,0.1,2.0,171.3054
0.49157712,4.0,4.0,1890.0,0.4,2530,85000,0.21,0.3,1.0,71.74209
0.10110981,4.0,3.0,1890.0,0.4,1470,150000,0.35,0.1,1.0,43.43216
0.22205602,4.0,3.0,1890.0,0.4,1470,150000,0.35,0.3,1.0,46.61749
0.1527386,2.0,4.0,2000.0,0.37,2530,85000,0.21,0.1,2.0,65.11858
0.25914437,2.0,4.0,2000.0,0.37,2530,85000,0.21,0.1,2.0,75.639626
0.17786825,4.0,3.0,1890.0,0.4,1470,150000,0.35,0.2,1.0,45.331448
0.10441138,3.0,2.0,2070.0,0.36,2540,75000,0.22,0.2,1.0,55.92015
0.3751714,2.0,3.0,2000.0,0.37,1470,150000,0.35,0.3,1.0,78.65019
0.18031372,2.0,1.0,2000.0,0.37,1770,220000,0.2,0.2,1.0,61.113907
0.23503274,2.0,3.0,2000.0,0.37,1470,150000,0.35,0.1,2.0,64.99187
0.08305687,2.0,2.0,2000.0,0.37,2540,75000,0.22,0.2,1.0,49.826984
0.17182206,1.0,2.0,2662.557781,0.38,2540,75000,0.22,0.2,1.0,163.47115
0.35778975,3.0,4.0,2070.0,0.36,2530,85000,0.21,0.2,1.0,73.33831
0.08647342,1.0,2.0,2662.557781,0.38,2540,75000,0.22,0.3,1.0,144.03534
0.29212084,3.0,2.0,2070.0,0.36,2540,75000,0.22,0.3,1.0,72.91873
0.27482212,4.0,4.0,1890.0,0.4,2530,85000,0.21,0.1,1.0,49.706913
0.18995053,1.0,4.0,2662.557781,0.38,2530,85000,0.21,0.1,2.0,160.94661
0.14279184,4.0,1.0,1890.0,0.4,1770,220000,0.2,0.1,2.0,44.553894
0.19872805,1.0,2.0,2662.557781,0.38,2540,75000,0.22,0.3,1.0,172.77147
0.459662,1.0,2.0,2662.557781,0.38,2540,75000,0.22,0.2,1.0,217.54863
0.493855,3.0,4.0,2070.0,0.36,2530,85000,0.21,0.1,1.0,104.05477
0.49628556,2.0,4.0,2000.0,0.37,2530,85000,0.21,0.1,2.0,103.32046
0.26424018,2.0,3.0,2000.0,0.37,1470,150000,0.35,0.1,2.0,72.76298
0.15796627,4.0,4.0,1890.0,0.4,2530,85000,0.21,0.1,2.0,44.344444
0.10831431,4.0,4.0,1890.0,0.4,2530,85000,0.21,0.1,1.0,44.433357
0.25726035,4.0,1.0,1890.0,0.4,1770,220000,0.2,0.1,2.0,49.790756
0.21728408,3.0,2.0,2070.0,0.36,2540,75000,0.22,0.3,1.0,60.94301
0.2863951,1.0,4.0,2662.557781,0.38,2530,85000,0.21,0.2,1.0,190.0146
0.49691954,4.0,4.0,1890.0,0.4,2530,85000,0.21,0.2,1.0,80.84619
0.1707407,1.0,3.0,2662.557781,0.38,1470,150000,0.35,0.1,2.0,170.23016
0.41700938,1.0,1.0,2662.557781,0.38,1770,220000,0.2,0.1,2.0,217.94048
0.3105351,2.0,2.0,2000.0,0.37,2540,75000,0.22,0.2,1.0,76.44748
0.18462634,4.0,4.0,1890.0,0.4,2530,85000,0.21,0.2,1.0,45.31384
0.38809448,4.0,4.0,1890.0,0.4,2530,85000,0.21,0.1,2.0,58.893406
0.48821968,1.0,3.0,2662.557781,0.38,1470,150000,0.35,0.2,1.0,222.91272
0.059382107,1.0,1.0,2662.557781,0.38,1770,220000,0.2,0.3,1.0,142.29248
0.10098326,2.0,1.0,2000.0,0.37,1770,220000,0.2,0.2,1.0,53.300934
0.40649784,4.0,1.0,1890.0,0.4,1770,220000,0.2,0.3,1.0,60.60231
0.4622164,3.0,4.0,2070.0,0.36,2530,85000,0.21,0.2,1.0,87.44691
0.4751728,2.0,3.0,2000.0,0.37,1470,150000,0.35,0.1,1.0,94.92272
0.3659047,4.0,1.0,1890.0,0.4,1770,220000,0.2,0.2,1.0,55.01295
0.16355944,3.0,4.0,2070.0,0.36,2530,85000,0.21,0.1,2.0,55.58243
0.37362573,4.0,3.0,1890.0,0.4,1470,150000,0.35,0.2,1.0,54.747055
0.0655525,1.0,1.0,2662.557781,0.38,1770,220000,0.2,0.3,1.0,142.29248
0.31233114,4.0,3.0,1890.0,0.4,1470,150000,0.35,0.1,2.0,52.011795
0.18215804,2.0,1.0,2000.0,0.37,1770,220000,0.2,0.1,2.0,60.849503
0.25829875,3.0,2.0,2070.0,0.36,2540,75000,0.22,0.1,2.0,68.946754
0.21796566,2.0,4.0,2000.0,0.37,2530,85000,0.21,0.2,1.0,63.173462
0.13397805,3.0,2.0,2070.0,0.36,2540,75000,0.22,0.1,1.0,52.009254
0.18459134,1.0,1.0,2662.557781,0.38,1770,220000,0.2,0.1,2.0,171.3054
0.2907933,4.0,4.0,1890.0,0.4,2530,85000,0.21,0.1,1.0,49.706913
0.055844784,3.0,1.0,2070.0,0.36,1770,220000,0.2,0.1,2.0,48.186924
0.15931985,1.0,1.0,2662.557781,0.38,1770,220000,0.2,0.1,1.0,158.75987
0.27554822,3.0,3.0,2070.0,0.36,1470,150000,0.35,0.1,1.0,67.77265
0.10207416,2.0,1.0,2000.0,0.37,1770,220000,0.2,0.1,2.0,52.538048
0.2240512,2.0,4.0,2000.0,0.37,2530,85000,0.21,0.1,1.0,62.461533
0.103400685,2.0,4.0,2000.0,0.37,2530,85000,0.21,0.3,1.0,53.882057
0.49071258,4.0,4.0,1890.0,0.4,2530,85000,0.21,0.1,1.0,69.79457
0.39651906,4.0,2.0,1890.0,0.4,2540,75000,0.22,0.3,1.0,60.779564
0.20646222,4.0,1.0,1890.0,0.4,1770,220000,0.2,0.1,1.0,45.23263
0.0835713,4.0,3.0,1890.0,0.4,1470,150000,0.35,0.1,2.0,42.73084
0.25975415,1.0,4.0,2662.557781,0.38,2530,85000,0.21,0.1,1.0,178.1084
0.3744188,1.0,3.0,2662.557781,0.38,1470,150000,0.35,0.1,2.0,193.20485
0.4959321,2.0,3.0,2000.0,0.37,1470,150000,0.35,0.2,1.0,107.88689
0.38954782,2.0,3.0,2000.0,0.37,1470,150000,0.35,0.2,1.0,78.71265
0.22808723,1.0,1.0,2662.557781,0.38,1770,220000,0.2,0.3,1.0,178.65804
0.22897598,1.0,1.0,2662.557781,0.38,1770,220000,0.2,0.1,2.0,191.42683
0.13939746,2.0,2.0,2000.0,0.37,2540,75000,0.22,0.2,1.0,55.83069
0.45133728,1.0,1.0,2662.557781,0.38,1770,220000,0.2,0.1,2.0,223.61919
0.32893905,1.0,4.0,2662.557781,0.38,2530,85000,0.21,0.2,1.0,200.15034
0.3397544,3.0,2.0,2070.0,0.36,2540,75000,0.22,0.1,1.0,79.44937
0.11051726,1.0,2.0,2662.557781,0.38,2540,75000,0.22,0.1,2.0,122.42484
0.07687392,3.0,3.0,2070.0,0.36,1470,150000,0.35,0.1,1.0,49.92031
0.19981842,1.0,4.0,2662.557781,0.38,2530,85000,0.21,0.2,1.0,165.094
0.38482946,4.0,3.0,1890.0,0.4,1470,150000,0.35,0.1,2.0,58.73762
0.14202452,2.0,4.0,2000.0,0.37,2530,85000,0.21,0.1,2.0,55.820972
0.40311354,2.0,3.0,2000.0,0.37,1470,150000,0.35,0.1,2.0,89.92607
0.48256657,1.0,3.0,2662.557781,0.38,1470,150000,0.35,0.3,1.0,237.42754
0.22224812,1.0,4.0,2662.557781,0.38,2530,85000,0.21,0.2,1.0,180.98589
0.4877519,2.0,4.0,2000.0,0.37,2530,85000,0.21,0.1,1.0,98.282394
0.19321539,4.0,4.0,1890.0,0.4,2530,85000,0.21,0.1,1.0,46.75007
0.15402247,1.0,2.0,2662.557781,0.38,2540,75000,0.22,0.1,2.0,153.35083
0.21432064,1.0,4.0,2662.557781,0.38,2530,85000,0.21,0.2,1.0,176.45326
0.0608909,3.0,1.0,2070.0,0.36,1770,220000,0.2,0.2,1.0,48.590134
0.11573675,2.0,2.0,2000.0,0.37,2540,75000,0.22,0.1,2.0,55.05024
0.36008883,3.0,3.0,2070.0,0.36,1470,150000,0.35,0.1,1.0,78.373215
0.40277487,3.0,2.0,2070.0,0.36,2540,75000,0.22,0.1,1.0,83.282555
0.34092873,2.0,4.0,2000.0,0.37,2530,85000,0.21,0.1,1.0,70.83659
0.15487279,1.0,1.0,2662.557781,0.38,1770,220000,0.2,0.1,2.0,159.1026
0.1856477,4.0,4.0,1890.0,0.4,2530,85000,0.21,0.1,2.0,46.385124
0.14459771,2.0,1.0,2000.0,0.37,1770,220000,0.2,0.2,1.0,61.113907
0.48097402,4.0,3.0,1890.0,0.4,1470,150000,0.35,0.1,2.0,73.22856
0.2099407,4.0,4.0,1890.0,0.4,2530,85000,0.21,0.1,2.0,47.641872
0.30985817,3.0,4.0,2070.0,0.36,2530,85000,0.21,0.1,2.0,75.54302
0.15389715,3.0,4.0,2070.0,0.36,2530,85000,0.21,0.3,1.0,57.89508
0.19070615,3.0,2.0,2070.0,0.36,2540,75000,0.22,0.1,1.0,61.917374
0.44520104,1.0,1.0,2662.557781,0.38,1770,220000,0.2,0.1,2.0,217.94048
0.2649921,1.0,3.0,2662.557781,0.38,1470,150000,0.35,0.1,2.0,180.7594
0.3672789,1.0,4.0,2662.557781,0.38,2530,85000,0.21,0.1,1.0,207.58713
0.3159328,4.0,4.0,1890.0,0.4,2530,85000,0.21,0.1,2.0,52.190155
0.4702213,3.0,4.0,2070.0,0.36,2530,85000,0.21,0.1,1.0,93.58788
0.061750088,1.0,1.0,2662.557781,0.38,1770,220000,0.2,0.3,1.0,142.29248
0.49340117,1.0,2.0,2662.557781,0.38,2540,75000,0.22,0.2,1.0,245.98259
0.45332596,3.0,2.0,2070.0,0.36,2540,75000,0.22,0.1,2.0,103.14107
0.20948572,2.0,4.0,2000.0,0.37,2530,85000,0.21,0.1,2.0,65.11858
0.4885355,2.0,1.0,2000.0,0.37,1770,220000,0.2,0.1,2.0,108.11463
0.21789664,3.0,1.0,2070.0,0.36,1770,220000,0.2,0.3,1.0,63.63837
0.13664618,4.0,1.0,1890.0,0.4,1770,220000,0.2,0.1,2.0,44.1691
0.35727748,3.0,1.0,2070.0,0.36,1770,220000,0.2,0.1,1.0,73.672646
0.09767046,3.0,1.0,2070.0,0.36,1770,220000,0.2,0.2,1.0,51.016098
0.41330212,4.0,2.0,1890.0,0.4,2540,75000,0.22,0.1,2.0,66.70832
0.27428877,3.0,2.0,2070.0,0.36,2540,75000,0.22,0.1,1.0,68.43352
0.23043028,2.0,4.0,2000.0,0.37,2530,85000,0.21,0.1,1.0,67.848816
0.13647854,1.0,1.0,2662.557781,0.38,1770,220000,0.2,0.1,1.0,157.98175
0.2692634,4.0,1.0,1890.0,0.4,1770,220000,0.2,0.3,1.0,48.21178
0.48814914,3.0,1.0,2070.0,0.36,1770,220000,0.2,0.3,1.0,101.26397
0.39162597,3.0,1.0,2070.0,0.36,1770,220000,0.2,0.3,1.0,82.346275
0.37460843,2.0,1.0,2000.0,0.37,1770,220000,0.2,0.1,2.0,85.98815
0.37311852,1.0,1.0,2662.557781,0.38,1770,220000,0.2,0.1,2.0,217.94048
0.46496734,2.0,2.0,2000.0,0.37,2540,75000,0.22,0.3,1.0,97.167534
0.09312411,3.0,3.0,2070.0,0.36,1470,150000,0.35,0.2,1.0,49.65471
0.44335985,2.0,1.0,2000.0,0.37,1770,220000,0.2,0.1,2.0,100.97633
0.10450777,1.0,3.0,2662.557781,0.38,1470,150000,0.35,0.3,1.0,154.34196
0.48633784,4.0,4.0,1890.0,0.4,2530,85000,0.21,0.2,1.0,67.65313
0.31752723,2.0,4.0,2000.0,0.37,2530,85000,0.21,0.3,1.0,76.39129
0.36639395,4.0,3.0,1890.0,0.4,1470,150000,0.35,0.3,1.0,54.42875
0.3204792,4.0,2.0,1890.0,0.4,2540,75000,0.22,0.1,2.0,51.062355
0.46265367,1.0,1.0,2662.557781,0.38,1770,220000,0.2,0.3,1.0,227.24461
0.2547507,3.0,2.0,2070.0,0.36,2540,75000,0.22,0.3,1.0,62.20205
0.061838012,2.0,1.0,2000.0,0.37,1770,220000,0.2,0.2,1.0,49.729767
0.4804247,3.0,3.0,2070.0,0.36,1470,150000,0.35,0.1,2.0,100.452774
0.49655363,3.0,1.0,2070.0,0.36,1770,220000,0.2,0.2,1.0,102.25137
0.45000464,3.0,1.0,2070.0,0.36,1770,220000,0.2,0.3,1.0,86.16228
0.08852728,4.0,1.0,1890.0,0.4,1770,220000,0.2,0.1,1.0,42.78367
0.0855087,4.0,4.0,1890.0,0.4,2530,85000,0.21,0.1,2.0,43.177246
0.46590015,2.0,3.0,2000.0,0.37,1470,150000,0.35,0.1,1.0,94.92272
0.16544878,2.0,4.0,2000.0,0.37,2530,85000,0.21,0.1,1.0,56.051796
0.46309748,1.0,1.0,2662.557781,0.38,1770,220000,0.2,0.1,1.0,228.46257
0.34468317,2.0,3.0,2000.0,0.37,1470,150000,0.35,0.2,1.0,77.21372
0.49385184,4.0,3.0,1890.0,0.4,1470,150000,0.35,0.3,1.0,71.742615
0.06059309,2.0,1.0,2000.0,0.37,1770,220000,0.2,0.1,1.0,45.318512
0.13672815,2.0,2.0,2000.0,0.37,2540,75000,0.22,0.2,1.0,55.83069
0.08430349,2.0,1.0,2000.0,0.37,1770,220000,0.2,0.1,2.0,49.232178
0.05252252,1.0,1.0,2662.557781,0.38,1770,220000,0.2,0.3,1.0,102.84617
0.4811687,1.0,4.0,2662.557781,0.38,2530,85000,0.21,0.1,2.0,239.60223
0.42730033,3.0,1.0,2070.0,0.36,1770,220000,0.2,0.1,2.0,90.77162
0.09690758,1.0,1.0,2662.557781,0.38,1770,220000,0.2,0.1,1.0,135.33203
0.44584355,1.0,4.0,2662.557781,0.38,2530,85000,0.21,0.3,1.0,217.62863
0.4411683,3.0,2.0,2070.0,0.36,2540,75000,0.22,0.2,1.0,90.5226
0.49347526,1.0,4.0,2662.557781,0.38,2530,85000,0.21,0.1,2.0,247.12761
0.44481605,4.0,2.0,1890.0,0.4,2540,75000,0.22,0.1,2.0,68.094246
0.06115613,3.0,4.0,2070.0,0.36,2530,85000,0.21,0.1,1.0,49.415356
0.11538735,3.0,4.0,2070.0,0.36,2530,85000,0.21,0.1,2.0,55.02399
0.4442137,1.0,1.0,2662.557781,0.38,1770,220000,0.2,0.3,1.0,227.24461
0.143039,3.0,2.0,2070.0,0.36,2540,75000,0.22,0.1,1.0,52.009254
0.34092942,4.0,3.0,1890.0,0.4,1470,150000,0.35,0.3,1.0,52.8678
0.25807986,3.0,3.0,2070.0,0.36,1470,150000,0.35,0.1,1.0,65.93079
0.4812555,1.0,1.0,2662.557781,0.38,1770,220000,0.2,0.1,2.0,253.96312
0.4105234,2.0,3.0,2000.0,0.37,1470,150000,0.35,0.1,1.0,94.92272
0.48495212,3.0,3.0,2070.0,0.36,1470,150000,0.35,0.1,1.0,111.5497
0.13691282,2.0,2.0,2000.0,0.37,2540,75000,0.22,0.1,2.0,56.034393
0.06074333,1.0,3.0,2662.557781,0.38,1470,150000,0.35,0.2,1.0,130.11295
0.19516937,2.0,1.0,2000.0,0.37,1770,220000,0.2,0.1,2.0,60.849503
0.07656817,2.0,1.0,2000.0,0.37,1770,220000,0.2,0.1,2.0,47.970654
0.48530143,3.0,1.0,2070.0,0.36,1770,220000,0.2,0.1,1.0,103.47514
0.09106802,3.0,1.0,2070.0,0.36,1770,220000,0.2,0.1,2.0,49.64026
0.49574703,2.0,2.0,2000.0,0.37,2540,75000,0.22,0.1,2.0,116.92346
0.1789503,1.0,4.0,2662.557781,0.38,2530,85000,0.21,0.1,2.0,152.78917
0.49155635,3.0,3.0,2070.0,0.36,1470,150000,0.35,0.2,1.0,104.07163
0.2048946,1.0,3.0,2662.557781,0.38,1470,150000,0.35,0.1,1.0,169.992
0.11534616,1.0,2.0,2662.557781,0.38,2540,75000,0.22,0.3,1.0,160.66797
0.101588316,4.0,1.0,1890.0,0.4,1770,220000,0.2,0.2,1.0,43.646214
0.12297021,3.0,1.0,2070.0,0.36,1770,220000,0.2,0.3,1.0,52.8838
0.3037691,2.0,1.0,2000.0,0.37,1770,220000,0.2,0.3,1.0,76.231834
0.12502998,2.0,4.0,2000.0,0.37,2530,85000,0.21,0.1,1.0,56.051796
0.33494028,4.0,4.0,1890.0,0.4,2530,85000,0.21,0.1,1.0,52.3486
0.11843199,1.0,2.0,2662.557781,0.38,2540,75000,0.22,0.2,1.0,156.88525
0.19365036,1.0,2.0,2662.557781,0.38,2540,75000,0.22,0.3,1.0,171.23474
0.36450303,2.0,1.0,2000.0,0.37,1770,220000,0.2,0.2,1.0,81.05408
0.4979213,2.0,3.0,2000.0,0.37,1470,150000,0.35,0.2,1.0,110.93518
0.49590984,1.0,3.0,2662.557781,0.38,1470,150000,0.35,0.1,1.0,254.21883
0.10209486,3.0,2.0,2070.0,0.36,2540,75000,0.22,0.1,2.0,50.550125
0.23993102,2.0,1.0,2000.0,0.37,1770,220000,0.2,0.2,1.0,64.79024
0.47001606,3.0,4.0,2070.0,0.36,2530,85000,0.21,0.3,1.0,88.85154
0.121846125,1.0,1.0,2662.557781,0.38,1770,220000,0.2,0.3,1.0,155.68948
0.34955698,1.0,3.0,2662.557781,0.38,1470,150000,0.35,0.1,1.0,203.70166
0.13892253,3.0,4.0,2070.0,0.36,2530,85000,0.21,0.1,2.0,55.02399
0.1332678,2.0,2.0,2000.0,0.37,2540,75000,0.22,0.3,1.0,55.991714
0.43421358,3.0,4.0,2070.0,0.36,2530,85000,0.21,0.2,1.0,84.509125
0.2685977,3.0,2.0,2070.0,0.36,2540,75000,0.22,0.2,1.0,69.78757
0.18741605,1.0,3.0,2662.557781,0.38,1470,150000,0.35,0.2,1.0,163.33264
0.34267655,2.0,1.0,2000.0,0.37,1770,220000,0.2,0.1,2.0,80.835464
0.28677782,3.0,3.0,2070.0,0.36,1470,150000,0.35,0.1,2.0,71.47211
0.27788627,3.0,3.0,2070.0,0.36,1470,150000,0.35,0.2,1.0,75.62778
0.1255122,1.0,2.0,2662.557781,0.38,2540,75000,0.22,0.3,1.0,160.66797
0.41603595,2.0,3.0,2000.0,0.37,1470,150000,0.35,0.1,1.0,94.92272
0.081058726,2.0,3.0,2000.0,0.37,1470,150000,0.35,0.3,1.0,50.381573
0.49656108,4.0,1.0,1890.0,0.4,1770,220000,0.2,0.3,1.0,71.25462
0.08197781,1.0,1.0,2662.557781,0.38,1770,220000,0.2,0.3,1.0,151.8155
0.42968822,4.0,1.0,1890.0,0.4,1770,220000,0.2,0.1,2.0,60.756527
0.41657838,4.0,4.0,1890.0,0.4,2530,85000,0.21,0.1,2.0,60.936874
0.28709865,2.0,3.0,2000.0,0.37,1470,150000,0.35,0.2,1.0,69.39381
0.41123235,3.0,1.0,2070.0,0.36,1770,220000,0.2,0.2,1.0,83.33329
0.18107872,1.0,4.0,2662.557781,0.38,2530,85000,0.21,0.3,1.0,160.82953
0.13728549,1.0,2.0,2662.557781,0.38,2540,75000,0.22,0.1,1.0,150.04276
0.15571702,1.0,2.0,2662.557781,0.38,2540,75000,0.22,0.3,1.0,171.23474
0.34640113,2.0,4.0,2000.0,0.37,2530,85000,0.21,0.1,2.0,81.432076
0.1150416,1.0,4.0,2662.557781,0.38,2530,85000,0.21,0.3,1.0,152.1033
0.38798591,4.0,4.0,1890.0,0.4,2530,85000,0.21,0.2,1.0,59.063305
0.2097847,3.0,4.0,2070.0,0.36,2530,85000,0.21,0.1,2.0,57.177147
0.27802628,4.0,3.0,1890.0,0.4,1470,150000,0.35,0.2,1.0,49.91207
0.41103292,2.0,2.0,2000.0,0.37,2540,75000,0.22,0.2,1.0,82.80597
0.46271724,2.0,4.0,2000.0,0.37,2530,85000,0.21,0.1,1.0,94.23424
0.34462294,3.0,1.0,2070.0,0.36,1770,220000,0.2,0.1,2.0,82.185074
0.14201425,1.0,3.0,2662.557781,0.38,1470,150000,0.35,0.1,1.0,141.63408
0.4884637,3.0,4.0,2070.0,0.36,2530,85000,0.21,0.1,1.0,98.92713
0.078249715,1.0,3.0,2662.557781,0.38,1470,150000,0.35,0.1,2.0,126.5364
0.4895654,1.0,1.0,2662.557781,0.38,1770,220000,0.2,0.1,1.0,244.21277
0.43023378,1.0,3.0,2662.557781,0.38,1470,150000,0.35,0.1,2.0,209.98415
0.21917257,4.0,4.0,1890.0,0.4,2530,85000,0.21,0.1,2.0,47.641872
0.33227414,3.0,1.0,2070.0,0.36,1770,220000,0.2,0.1,1.0,73.672646
0.11657086,4.0,3.0,1890.0,0.4,1470,150000,0.35,0.2,1.0,43.289528
0.17369743,2.0,1.0,2000.0,0.37,1770,220000,0.2,0.1,2.0,59.286747
0.48981813,1.0,4.0,2662.557781,0.38,2530,85000,0.21,0.1,1.0,238.6364
0.4984535,4.0,4.0,1890.0,0.4,2530,85000,0.21,0.1,1.0,77.84241
0.2032736,4.0,3.0,1890.0,0.4,1470,150000,0.35,0.1,1.0,46.298866
0.19978526,3.0,2.0,2070.0,0.36,2540,75000,0.22,0.3,1.0,60.288086
0.27906814,3.0,3.0,2070.0,0.36,1470,150000,0.35,0.1,2.0,71.47211
0.4069328,1.0,4.0,2662.557781,0.38,2530,85000,0.21,0.2,1.0,223.66373
0.17726998,3.0,2.0,2070.0,0.36,2540,75000,0.22,0.1,1.0,61.917374
0.31887314,4.0,2.0,1890.0,0.4,2540,75000,0.22,0.1,1.0,50.830685
0.35764048,2.0,2.0,2000.0,0.37,2540,75000,0.22,0.2,1.0,76.44748
0.17216608,2.0,4.0,2000.0,0.37,2530,85000,0.21,0.3,1.0,56.441406
0.24120818,2.0,2.0,2000.0,0.37,2540,75000,0.22,0.3,1.0,60.775517
0.18092805,1.0,2.0,2662.557781,0.38,2540,75000,0.22,0.2,1.0,163.47115
0.08294851,4.0,3.0,1890.0,0.4,1470,150000,0.35,0.2,1.0,42.86687
0.1323496,4.0,1.0,1890.0,0.4,1770,220000,0.2,0.2,1.0,43.997204
0.31701145,3.0,3.0,2070.0,0.36,1470,150000,0.35,0.2,1.0,75.62778
0.116670094,2.0,4.0,2000.0,0.37,2530,85000,0.21,0.3,1.0,55.01948
0.066349104,4.0,2.0,1890.0,0.4,2540,75000,0.22,0.2,1.0,42.678818
0.06581859,1.0,2.0,2662.557781,0.38,2540,75000,0.22,0.1,2.0,120.00659
0.09277787,4.0,4.0,1890.0,0.4,2530,85000,0.21,0.1,2.0,43.177246
0.06972701,1.0,4.0,2662.557781,0.38,2530,85000,0.21,0.2,1.0,142.87624
0.44239506,1.0,4.0,2662.557781,0.38,2530,85000,0.21,0.1,2.0,222.68022
0.25444597,1.0,3.0,2662.557781,0.38,1470,150000,0.35,0.1,1.0,179.5788
0.1971393,2.0,1.0,2000.0,0.37,1770,220000,0.2,0.1,1.0,64.04562
0.10142737,4.0,4.0,1890.0,0.4,2530,85000,0.21,0.1,1.0,43.21942
0.49178097,4.0,2.0,1890.0,0.4,2540,75000,0.22,0.2,1.0,79.63457
0.068113394,4.0,4.0,1890.0,0.4,2530,85000,0.21,0.3,1.0,42.44007
0.27470127,2.0,2.0,2000.0,0.37,2540,75000,0.22,0.2,1.0,72.856705
0.3953827,2.0,1.0,2000.0,0.37,1770,220000,0.2,0.1,2.0,86.03496
0.3683845,3.0,1.0,2070.0,0.36,1770,220000,0.2,0.3,1.0,79.216736
0.08327856,2.0,2.0,2000.0,0.37,2540,75000,0.22,0.2,1.0,53.285477
0.29661286,2.0,4.0,2000.0,0.37,2530,85000,0.21,0.1,1.0,69.114815
0.25721365,2.0,1.0,2000.0,0.37,1770,220000,0.2,0.3,1.0,76.231834
0.18094717,4.0,1.0,1890.0,0.4,1770,220000,0.2,0.2,1.0,45.427055
0.076142386,1.0,2.0,2662.557781,0.38,2540,75000,0.22,0.1,1.0,127.94
0.105090365,3.0,2.0,2070.0,0.36,2540,75000,0.22,0.1,2.0,52.469677
0.07672897,1.0,2.0,2662.557781,0.38,2540,75000,0.22,0.2,1.0,137.95662
0.4631229,1.0,1.0,2662.557781,0.38,1770,220000,0.2,0.1,1.0,228.46257
0.49884304,4.0,2.0,1890.0,0.4,2540,75000,0.22,0.1,2.0,83.36806
0.05440877,1.0,1.0,2662.557781,0.38,1770,220000,0.2,0.3,1.0,112.77206
0.46956605,1.0,2.0,2662.557781,0.38,2540,75000,0.22,0.1,2.0,228.51262
0.45296243,1.0,4.0,2662.557781,0.38,2530,85000,0.21,0.1,2.0,222.68022
0.06870344,1.0,2.0,2662.557781,0.38,2540,75000,0.22,0.3,1.0,144.03534
0.12517548,3.0,4.0,2070.0,0.36,2530,85000,0.21,0.3,1.0,57.89508
0.13113704,1.0,2.0,2662.557781,0.38,2540,75000,0.22,0.2,1.0,158.71709
0.060820427,1.0,4.0,2662.557781,0.38,2530,85000,0.21,0.1,1.0,135.37721
0.31116542,1.0,2.0,2662.557781,0.38,2540,75000,0.22,0.2,1.0,201.64485
0.15035962,1.0,1.0,2662.557781,0.38,1770,220000,0.2,0.1,2.0,159.1026
0.48679206,3.0,4.0,2070.0,0.36,2530,85000,0.21,0.1,1.0,94.44204
0.13455325,4.0,4.0,1890.0,0.4,2530,85000,0.21,0.3,1.0,43.683403
0.1478377,4.0,4.0,1890.0,0.4,2530,85000,0.21,0.2,1.0,44.05722
0.057714388,4.0,1.0,1890.0,0.4,1770,220000,0.2,0.1,2.0,42.018906
0.3338708,3.0,4.0,2070.0,0.36,2530,85000,0.21,0.1,1.0,71.08947
0.4474649,1.0,1.0,2662.557781,0.38,1770,220000,0.2,0.3,1.0,227.24461
0.42589793,2.0,3.0,2000.0,0.37,1470,150000,0.35,0.1,2.0,92.25369
0.31585178,2.0,3.0,2000.0,0.37,1470,150000,0.35,0.2,1.0,71.38674
0.38220134,4.0,2.0,1890.0,0.4,2540,75000,0.22,0.1,2.0,58.713005
0.2732559,2.0,4.0,2000.0,0.37,2530,85000,0.21,0.3,1.0,70.876205
0.48141593,3.0,3.0,2070.0,0.36,1470,150000,0.35,0.1,2.0,100.452774
0.28307012,3.0,3.0,2070.0,0.36,1470,150000,0.35,0.3,1.0,68.99716
0.48875415,3.0,4.0,2070.0,0.36,2530,85000,0.21,0.1,2.0,118.8108
0.28888252,4.0,2.0,1890.0,0.4,2540,75000,0.22,0.1,2.0,51.062355
0.10986976,4.0,2.0,1890.0,0.4,2540,75000,0.22,0.3,1.0,43.56741
0.24028453,4.0,4.0,1890.0,0.4,2530,85000,0.21,0.3,1.0,49.815235
0.28905094,1.0,2.0,2662.557781,0.38,2540,75000,0.22,0.1,2.0,162.91942
0.15978874,3.0,3.0,2070.0,0.36,1470,150000,0.35,0.1,1.0,57.559685
0.4005119,2.0,4.0,2000.0,0.37,2530,85000,0.21,0.1,2.0,92.97133
0.47992408,3.0,1.0,2070.0,0.36,1770,220000,0.2,0.3,1.0,101.26397
0.12658998,1.0,2.0,2662.557781,0.38,2540,75000,0.22,0.2,1.0,158.71709
0.14013742,1.0,1.0,2662.557781,0.38,1770,220000,0.2,0.1,2.0,148.80127
0.45642522,2.0,4.0,2000.0,0.37,2530,85000,0.21,0.1,2.0,103.32046
0.45662218,1.0,4.0,2662.557781,0.38,2530,85000,0.21,0.2,1.0,227.74556
0.30534557,4.0,3.0,1890.0,0.4,1470,150000,0.35,0.2,1.0,50.375347
0.10016411,1.0,2.0,2662.557781,0.38,2540,75000,0.22,0.2,1.0,156.08842
0.10119974,2.0,1.0,2000.0,0.37,1770,220000,0.2,0.3,1.0,48.812943
0.13696933,2.0,3.0,2000.0,0.37,1470,150000,0.35,0.1,1.0,56.118076
0.1174903,2.0,2.0,2000.0,0.37,2540,75000,0.22,0.1,2.0,55.05024
0.22130787,1.0,1.0,2662.557781,0.38,1770,220000,0.2,0.2,1.0,179.9367
0.45160925,1.0,3.0,2662.557781,0.38,1470,150000,0.35,0.1,1.0,218.20627
0.33923456,4.0,3.0,1890.0,0.4,1470,150000,0.35,0.1,2.0,53.4654
0.22638886,3.0,1.0,2070.0,0.36,1770,220000,0.2,0.2,1.0,60.673393
0.19678034,1.0,3.0,2662.557781,0.38,1470,150000,0.35,0.3,1.0,178.85916
0.30666906,2.0,4.0,2000.0,0.37,2530,85000,0.21,0.1,2.0,75.639626
0.38832492,2.0,1.0,2000.0,0.37,1770,220000,0.2,0.1,2.0,85.98815
0.19828402,4.0,3.0,1890.0,0.4,1470,150000,0.35,0.2,1.0,46.48459
0.41578314,1.0,4.0,2662.557781,0.38,2530,85000,0.21,0.1,2.0,206.90277
0.31184292,3.0,3.0,2070.0,0.36,1470,150000,0.35,0.1,2.0,76.07025
0.37436324,2.0,4.0,2000.0,0.37,2530,85000,0.21,0.3,1.0,81.94576
0.47994098,4.0,4.0,1890.0,0.4,2530,85000,0.21,0.2,1.0,65.98249
0.47818735,4.0,1.0,1890.0,0.4,1770,220000,0.2,0.3,1.0,70.01628
0.16335666,3.0,3.0,2070.0,0.36,1470,150000,0.35,0.3,1.0,59.30368
0.49133748,4.0,1.0,1890.0,0.4,1770,220000,0.2,0.2,1.0,70.989784
0.07858131,2.0,2.0,2000.0,0.37,2540,75000,0.22,0.2,1.0,48.611824
0.19641599,1.0,2.0,2662.557781,0.38,2540,75000,0.22,0.1,2.0,157.17789
0.1433855,3.0,2.0,2070.0,0.36,2540,75000,0.22,0.1,2.0,55.133553
0.41045606,4.0,3.0,1890.0,0.4,1470,150000,0.35,0.3,1.0,62.521675
0.14705586,1.0,1.0,2662.557781,0.38,1770,220000,0.2,0.1,1.0,158.75987
0.45452932,2.0,4.0,2000.0,0.37,2530,85000,0.21,0.1,2.0,103.32046
0.47611675,1.0,2.0,2662.557781,0.38,2540,75000,0.22,0.2,1.0,234.05653
0.25972313,2.0,3.0,2000.0,0.37,1470,150000,0.35,0.3,1.0,70.56793
0.4944056,1.0,1.0,2662.557781,0.38,1770,220000,0.2,0.1,1.0,244.21277
0.46228144,4.0,4.0,1890.0,0.4,2530,85000,0.21,0.1,2.0,75.758865
0.0691141,1.0,2.0,2662.557781,0.38,2540,75000,0.22,0.3,1.0,144.03534
0.45386198,1.0,1.0,2662.557781,0.38,1770,220000,0.2,0.1,1.0,228.46257
0.0683789,1.0,1.0,2662.557781,0.38,1770,220000,0.2,0.3,1.0,142.29248
0.25126767,1.0,3.0,2662.557781,0.38,1470,150000,0.35,0.1,2.0,170.23016
0.10314563,4.0,2.0,1890.0,0.4,2540,75000,0.22,0.3,1.0,43.285282
0.3393496,2.0,3.0,2000.0,0.37,1470,150000,0.35,0.3,1.0,77.985756
0.08005072,1.0,4.0,2662.557781,0.38,2530,85000,0.21,0.3,1.0,152.1033
0.20010363,2.0,4.0,2000.0,0.37,2530,85000,0.21,0.3,1.0,62.670906
0.09557734,3.0,3.0,2070.0,0.36,1470,150000,0.35,0.1,1.0,50.949078
0.11875422,3.0,2.0,2070.0,0.36,2540,75000,0.22,0.1,2.0,53.502083
0.13763212,1.0,2.0,2662.557781,0.38,2540,75000,0.22,0.3,1.0,160.66797
0.1463489,4.0,3.0,1890.0,0.4,1470,150000,0.35,0.2,1.0,44.224728
0.3456971,2.0,3.0,2000.0,0.37,1470,150000,0.35,0.1,1.0,74.69357
0.49826214,4.0,1.0,1890.0,0.4,1770,220000,0.2,0.1,2.0,77.20024
0.3239321,1.0,3.0,2662.557781,0.38,1470,150000,0.35,0.2,1.0,197.7955
0.40663916,1.0,2.0,2662.557781,0.38,2540,75000,0.22,0.2,1.0,211.7605
0.35909814,3.0,4.0,2070.0,0.36,2530,85000,0.21,0.1,1.0,82.80975
0.45097527,4.0,2.0,1890.0,0.4,2540,75000,0.22,0.2,1.0,61.404766
0.32223848,4.0,2.0,1890.0,0.4,2540,75000,0.22,0.2,1.0,51.52003
0.47407177,1.0,4.0,2662.557781,0.38,2530,85000,0.21,0.3,1.0,226.87064
0.2801823,2.0,2.0,2000.0,0.37,2540,75000,0.22,0.1,2.0,72.08648
0.3475622,4.0,2.0,1890.0,0.4,2540,75000,0.22,0.1,1.0,51.10918
0.23946863,2.0,3.0,2000.0,0.37,1470,150000,0.35,0.2,1.0,67.174706
0.4403823,3.0,3.0,2070.0,0.36,1470,150000,0.35,0.1,1.0,92.1802
0.14170916,1.0,3.0,2662.557781,0.38,1470,150000,0.35,0.3,1.0,154.34196
0.062538385,4.0,2.0,1890.0,0.4,2540,75000,0.22,0.2,1.0,42.23474
0.48741674,3.0,2.0,2070.0,0.36,2540,75000,0.22,0.3,1.0,105.52971
0.06549809,2.0,2.0,2000.0,0.37,2540,75000,0.22,0.1,1.0,46.570152
0.16881584,4.0,3.0,1890.0,0.4,1470,150000,0.35,0.3,1.0,44.879635
0.38380128,3.0,2.0,2070.0,0.36,2540,75000,0.22,0.1,2.0,85.011086
0.43305904,1.0,2.0,2662.557781,0.38,2540,75000,0.22,0.2,1.0,217.54863
0.28925517,2.0,4.0,2000.0,0.37,2530,85000,0.21,0.3,1.0,74.5592
0.23406306,4.0,3.0,1890.0,0.4,1470,150000,0.35,0.1,1.0,46.298866
0.098593704,4.0,3.0,1890.0,0.4,1470,150000,0.35,0.3,1.0,43.118294
0.42833453,4.0,4.0,1890.0,0.4,2530,85000,0.21,0.1,1.0,62.8934
0.3195332,1.0,4.0,2662.557781,0.38,2530,85000,0.21,0.2,1.0,200.15034
0.2226088,2.0,4.0,2000.0,0.37,2530,85000,0.21,0.1,2.0,65.11858
0.2678305,1.0,2.0,2662.557781,0.38,2540,75000,0.22,0.1,1.0,184.73906
0.07737604,3.0,3.0,2070.0,0.36,1470,150000,0.35,0.3,1.0,49.234924
0.06410866,1.0,1.0,2662.557781,0.38,1770,220000,0.2,0.2,1.0,144.03682
0.21668452,2.0,2.0,2000.0,0.37,2540,75000,0.22,0.3,1.0,60.775517
0.4786067,3.0,4.0,2070.0,0.36,2530,85000,0.21,0.2,1.0,105.30494
0.38882878,3.0,1.0,2070.0,0.36,1770,220000,0.2,0.3,1.0,82.346275
0.4338512,4.0,1.0,1890.0,0.4,1770,220000,0.2,0.1,2.0,64.96143
0.33997238,4.0,1.0,1890.0,0.4,1770,220000,0.2,0.3,1.0,54.849464
0.16805083,1.0,1.0,2662.557781,0.38,1770,220000,0.2,0.1,2.0,159.1026
0.38077116,4.0,2.0,1890.0,0.4,2540,75000,0.22,0.3,1.0,54.233894
0.18886101,3.0,1.0,2070.0,0.36,1770,220000,0.2,0.1,2.0,61.376842
0.09791495,4.0,2.0,1890.0,0.4,2540,75000,0.22,0.3,1.0,43.285282
0.4051975,2.0,1.0,2000.0,0.37,1770,220000,0.2,0.3,1.0,81.8322
0.23087499,3.0,2.0,2070.0,0.36,2540,75000,0.22,0.1,1.0,66.69227
0.32747468,3.0,4.0,2070.0,0.36,2530,85000,0.21,0.1,1.0,70.822845
0.30403042,3.0,3.0,2070.0,0.36,1470,150000,0.35,0.1,2.0,71.47211
0.27854893,4.0,4.0,1890.0,0.4,2530,85000,0.21,0.1,1.0,49.706913
0.43654257,4.0,3.0,1890.0,0.4,1470,150000,0.35,0.1,2.0,61.241924
0.0699788,2.0,2.0,2000.0,0.37,2540,75000,0.22,0.2,1.0,47.70374
0.472375,4.0,4.0,1890.0,0.4,2530,85000,0.21,0.1,1.0,66.81266
0.48271585,1.0,3.0,2662.557781,0.38,1470,150000,0.35,0.1,2.0,242.30498
0.12356888,1.0,4.0,2662.557781,0.38,2530,85000,0.21,0.1,2.0,137.15753
0.37872198,4.0,4.0,1890.0,0.4,2530,85000,0.21,0.1,2.0,58.893406
0.35479373,2.0,2.0,2000.0,0.37,2540,75000,0.22,0.1,1.0,71.15975
0.2642777,1.0,1.0,2662.557781,0.38,1770,220000,0.2,0.2,1.0,184.40735
0.1971691,1.0,3.0,2662.557781,0.38,1470,150000,0.35,0.1,2.0,170.23016
0.30295867,2.0,4.0,2000.0,0.37,2530,85000,0.21,0.2,1.0,67.28802
0.062072977,2.0,4.0,2000.0,0.37,2530,85000,0.21,0.2,1.0,49.54584
0.14500555,3.0,3.0,2070.0,0.36,1470,150000,0.35,0.2,1.0,55.27614
0.15513687,1.0,1.0,2662.557781,0.38,1770,220000,0.2,0.3,1.0,169.36632
0.38610652,4.0,4.0,1890.0,0.4,2530,85000,0.21,0.2,1.0,52.506077
0.26277396,4.0,2.0,1890.0,0.4,2540,75000,0.22,0.2,1.0,48.08842
0.3940714,4.0,4.0,1890.0,0.4,2530,85000,0.21,0.3,1.0,55.736515
0.2758637,3.0,2.0,2070.0,0.36,2540,75000,0.22,0.2,1.0,69.78757
0.4207987,3.0,2.0,2070.0,0.36,2540,75000,0.22,0.2,1.0,90.5226
0.29582173,2.0,1.0,2000.0,0.37,1770,220000,0.2,0.1,1.0,70.83804
0.37779367,1.0,2.0,2662.557781,0.38,2540,75000,0.22,0.1,1.0,197.98322
0.15732647,4.0,1.0,1890.0,0.4,1770,220000,0.2,0.1,1.0,45.23263
0.40676722,3.0,4.0,2070.0,0.36,2530,85000,0.21,0.1,1.0,82.80975
0.46341294,1.0,4.0,2662.557781,0.38,2530,85000,0.21,0.3,1.0,217.62863
0.15280712,3.0,2.0,2070.0,0.36,2540,75000,0.22,0.1,2.0,55.133553
0.36872593,2.0,3.0,2000.0,0.37,1470,150000,0.35,0.1,2.0,88.6166
0.37664968,2.0,4.0,2000.0,0.37,2530,85000,0.21,0.1,1.0,81.374146
0.25502214,4.0,2.0,1890.0,0.4,2540,75000,0.22,0.3,1.0,48.40303
0.059449416,3.0,4.0,2070.0,0.36,2530,85000,0.21,0.1,1.0,47.170666
0.21571966,2.0,3.0,2000.0,0.37,1470,150000,0.35,0.1,1.0,65.86609
0.18406758,1.0,1.0,2662.557781,0.38,1770,220000,0.2,0.1,2.0,164.77672
0.15191707,2.0,2.0,2000.0,0.37,2540,75000,0.22,0.3,1.0,55.991714
0.24997197,3.0,4.0,2070.0,0.36,2530,85000,0.21,0.3,1.0,67.839516
0.3931725,4.0,4.0,1890.0,0.4,2530,85000,0.21,0.1,2.0,59.291832
0.48516214,1.0,1.0,2662.557781,0.38,1770,220000,0.2,0.3,1.0,244.63573
0.44441533,1.0,2.0,2662.557781,0.38,2540,75000,0.22,0.2,1.0,217.54863
0.2429757,3.0,1.0,2070.0,0.36,1770,220000,0.2,0.1,2.0,65.61657
0.43728593,2.0,2.0,2000.0,0.37,2540,75000,0.22,0.1,2.0,104.48314
0.1506685,2.0,1.0,2000.0,0.37,1770,220000,0.2,0.1,1.0,55.9962
0.2577626,2.0,2.0,2000.0,0.37,2540,75000,0.22,0.1,1.0,62.84619
0.21241523,3.0,4.0,2070.0,0.36,2530,85000,0.21,0.3,1.0,64.65522
0.110867344,2.0,3.0,2000.0,0.37,1470,150000,0.35,0.1,1.0,50.06399
0.10869432,3.0,3.0,2070.0,0.36,1470,150000,0.35,0.3,1.0,54.182125
0.29404655,2.0,4.0,2000.0,0.37,2530,85000,0.21,0.1,1.0,69.114815
0.20675193,3.0,1.0,2070.0,0.36,1770,220000,0.2,0.3,1.0,61.38194
0.15900029,3.0,3.0,2070.0,0.36,1470,150000,0.35,0.2,1.0,55.680893
0.14812598,3.0,3.0,2070.0,0.36,1470,150000,0.35,0.3,1.0,59.30368
0.084383935,4.0,1.0,1890.0,0.4,1770,220000,0.2,0.1,1.0,42.517895
0.36212596,1.0,1.0,2662.557781,0.38,1770,220000,0.2,0.3,1.0,211.59459
0.37856457,3.0,1.0,2070.0,0.36,1770,220000,0.2,0.1,1.0,83.08726
0.46846405,1.0,2.0,2662.557781,0.38,2540,75000,0.22,0.1,2.0,228.51262
0.49403015,3.0,3.0,2070.0,0.36,1470,150000,0.35,0.2,1.0,109.039246
0.12259403,3.0,2.0,2070.0,0.36,2540,75000,0.22,0.1,1.0,51.940586
0.46348232,1.0,2.0,2662.557781,0.38,2540,75000,0.22,0.1,2.0,228.51262
0.332547,2.0,1.0,2000.0,0.37,1770,220000,0.2,0.1,2.0,80.835464
0.42669186,3.0,2.0,2070.0,0.36,2540,75000,0.22,0.1,1.0,83.282555
0.48237848,4.0,3.0,1890.0,0.4,1470,150000,0.35,0.3,1.0,64.8844
0.05438393,3.0,3.0,2070.0,0.36,1470,150000,0.35,0.1,1.0,47.957886
0.19996385,3.0,4.0,2070.0,0.36,2530,85000,0.21,0.3,1.0,60.909164
0.08888352,1.0,4.0,2662.557781,0.38,2530,85000,0.21,0.1,2.0,134.96658
0.23828414,2.0,1.0,2000.0,0.37,1770,220000,0.2,0.3,1.0,67.1631
0.37245205,1.0,1.0,2662.557781,0.38,1770,220000,0.2,0.1,1.0,212.54753
0.49883336,3.0,4.0,2070.0,0.36,2530,85000,0.21,0.3,1.0,110.150154
0.49527127,3.0,4.0,2070.0,0.36,2530,85000,0.21,0.3,1.0,96.74107
0.27770707,2.0,3.0,2000.0,0.37,1470,150000,0.35,0.1,2.0,79.32221
0.47580472,2.0,2.0,2000.0,0.37,2540,75000,0.22,0.1,2.0,105.80317
0.12851828,3.0,4.0,2070.0,0.36,2530,85000,0.21,0.3,1.0,57.89508
0.07565694,1.0,4.0,2662.557781,0.38,2530,85000,0.21,0.2,1.0,145.10013
0.32035774,1.0,1.0,2662.557781,0.38,1770,220000,0.2,0.2,1.0,192.14133
0.49294183,2.0,2.0,2000.0,0.37,2540,75000,0.22,0.3,1.0,105.36786
0.09901611,1.0,1.0,2662.557781,0.38,1770,220000,0.2,0.1,2.0,142.33856
0.086741105,4.0,4.0,1890.0,0.4,2530,85000,0.21,0.3,1.0,43.259594
0.4426272,4.0,3.0,1890.0,0.4,1470,150000,0.35,0.1,1.0,57.414364
0.2922936,4.0,3.0,1890.0,0.4,1470,150000,0.35,0.2,1.0,50.375347
0.07937685,4.0,4.0,1890.0,0.4,2530,85000,0.21,0.2,1.0,42.703953
0.2343005,2.0,2.0,2000.0,0.37,2540,75000,0.22,0.1,2.0,69.22916
0.47849792,2.0,4.0,2000.0,0.37,2530,85000,0.21,0.2,1.0,96.72201
0.38782516,4.0,1.0,1890.0,0.4,1770,220000,0.2,0.1,1.0,59.95319
0.20316528,3.0,4.0,2070.0,0.36,2530,85000,0.21,0.1,1.0,60.616898
0.38507518,3.0,4.0,2070.0,0.36,2530,85000,0.21,0.1,1.0,82.80975
0.1550864,1.0,4.0,2662.557781,0.38,2530,85000,0.21,0.2,1.0,165.094
0.36016047,2.0,2.0,2000.0,0.37,2540,75000,0.22,0.3,1.0,74.70639
0.41920397,2.0,4.0,2000.0,0.37,2530,85000,0.21,0.1,1.0,86.998116
0.4816251,4.0,1.0,1890.0,0.4,1770,220000,0.2,0.2,1.0,63.978527
0.05724318,2.0,1.0,2000.0,0.37,1770,220000,0.2,0.3,1.0,47.86273
0.22649878,4.0,1.0,1890.0,0.4,1770,220000,0.2,0.1,1.0,45.632244
0.1372725,1.0,2.0,2662.557781,0.38,2540,75000,0.22,0.3,1.0,160.66797
0.43135065,1.0,4.0,2662.557781,0.38,2530,85000,0.21,0.2,1.0,223.66373
0.05514163,4.0,2.0,1890.0,0.4,2540,75000,0.22,0.2,1.0,42.229088
0.3551347,1.0,1.0,2662.557781,0.38,1770,220000,0.2,0.3,1.0,211.59459
0.27200556,1.0,3.0,2662.557781,0.38,1470,150000,0.35,0.2,1.0,197.7955
0.18788782,4.0,3.0,1890.0,0.4,1470,150000,0.35,0.3,1.0,45.274567
0.08344499,4.0,4.0,1890.0,0.4,2530,85000,0.21,0.1,1.0,42.972538
0.07354926,3.0,1.0,2070.0,0.36,1770,220000,0.2,0.3,1.0,49.31824
0.4934354,1.0,1.0,2662.557781,0.38,1770,220000,0.2,0.2,1.0,234.42471
0.0646433,1.0,1.0,2662.557781,0.38,1770,220000,0.2,0.1,2.0,115.47236
0.36139506,2.0,3.0,2000.0,0.37,1470,150000,0.35,0.2,1.0,78.71265
0.30647102,1.0,1.0,2662.557781,0.38,1770,220000,0.2,0.3,1.0,194.62073
0.49794146,1.0,4.0,2662.557781,0.38,2530,85000,0.21,0.1,2.0,247.12761
0.26295874,1.0,4.0,2662.557781,0.38,2530,85000,0.21,0.3,1.0,189.64224
0.3810153,1.0,2.0,2662.557781,0.38,2540,75000,0.22,0.2,1.0,204.6074
0.3674744,3.0,3.0,2070.0,0.36,1470,150000,0.35,0.3,1.0,79.639145
0.1355111,4.0,2.0,1890.0,0.4,2540,75000,0.22,0.1,1.0,44.41875
0.38300893,3.0,1.0,2070.0,0.36,1770,220000,0.2,0.1,1.0,89.1224
0.44470838,4.0,2.0,1890.0,0.4,2540,75000,0.22,0.1,2.0,67.06644
0.44358763,2.0,4.0,2000.0,0.37,2530,85000,0.21,0.2,1.0,96.72201
0.356405,4.0,1.0,1890.0,0.4,1770,220000,0.2,0.1,2.0,56.663433
0.4950257,3.0,1.0,2070.0,0.36,1770,220000,0.2,0.3,1.0,101.26397
0.3296556,4.0,3.0,1890.0,0.4,1470,150000,0.35,0.1,2.0,52.95226
0.124475814,4.0,1.0,1890.0,0.4,1770,220000,0.2,0.1,1.0,43.538174
0.070766225,2.0,4.0,2000.0,0.37,2530,85000,0.21,0.2,1.0,49.54584
0.23878388,3.0,4.0,2070.0,0.36,2530,85000,0.21,0.3,1.0,64.65522
0.4738113,2.0,4.0,2000.0,0.37,2530,85000,0.21,0.1,1.0,98.282394
0.2489939,4.0,2.0,1890.0,0.4,2540,75000,0.22,0.2,1.0,47.581245
0.48951456,3.0,3.0,2070.0,0.36,1470,150000,0.35,0.1,2.0,109.83687
0.22476849,1.0,2.0,2662.557781,0.38,2540,75000,0.22,0.1,1.0,170.26448
0.3059525,4.0,3.0,1890.0,0.4,1470,150000,0.35,0.3,1.0,51.976738
0.486544,2.0,2.0,2000.0,0.37,2540,75000,0.22,0.2,1.0,111.08851
0.4525433,3.0,1.0,2070.0,0.36,1770,220000,0.2,0.3,1.0,86.16228
0.12714902,2.0,2.0,2000.0,0.37,2540,75000,0.22,0.3,1.0,55.991714
0.475944,1.0,4.0,2662.557781,0.38,2530,85000,0.21,0.1,2.0,231.54692
0.17196006,1.0,1.0,2662.557781,0.38,1770,220000,0.2,0.2,1.0,157.24292
0.29016975,3.0,3.0,2070.0,0.36,1470,150000,0.35,0.2,1.0,75.62778
0.111717455,2.0,3.0,2000.0,0.37,1470,150000,0.35,0.1,1.0,50.06399
0.20602192,2.0,2.0,2000.0,0.37,2540,75000,0.22,0.1,1.0,61.45506
0.48877615,4.0,2.0,1890.0,0.4,2540,75000,0.22,0.1,2.0,73.48932
0.2593913,3.0,2.0,2070.0,0.36,2540,75000,0.22,0.1,2.0,68.946754
0.41074517,1.0,1.0,2662.557781,0.38,1770,220000,0.2,0.1,1.0,221.1882
0.3961426,2.0,4.0,2000.0,0.37,2530,85000,0.21,0.1,2.0,92.97133
0.21610954,4.0,2.0,1890.0,0.4,2540,75000,0.22,0.2,1.0,45.015453
0.25417563,1.0,2.0,2662.557781,0.38,2540,75000,0.22,0.3,1.0,199.192
0.12563767,1.0,2.0,2662.557781,0.38,2540,75000,0.22,0.1,1.0,150.04276
0.3314821,2.0,1.0,2000.0,0.37,1770,220000,0.2,0.1,2.0,80.835464
0.35603884,2.0,2.0,2000.0,0.37,2540,75000,0.22,0.1,1.0,82.12183
0.18016489,2.0,2.0,2000.0,0.37,2540,75000,0.22,0.1,2.0,56.189667
0.31359312,3.0,2.0,2070.0,0.36,2540,75000,0.22,0.2,1.0,77.84552
0.45419297,1.0,3.0,2662.557781,0.38,1470,150000,0.35,0.1,1.0,226.16962
0.10687696,3.0,1.0,2070.0,0.36,1770,220000,0.2,0.3,1.0,52.8838
0.15726161,4.0,2.0,1890.0,0.4,2540,75000,0.22,0.1,1.0,44.41875
0.2914205,1.0,2.0,2662.557781,0.38,2540,75000,0.22,0.1,1.0,190.60219
0.37133467,1.0,2.0,2662.557781,0.38,2540,75000,0.22,0.1,1.0,191.20082
0.4285227,2.0,1.0,2000.0,0.37,1770,220000,0.2,0.1,2.0,93.49016
0.121396184,2.0,2.0,2000.0,0.37,2540,75000,0.22,0.3,1.0,55.991714
0.2226717,2.0,3.0,2000.0,0.37,1470,150000,0.35,0.2,1.0,65.7114
0.0990203,1.0,3.0,2662.557781,0.38,1470,150000,0.35,0.1,2.0,126.5364
0.4760799,3.0,2.0,2070.0,0.36,2540,75000,0.22,0.1,1.0,97.12505
0.46788892,2.0,3.0,2000.0,0.37,1470,150000,0.35,0.2,1.0,92.98309
0.15689844,1.0,3.0,2662.557781,0.38,1470,150000,0.35,0.2,1.0,163.33264
0.21289052,3.0,3.0,2070.0,0.36,1470,150000,0.35,0.3,1.0,62.23176
0.4452248,4.0,3.0,1890.0,0.4,1470,150000,0.35,0.1,1.0,57.534313
0.24066854,4.0,3.0,1890.0,0.4,1470,150000,0.35,0.1,1.0,46.422676
0.052937493,3.0,3.0,2070.0,0.36,1470,150000,0.35,0.1,1.0,46.134163
0.32337585,4.0,2.0,1890.0,0.4,2540,75000,0.22,0.2,1.0,54.663445
0.2846119,3.0,1.0,2070.0,0.36,1770,220000,0.2,0.1,1.0,68.16339
0.45780686,2.0,4.0,2000.0,0.37,2530,85000,0.21,0.1,1.0,91.1728
0.21247801,3.0,4.0,2070.0,0.36,2530,85000,0.21,0.3,1.0,64.65522
0.23775864,2.0,3.0,2000.0,0.37,1470,150000,0.35,0.1,1.0,65.86609
0.4765745,3.0,2.0,2070.0,0.36,2540,75000,0.22,0.3,1.0,98.002266
0.06079762,1.0,3.0,2662.557781,0.38,1470,150000,0.35,0.1,1.0,110.04895
0.4210581,1.0,1.0,2662.557781,0.38,1770,220000,0.2,0.1,2.0,217.94048
0.098170765,4.0,2.0,1890.0,0.4,2540,75000,0.22,0.2,1.0,42.678818
0.46152312,1.0,3.0,2662.557781,0.38,1470,150000,0.35,0.1,1.0,226.16962
0.46507698,4.0,3.0,1890.0,0.4,1470,150000,0.35,0.1,1.0,69.55445
0.109411515,3.0,4.0,2070.0,0.36,2530,85000,0.21,0.1,1.0,51.574154
0.11098308,3.0,1.0,2070.0,0.36,1770,220000,0.2,0.2,1.0,51.107975
0.23353878,3.0,3.0,2070.0,0.36,1470,150000,0.35,0.1,1.0,62.861195
0.074852854,3.0,3.0,2070.0,0.36,1470,150000,0.35,0.3,1.0,49.234924
0.12988886,4.0,4.0,1890.0,0.4,2530,85000,0.21,0.2,1.0,44.05722
0.37047803,1.0,4.0,2662.557781,0.38,2530,85000,0.21,0.1,1.0,207.58713
0.177365,3.0,4.0,2070.0,0.36,2530,85000,0.21,0.3,1.0,59.67671
0.48903728,2.0,1.0,2000.0,0.37,1770,220000,0.2,0.2,1.0,106.43791
0.47237632,4.0,1.0,1890.0,0.4,1770,220000,0.2,0.1,1.0,68.192604
0.29737294,4.0,3.0,1890.0,0.4,1470,150000,0.35,0.2,1.0,50.375347
0.191479,2.0,3.0,2000.0,0.37,1470,150000,0.35,0.1,2.0,64.99187
0.07004949,2.0,2.0,2000.0,0.37,2540,75000,0.22,0.1,1.0,48.845383
0.48633152,4.0,3.0,1890.0,0.4,1470,150000,0.35,0.3,1.0,66.89134
0.41903186,1.0,4.0,2662.557781,0.38,2530,85000,0.21,0.1,1.0,207.58713
0.05384197,1.0,2.0,2662.557781,0.38,2540,75000,0.22,0.2,1.0,137.95662
0.13054481,2.0,1.0,2000.0,0.37,1770,220000,0.2,0.1,1.0,55.9962
0.34554344,1.0,2.0,2662.557781,0.38,2540,75000,0.22,0.2,1.0,204.6074
0.22839102,3.0,2.0,2070.0,0.36,2540,75000,0.22,0.1,1.0,64.255455
0.4374251,2.0,1.0,2000.0,0.37,1770,220000,0.2,0.3,1.0,81.8322
0.13786002,3.0,4.0,2070.0,0.36,2530,85000,0.21,0.1,2.0,55.02399
0.31313404,3.0,3.0,2070.0,0.36,1470,150000,0.35,0.3,1.0,71.90251
0.09478184,3.0,2.0,2070.0,0.36,2540,75000,0.22,0.3,1.0,50.901394
0.49311826,3.0,3.0,2070.0,0.36,1470,150000,0.35,0.1,2.0,109.83687
0.49526417,3.0,4.0,2070.0,0.36,2530,85000,0.21,0.1,1.0,104.05477
0.12566572,3.0,3.0,2070.0,0.36,1470,150000,0.35,0.1,2.0,56.639942
0.47373575,4.0,4.0,1890.0,0.4,2530,85000,0.21,0.1,1.0,68.63653
0.2800695,2.0,1.0,2000.0,0.37,1770,220000,0.2,0.1,1.0,70.83804
0.47612578,2.0,2.0,2000.0,0.37,2540,75000,0.22,0.1,1.0,94.29245
0.12039513,3.0,3.0,2070.0,0.36,1470,150000,0.35,0.2,1.0,51.261406
0.37168902,4.0,3.0,1890.0,0.4,1470,150000,0.35,0.2,1.0,54.747055
0.09154331,3.0,1.0,2070.0,0.36,1770,220000,0.2,0.3,1.0,52.8838
0.34186468,2.0,1.0,2000.0,0.37,1770,220000,0.2,0.2,1.0,81.05408
0.39771307,1.0,1.0,2662.557781,0.38,1770,220000,0.2,0.1,1.0,212.54753
0.05044408,2.0,4.0,2000.0,0.37,2530,85000,0.21,0.1,1.0,43.665398
0.4668626,2.0,4.0,2000.0,0.37,2530,85000,0.21,0.3,1.0,96.985954
0.470394,4.0,2.0,1890.0,0.4,2540,75000,0.22,0.1,1.0,67.72254
0.06828522,2.0,4.0,2000.0,0.37,2530,85000,0.21,0.1,1.0,48.63204
0.10071888,3.0,2.0,2070.0,0.36,2540,75000,0.22,0.1,1.0,51.940586
0.11008614,2.0,3.0,2000.0,0.37,1470,150000,0.35,0.2,1.0,51.647686
0.4603768,1.0,2.0,2662.557781,0.38,2540,75000,0.22,0.2,1.0,233.15038
0.32221723,4.0,3.0,1890.0,0.4,1470,150000,0.35,0.2,1.0,50.375347
0.24907054,3.0,3.0,2070.0,0.36,1470,150000,0.35,0.3,1.0,62.23176
0.34881687,1.0,4.0,2662.557781,0.38,2530,85000,0.21,0.1,1.0,207.58713
0.4812431,3.0,2.0,2070.0,0.36,2540,75000,0.22,0.1,2.0,107.421616
0.059238046,1.0,4.0,2662.557781,0.38,2530,85000,0.21,0.3,1.0,135.15634
0.0807579,2.0,1.0,2000.0,0.37,1770,220000,0.2,0.2,1.0,53.300934
0.4722893,2.0,2.0,2000.0,0.37,2540,75000,0.22,0.1,2.0,104.48314
0.36620343,2.0,1.0,2000.0,0.37,1770,220000,0.2,0.2,1.0,86.243515
0.46611866,2.0,1.0,2000.0,0.37,1770,220000,0.2,0.1,2.0,100.97633
0.14230132,2.0,3.0,2000.0,0.37,1470,150000,0.35,0.1,1.0,61.244858
0.1660208,3.0,1.0,2070.0,0.36,1770,220000,0.2,0.1,1.0,58.74954
0.4570212,3.0,4.0,2070.0,0.36,2530,85000,0.21,0.1,2.0,102.71152
0.28230435,1.0,3.0,2662.557781,0.38,1470,150000,0.35,0.1,1.0,192.91295
0.12988648,1.0,2.0,2662.557781,0.38,2540,75000,0.22,0.2,1.0,158.71709
0.47391295,1.0,3.0,2662.557781,0.38,1470,150000,0.35,0.3,1.0,223.64243
0.45801994,1.0,3.0,2662.557781,0.38,1470,150000,0.35,0.1,1.0,226.16962
0.07364461,3.0,3.0,2070.0,0.36,1470,150000,0.35,0.1,2.0,50.19574
0.49002573,4.0,2.0,1890.0,0.4,2540,75000,0.22,0.3,1.0,68.76484
0.2293641,4.0,4.0,1890.0,0.4,2530,85000,0.21,0.1,1.0,47.245525
0.089591876,4.0,1.0,1890.0,0.4,1770,220000,0.2,0.2,1.0,43.156994
0.32636955,3.0,1.0,2070.0,0.36,1770,220000,0.2,0.2,1.0,76.68445
0.25933304,2.0,1.0,2000.0,0.37,1770,220000,0.2,0.1,2.0,76.27655
0.3801795,4.0,4.0,1890.0,0.4,2530,85000,0.21,0.3,1.0,55.736515
0.45418155,1.0,1.0,2662.557781,0.38,1770,220000,0.2,0.3,1.0,227.24461
0.46588546,3.0,2.0,2070.0,0.36,2540,75000,0.22,0.2,1.0,97.0066
0.20550078,4.0,3.0,1890.0,0.4,1470,150000,0.35,0.3,1.0,45.274567
0.13883598,1.0,1.0,2662.557781,0.38,1770,220000,0.2,0.3,1.0,155.68948
0.1575407,2.0,1.0,2000.0,0.37,1770,220000,0.2,0.3,1.0,58.28631
0.47652975,1.0,1.0,2662.557781,0.38,1770,220000,0.2,0.1,2.0,228.8958
0.44991973,1.0,1.0,2662.557781,0.38,1770,220000,0.2,0.3,1.0,227.24461
0.41750428,1.0,2.0,2662.557781,0.38,2540,75000,0.22,0.1,2.0,209.81879
0.43024245,1.0,4.0,2662.557781,0.38,2530,85000,0.21,0.3,1.0,203.94753
0.08511166,1.0,4.0,2662.557781,0.38,2530,85000,0.21,0.1,1.0,148.90451
0.308849,3.0,3.0,2070.0,0.36,1470,150000,0.35,0.1,2.0,76.07025
0.48038408,4.0,4.0,1890.0,0.4,2530,85000,0.21,0.2,1.0,65.98249
0.12646165,3.0,1.0,2070.0,0.36,1770,220000,0.2,0.2,1.0,55.511425
0.09029173,3.0,4.0,2070.0,0.36,2530,85000,0.21,0.3,1.0,50.11091
0.49509558,4.0,4.0,1890.0,0.4,2530,85000,0.21,0.1,2.0,79.35457
0.21818933,1.0,3.0,2662.557781,0.38,1470,150000,0.35,0.3,1.0,198.84175
0.16228539,2.0,3.0,2000.0,0.37,1470,150000,0.35,0.1,2.0,58.79465
0.38723117,1.0,4.0,2662.557781,0.38,2530,85000,0.21,0.3,1.0,196.7886
0.49428743,3.0,1.0,2070.0,0.36,1770,220000,0.2,0.1,2.0,121.73774
0.08643159,3.0,3.0,2070.0,0.36,1470,150000,0.35,0.1,1.0,49.92031
0.35046867,4.0,1.0,1890.0,0.4,1770,220000,0.2,0.3,1.0,54.849464
0.3990031,2.0,1.0,2000.0,0.37,1770,220000,0.2,0.1,1.0,86.15672
0.33639064,4.0,2.0,1890.0,0.4,2540,75000,0.22,0.3,1.0,52.350746
