Volume Fraction,Matrix Type,Fibre Type,Matrix Elastic Modulus,Matrix Poisson Ratio,Fibre Density,Fibre Elastic Modulus,Fibre Poisson Ratio,Strain Rate,Fibre Shape,Composite Elastic Modulus
0.45643622,3.0,3.0,2662.557781,0.38,1470,150000,0.35,0.1,2.0,7287.5166
0.11089249,4.0,4.0,2070.0,0.36,1470,150000,0.35,0.2,1.0,2785.9377
0.07019093,1.0,1.0,2000.0,0.37,1770,220000,0.2,0.2,1.0,2440.3904
0.16340819,2.0,2.0,2662.557781,0.38,2530,85000,0.21,0.2,1.0,3185.3545
0.20033136,4.0,1.0,2662.557781,0.38,2530,85000,0.21,0.1,1.0,3593.3618
0.45895758,3.0,4.0,2662.557781,0.38,1470,150000,0.35,0.3,1.0,7412.979
0.44151926,2.0,4.0,1890.0,0.4,1470,150000,0.35,0.1,1.0,6858.521
0.45054263,3.0,2.0,2662.557781,0.38,2540,75000,0.22,0.1,2.0,7004.3174
0.26170748,3.0,2.0,2070.0,0.36,1470,150000,0.35,0.3,1.0,4075.333
0.3937045,4.0,3.0,2000.0,0.37,1470,150000,0.35,0.1,1.0,5609.0503
0.1905758,4.0,2.0,2070.0,0.36,2530,85000,0.21,0.1,2.0,3593.3618
0.48273006,4.0,4.0,2070.0,0.36,1470,150000,0.35,0.1,1.0,8096.161
0.23191403,2.0,2.0,2662.557781,0.38,2540,75000,0.22,0.2,1.0,3972.516
0.071869366,3.0,1.0,2070.0,0.36,2540,75000,0.22,0.2,1.0,2440.3904
0.4617525,1.0,2.0,2662.557781,0.38,2540,75000,0.22,0.1,2.0,7412.979
0.1667863,1.0,4.0,2662.557781,0.38,1470,150000,0.35,0.3,1.0,3428.1687
0.06498237,1.0,1.0,2000.0,0.37,1770,220000,0.2,0.3,1.0,2378.1858
0.2786234,3.0,4.0,2070.0,0.36,2530,85000,0.21,0.2,1.0,4114.24
0.22146513,4.0,4.0,1890.0,0.4,2530,85000,0.21,0.1,1.0,3593.3618
0.30164626,1.0,3.0,2070.0,0.36,2530,85000,0.21,0.3,1.0,4483.692
0.3559241,4.0,1.0,2070.0,0.36,2540,75000,0.22,0.2,1.0,5220.35
0.38676092,1.0,4.0,2000.0,0.37,1470,150000,0.35,0.1,1.0,5609.0503
0.056010522,2.0,2.0,2000.0,0.37,1470,150000,0.35,0.2,1.0,2237.101
0.11619077,1.0,1.0,2000.0,0.37,1770,220000,0.2,0.1,1.0,2820.8296
0.24878195,4.0,1.0,2070.0,0.36,2530,85000,0.21,0.3,1.0,3972.516
0.24776475,4.0,1.0,2000.0,0.37,2540,75000,0.22,0.3,1.0,3972.516
0.28304425,4.0,4.0,2662.557781,0.38,2530,85000,0.21,0.1,1.0,4476.866
0.20048025,2.0,4.0,2000.0,0.37,1470,150000,0.35,0.3,1.0,3593.3618
0.39062098,1.0,1.0,1890.0,0.4,1470,150000,0.35,0.2,1.0,5609.0503
0.102000624,4.0,4.0,2070.0,0.36,1470,150000,0.35,0.3,1.0,2785.9377
0.10019171,4.0,2.0,2662.557781,0.38,2530,85000,0.21,0.3,1.0,2785.9377
0.4079567,1.0,3.0,1890.0,0.4,1470,150000,0.35,0.1,2.0,6216.9814
0.25850326,4.0,4.0,2070.0,0.36,2530,85000,0.21,0.3,1.0,4075.333
0.24837576,1.0,3.0,2000.0,0.37,2540,75000,0.22,0.1,2.0,3972.516
0.26201704,3.0,3.0,1890.0,0.4,2530,85000,0.21,0.1,2.0,4075.333
0.13404728,1.0,4.0,1890.0,0.4,1770,220000,0.2,0.2,1.0,3010.9568
0.17700137,4.0,1.0,2000.0,0.37,2530,85000,0.21,0.2,1.0,3593.3618
0.4944933,2.0,4.0,1890.0,0.4,1770,220000,0.2,0.3,1.0,9590.157
0.3510042,1.0,1.0,2662.557781,0.38,1470,150000,0.35,0.3,1.0,5220.35
0.42156106,3.0,3.0,1890.0,0.4,2540,75000,0.22,0.3,1.0,6329.005
0.30024356,4.0,1.0,2662.557781,0.38,1470,150000,0.35,0.3,1.0,4476.866
0.38262764,1.0,4.0,2000.0,0.37,1470,150000,0.35,0.1,1.0,5553.007
0.26453805,3.0,3.0,2000.0,0.37,2540,75000,0.22,0.2,1.0,4075.333
0.49393108,3.0,4.0,2070.0,0.36,1470,150000,0.35,0.1,1.0,9590.157
0.11054642,2.0,3.0,1890.0,0.4,1770,220000,0.2,0.2,1.0,2785.9377
0.37765053,2.0,3.0,2000.0,0.37,2530,85000,0.21,0.1,1.0,5501.476
0.14593835,3.0,3.0,2662.557781,0.38,1770,220000,0.2,0.1,2.0,3135.386
0.3266046,4.0,4.0,2000.0,0.37,2530,85000,0.21,0.2,1.0,4924.668
0.18521714,2.0,4.0,2070.0,0.36,1770,220000,0.2,0.3,1.0,3593.3618
0.065095134,2.0,1.0,1890.0,0.4,1770,220000,0.2,0.3,1.0,2378.1858
0.16321464,4.0,3.0,2070.0,0.36,1470,150000,0.35,0.1,2.0,3185.3545
0.2667871,4.0,1.0,2662.557781,0.38,1470,150000,0.35,0.3,1.0,4075.333
0.24848905,3.0,3.0,2070.0,0.36,2530,85000,0.21,0.1,2.0,3972.516
0.45235473,4.0,1.0,2070.0,0.36,1470,150000,0.35,0.2,1.0,7004.3174
0.32825032,3.0,4.0,2070.0,0.36,2530,85000,0.21,0.1,2.0,4927.417
0.29225552,4.0,2.0,1890.0,0.4,2540,75000,0.22,0.2,1.0,4476.866
0.2089375,3.0,1.0,2662.557781,0.38,2530,85000,0.21,0.3,1.0,3593.3618
0.4410714,4.0,4.0,2000.0,0.37,2530,85000,0.21,0.3,1.0,6858.521
0.3395772,4.0,2.0,2662.557781,0.38,1470,150000,0.35,0.3,1.0,5010.875
0.40322113,1.0,2.0,1890.0,0.4,2530,85000,0.21,0.1,1.0,6124.361
0.42261523,3.0,2.0,2070.0,0.36,1470,150000,0.35,0.2,1.0,6329.005
0.18539074,4.0,4.0,2662.557781,0.38,1770,220000,0.2,0.1,1.0,3593.3618
0.06186809,4.0,1.0,2070.0,0.36,2530,85000,0.21,0.1,1.0,2374.8777
0.39707682,4.0,4.0,1890.0,0.4,1770,220000,0.2,0.1,1.0,5609.0503
0.053646587,2.0,1.0,2662.557781,0.38,2530,85000,0.21,0.1,1.0,2235.9285
0.05542326,2.0,1.0,2070.0,0.36,1770,220000,0.2,0.2,1.0,2235.9285
0.075484924,2.0,4.0,2070.0,0.36,2530,85000,0.21,0.2,1.0,2470.1113
0.44665527,4.0,2.0,1890.0,0.4,2540,75000,0.22,0.2,1.0,6903.4077
0.3640423,2.0,2.0,2000.0,0.37,1770,220000,0.2,0.1,1.0,5220.35
0.37503624,1.0,2.0,2000.0,0.37,2540,75000,0.22,0.3,1.0,5501.476
0.33197773,4.0,4.0,2000.0,0.37,1770,220000,0.2,0.2,1.0,5010.875
0.06555701,1.0,1.0,2000.0,0.37,1770,220000,0.2,0.1,1.0,2378.1858
0.19693917,2.0,1.0,2070.0,0.36,2530,85000,0.21,0.3,1.0,3593.3618
0.14105566,3.0,4.0,2070.0,0.36,2540,75000,0.22,0.3,1.0,3135.386
0.07265089,4.0,2.0,2000.0,0.37,1470,150000,0.35,0.2,1.0,2440.3904
0.24720278,1.0,3.0,2000.0,0.37,2530,85000,0.21,0.2,1.0,3972.516
0.4664359,3.0,1.0,2070.0,0.36,2540,75000,0.22,0.1,1.0,7412.979
0.12872683,2.0,3.0,2662.557781,0.38,2540,75000,0.22,0.2,1.0,3010.9568
0.14339751,3.0,2.0,2000.0,0.37,1470,150000,0.35,0.3,1.0,3135.386
0.062392864,1.0,1.0,2000.0,0.37,2540,75000,0.22,0.3,1.0,2378.1858
0.057787023,3.0,1.0,2070.0,0.36,2530,85000,0.21,0.1,2.0,2262.5215
0.48591545,3.0,3.0,1890.0,0.4,1770,220000,0.2,0.1,2.0,8562.654
0.15163468,1.0,2.0,2662.557781,0.38,2540,75000,0.22,0.1,2.0,3135.386
0.23151878,4.0,1.0,2662.557781,0.38,1770,220000,0.2,0.1,2.0,3972.516
0.06069378,3.0,1.0,2662.557781,0.38,1770,220000,0.2,0.1,2.0,2374.8777
0.06366645,4.0,3.0,2662.557781,0.38,2540,75000,0.22,0.1,1.0,2378.1858
0.0588212,3.0,4.0,1890.0,0.4,2540,75000,0.22,0.2,1.0,2262.5215
0.21324538,2.0,2.0,2070.0,0.36,2530,85000,0.21,0.1,1.0,3593.3618
0.3102726,4.0,3.0,2662.557781,0.38,1770,220000,0.2,0.2,1.0,4483.692
0.45165956,2.0,1.0,2070.0,0.36,2530,85000,0.21,0.2,1.0,7004.3174
0.060075257,1.0,2.0,2662.557781,0.38,1770,220000,0.2,0.2,1.0,2374.8777
0.48302174,4.0,4.0,2662.557781,0.38,1470,150000,0.35,0.2,1.0,8096.161
0.36074072,1.0,2.0,1890.0,0.4,1470,150000,0.35,0.3,1.0,5220.35
0.32888266,2.0,3.0,1890.0,0.4,2540,75000,0.22,0.3,1.0,4927.417
0.38599887,3.0,4.0,2070.0,0.36,2530,85000,0.21,0.1,2.0,5553.007
0.24514279,3.0,3.0,2070.0,0.36,1770,220000,0.2,0.2,1.0,3972.516
0.10073618,1.0,2.0,2000.0,0.37,1770,220000,0.2,0.2,1.0,2785.9377
0.492833,3.0,1.0,2070.0,0.36,2530,85000,0.21,0.1,2.0,9418.722
0.104519226,3.0,4.0,1890.0,0.4,2530,85000,0.21,0.3,1.0,2785.9377
0.27594495,1.0,3.0,2000.0,0.37,2530,85000,0.21,0.1,1.0,4114.24
0.1163716,3.0,4.0,2662.557781,0.38,2540,75000,0.22,0.2,1.0,2820.8296
0.088749304,4.0,1.0,2662.557781,0.38,2540,75000,0.22,0.3,1.0,2601.8828
0.23930758,4.0,3.0,2662.557781,0.38,1470,150000,0.35,0.1,2.0,3972.516
0.29058635,2.0,4.0,2000.0,0.37,2540,75000,0.22,0.3,1.0,4476.866
0.44929746,3.0,3.0,2662.557781,0.38,1470,150000,0.35,0.1,2.0,7004.3174
0.36791074,1.0,4.0,2662.557781,0.38,2530,85000,0.21,0.2,1.0,5501.476
0.08286702,2.0,3.0,1890.0,0.4,2530,85000,0.21,0.3,1.0,2568.8853
0.41576183,1.0,4.0,2070.0,0.36,1770,220000,0.2,0.1,1.0,6216.9814
0.3864931,3.0,3.0,1890.0,0.4,2530,85000,0.21,0.3,1.0,5553.007
0.27942526,1.0,4.0,2662.557781,0.38,1770,220000,0.2,0.3,1.0,4476.866
0.12273152,4.0,2.0,1890.0,0.4,1470,150000,0.35,0.2,1.0,2888.7456
0.073348634,1.0,2.0,1890.0,0.4,1770,220000,0.2,0.1,1.0,2440.3904
0.4216526,4.0,2.0,2070.0,0.36,2540,75000,0.22,0.1,2.0,6329.005
0.42686373,1.0,4.0,2662.557781,0.38,2540,75000,0.22,0.1,2.0,6613.6978
0.36234996,1.0,2.0,2000.0,0.37,2530,85000,0.21,0.2,1.0,5220.35
0.48488292,1.0,2.0,1890.0,0.4,2530,85000,0.21,0.1,2.0,8562.654
0.14043099,3.0,2.0,2070.0,0.36,2540,75000,0.22,0.1,1.0,3135.386
0.12478866,3.0,4.0,2070.0,0.36,1770,220000,0.2,0.1,2.0,3010.9568
0.4934094,3.0,4.0,2000.0,0.37,2530,85000,0.21,0.2,1.0,9418.722
0.49790782,3.0,4.0,2662.557781,0.38,1770,220000,0.2,0.1,2.0,9680.72
0.3061656,2.0,4.0,1890.0,0.4,1770,220000,0.2,0.1,1.0,4483.692
0.069389306,4.0,1.0,2070.0,0.36,1770,220000,0.2,0.1,1.0,2379.2732
0.1484829,2.0,3.0,1890.0,0.4,2530,85000,0.21,0.3,1.0,3135.386
0.093607344,3.0,2.0,2000.0,0.37,1470,150000,0.35,0.1,2.0,2601.8828
0.29159087,4.0,3.0,1890.0,0.4,2530,85000,0.21,0.1,1.0,4476.866
0.40043384,1.0,3.0,2662.557781,0.38,2530,85000,0.21,0.1,1.0,5609.0503
0.15001577,1.0,3.0,1890.0,0.4,2540,75000,0.22,0.3,1.0,3135.386
0.29570317,2.0,2.0,2070.0,0.36,1770,220000,0.2,0.1,2.0,4476.866
0.44306198,4.0,3.0,2000.0,0.37,2530,85000,0.21,0.3,1.0,6858.521
0.47287884,3.0,2.0,2000.0,0.37,2530,85000,0.21,0.1,1.0,7856.8955
0.11666466,1.0,2.0,1890.0,0.4,1770,220000,0.2,0.3,1.0,2820.8296
0.057973053,4.0,4.0,2662.557781,0.38,2530,85000,0.21,0.1,1.0,2262.5215
0.4144986,2.0,3.0,1890.0,0.4,1470,150000,0.35,0.1,2.0,6216.9814
0.27180943,4.0,2.0,2662.557781,0.38,2530,85000,0.21,0.1,2.0,4075.333
0.29458815,1.0,1.0,2000.0,0.37,2530,85000,0.21,0.1,2.0,4476.866
0.13384606,4.0,3.0,2662.557781,0.38,1770,220000,0.2,0.1,1.0,3010.9568
0.34253505,4.0,2.0,1890.0,0.4,1770,220000,0.2,0.2,1.0,5010.875
0.17716368,4.0,4.0,1890.0,0.4,2540,75000,0.22,0.3,1.0,3593.3618
0.16583385,4.0,2.0,1890.0,0.4,2530,85000,0.21,0.2,1.0,3303.0898
0.28352773,1.0,3.0,2662.557781,0.38,2540,75000,0.22,0.3,1.0,4476.866
0.052446313,2.0,4.0,1890.0,0.4,2530,85000,0.21,0.2,1.0,2172.7227
0.45633647,4.0,2.0,1890.0,0.4,2540,75000,0.22,0.3,1.0,7149.8677
0.11547612,4.0,2.0,2070.0,0.36,1470,150000,0.35,0.1,1.0,2805.4863
0.076498985,3.0,2.0,2070.0,0.36,2530,85000,0.21,0.3,1.0,2543.3892
0.099638805,1.0,2.0,1890.0,0.4,2530,85000,0.21,0.1,1.0,2785.9377
0.39773092,4.0,3.0,1890.0,0.4,1770,220000,0.2,0.2,1.0,5609.0503
0.08083392,1.0,4.0,2070.0,0.36,2540,75000,0.22,0.1,2.0,2568.8853
0.28823507,2.0,2.0,2070.0,0.36,1770,220000,0.2,0.3,1.0,4476.866
0.18060535,3.0,2.0,2000.0,0.37,2530,85000,0.21,0.1,2.0,3593.3618
0.15508473,4.0,1.0,2000.0,0.37,2540,75000,0.22,0.3,1.0,3135.386
0.057006843,2.0,1.0,2000.0,0.37,2540,75000,0.22,0.3,1.0,2237.101
0.07041369,4.0,1.0,2070.0,0.36,2540,75000,0.22,0.1,1.0,2440.3904
0.43318233,1.0,4.0,2070.0,0.36,1470,150000,0.35,0.1,1.0,6712.5728
0.22250256,1.0,3.0,2000.0,0.37,1470,150000,0.35,0.1,1.0,3616.0564
0.08546038,4.0,2.0,1890.0,0.4,1770,220000,0.2,0.1,2.0,2568.8853
0.09780099,1.0,4.0,1890.0,0.4,2530,85000,0.21,0.3,1.0,2785.9377
0.070651695,1.0,4.0,2000.0,0.37,1770,220000,0.2,0.2,1.0,2440.3904
0.19188847,1.0,3.0,2070.0,0.36,1770,220000,0.2,0.1,2.0,3593.3618
0.30003458,3.0,3.0,2070.0,0.36,2530,85000,0.21,0.1,2.0,4476.866
0.15472333,2.0,3.0,2070.0,0.36,1470,150000,0.35,0.1,2.0,3135.386
0.07817696,2.0,2.0,2000.0,0.37,2540,75000,0.22,0.2,1.0,2543.3892
0.39840925,3.0,1.0,2000.0,0.37,2540,75000,0.22,0.2,1.0,5609.0503
0.08803981,4.0,3.0,2000.0,0.37,1770,220000,0.2,0.2,1.0,2601.8828
0.09183254,2.0,1.0,2070.0,0.36,2540,75000,0.22,0.2,1.0,2601.8828
0.12024584,4.0,4.0,1890.0,0.4,2530,85000,0.21,0.3,1.0,2888.7456
0.16112062,2.0,4.0,2070.0,0.36,2530,85000,0.21,0.2,1.0,3142.396
0.4824074,1.0,1.0,2000.0,0.37,1770,220000,0.2,0.3,1.0,8096.161
0.10261554,3.0,4.0,2662.557781,0.38,2540,75000,0.22,0.2,1.0,2785.9377
0.31177464,4.0,1.0,1890.0,0.4,2540,75000,0.22,0.2,1.0,4536.0967
0.29957852,1.0,3.0,2070.0,0.36,2540,75000,0.22,0.1,2.0,4476.866
0.2718083,1.0,2.0,1890.0,0.4,2530,85000,0.21,0.3,1.0,4075.333
0.26491755,1.0,4.0,2000.0,0.37,2530,85000,0.21,0.2,1.0,4075.333
0.06331354,1.0,4.0,1890.0,0.4,2540,75000,0.22,0.3,1.0,2378.1858
0.23993541,3.0,4.0,2070.0,0.36,2540,75000,0.22,0.3,1.0,3972.516
0.2565857,2.0,3.0,2070.0,0.36,1470,150000,0.35,0.1,2.0,4075.333
0.109218314,4.0,1.0,2662.557781,0.38,2540,75000,0.22,0.3,1.0,2785.9377
0.0711469,2.0,1.0,1890.0,0.4,1770,220000,0.2,0.3,1.0,2440.3904
0.4741618,2.0,4.0,1890.0,0.4,1770,220000,0.2,0.3,1.0,7856.8955
0.34161195,3.0,3.0,2662.557781,0.38,1470,150000,0.35,0.1,2.0,5010.875
0.069477215,3.0,4.0,2662.557781,0.38,2540,75000,0.22,0.1,1.0,2379.2732
0.13759585,4.0,4.0,2662.557781,0.38,1770,220000,0.2,0.2,1.0,3010.9568
0.4834949,3.0,1.0,2000.0,0.37,2530,85000,0.21,0.3,1.0,8096.161
0.47338673,2.0,2.0,1890.0,0.4,1770,220000,0.2,0.1,1.0,7856.8955
0.09147337,1.0,3.0,2000.0,0.37,2540,75000,0.22,0.1,2.0,2601.8828
0.14864777,2.0,4.0,2070.0,0.36,2540,75000,0.22,0.2,1.0,3135.386
0.40265107,1.0,1.0,2070.0,0.36,2530,85000,0.21,0.2,1.0,6124.361
0.121038675,3.0,3.0,1890.0,0.4,2540,75000,0.22,0.3,1.0,2888.7456
0.1939788,3.0,2.0,2662.557781,0.38,2540,75000,0.22,0.1,2.0,3593.3618
0.44271547,4.0,3.0,2662.557781,0.38,2540,75000,0.22,0.3,1.0,6858.521
0.24404341,1.0,4.0,2070.0,0.36,2530,85000,0.21,0.1,1.0,3972.516
0.3438403,2.0,2.0,2000.0,0.37,1770,220000,0.2,0.2,1.0,5220.35
0.3426031,4.0,3.0,2070.0,0.36,2530,85000,0.21,0.3,1.0,5010.875
0.40366825,1.0,3.0,2000.0,0.37,1470,150000,0.35,0.3,1.0,6124.361
0.42708644,3.0,4.0,2000.0,0.37,2530,85000,0.21,0.2,1.0,6613.6978
0.23730722,2.0,3.0,2662.557781,0.38,1470,150000,0.35,0.2,1.0,3972.516
0.37678567,2.0,2.0,2070.0,0.36,1470,150000,0.35,0.1,1.0,5501.476
0.42935556,1.0,3.0,2000.0,0.37,2540,75000,0.22,0.1,2.0,6712.5728
0.22584547,2.0,4.0,2000.0,0.37,2530,85000,0.21,0.2,1.0,3616.0564
0.41518077,4.0,2.0,1890.0,0.4,2540,75000,0.22,0.3,1.0,6216.9814
0.18483235,1.0,3.0,2000.0,0.37,1770,220000,0.2,0.1,2.0,3593.3618
0.42430207,3.0,4.0,1890.0,0.4,1470,150000,0.35,0.3,1.0,6329.005
0.21273415,4.0,3.0,2662.557781,0.38,2530,85000,0.21,0.1,1.0,3593.3618
0.09862462,4.0,3.0,1890.0,0.4,1770,220000,0.2,0.2,1.0,2785.9377
0.14812982,3.0,4.0,2000.0,0.37,2540,75000,0.22,0.2,1.0,3135.386
0.39365962,4.0,3.0,2662.557781,0.38,2530,85000,0.21,0.2,1.0,5609.0503
0.34633932,1.0,4.0,2000.0,0.37,1770,220000,0.2,0.3,1.0,5220.35
0.3271866,4.0,3.0,2070.0,0.36,2540,75000,0.22,0.1,2.0,4924.668
0.267256,2.0,2.0,2070.0,0.36,2530,85000,0.21,0.1,2.0,4075.333
0.11856629,3.0,4.0,2070.0,0.36,2540,75000,0.22,0.2,1.0,2820.8296
0.15328634,2.0,2.0,2070.0,0.36,2530,85000,0.21,0.1,1.0,3135.386
0.07225067,2.0,3.0,2070.0,0.36,1770,220000,0.2,0.1,1.0,2440.3904
0.08669748,1.0,4.0,1890.0,0.4,1470,150000,0.35,0.1,2.0,2601.8828
0.3787698,4.0,2.0,2662.557781,0.38,1470,150000,0.35,0.1,2.0,5501.476
0.45714977,2.0,4.0,2662.557781,0.38,2530,85000,0.21,0.2,1.0,7412.979
0.41106117,1.0,2.0,1890.0,0.4,1470,150000,0.35,0.3,1.0,6216.9814
0.40436763,4.0,1.0,1890.0,0.4,2530,85000,0.21,0.2,1.0,6124.361
0.4436107,4.0,2.0,1890.0,0.4,2530,85000,0.21,0.1,1.0,6858.521
0.06833408,4.0,1.0,2070.0,0.36,2540,75000,0.22,0.3,1.0,2379.2732
0.34372613,1.0,3.0,2070.0,0.36,1770,220000,0.2,0.2,1.0,5220.35
0.32697067,4.0,1.0,2662.557781,0.38,1470,150000,0.35,0.3,1.0,4924.668
0.2194789,2.0,1.0,2070.0,0.36,2530,85000,0.21,0.3,1.0,3593.3618
0.29166636,1.0,1.0,2000.0,0.37,2540,75000,0.22,0.3,1.0,4476.866
0.474618,1.0,1.0,1890.0,0.4,1470,150000,0.35,0.1,1.0,7987.981
0.16016732,2.0,4.0,2000.0,0.37,1470,150000,0.35,0.2,1.0,3135.386
0.16426623,3.0,2.0,2662.557781,0.38,2530,85000,0.21,0.3,1.0,3268.7937
0.19777842,4.0,3.0,2070.0,0.36,1770,220000,0.2,0.1,2.0,3593.3618
0.19028917,1.0,2.0,1890.0,0.4,2530,85000,0.21,0.3,1.0,3593.3618
0.2713937,1.0,4.0,1890.0,0.4,1470,150000,0.35,0.1,2.0,4075.333
0.111435905,2.0,1.0,2662.557781,0.38,1770,220000,0.2,0.2,1.0,2785.9377
0.14311129,2.0,2.0,2000.0,0.37,2530,85000,0.21,0.3,1.0,3135.386
0.44199923,2.0,1.0,2000.0,0.37,2530,85000,0.21,0.1,2.0,6858.521
0.23800926,1.0,1.0,2070.0,0.36,1770,220000,0.2,0.2,1.0,3972.516
0.46025005,1.0,3.0,2662.557781,0.38,1770,220000,0.2,0.1,2.0,7412.979
0.07555897,4.0,1.0,2662.557781,0.38,2530,85000,0.21,0.3,1.0,2470.1113
0.23249681,2.0,4.0,2662.557781,0.38,1470,150000,0.35,0.2,1.0,3972.516
0.22666505,4.0,1.0,2000.0,0.37,1770,220000,0.2,0.1,1.0,3972.516
0.2914213,4.0,3.0,2662.557781,0.38,1770,220000,0.2,0.1,1.0,4476.866
0.23949264,3.0,3.0,2000.0,0.37,2530,85000,0.21,0.2,1.0,3972.516
0.17265709,3.0,4.0,2662.557781,0.38,1470,150000,0.35,0.2,1.0,3593.3618
0.33077723,3.0,2.0,2070.0,0.36,2530,85000,0.21,0.1,1.0,5010.875
0.098350674,2.0,2.0,2662.557781,0.38,2530,85000,0.21,0.1,2.0,2785.9377
0.0990132,2.0,2.0,2662.557781,0.38,2540,75000,0.22,0.3,1.0,2785.9377
0.32798845,4.0,4.0,2662.557781,0.38,2530,85000,0.21,0.1,2.0,4927.417
0.4412725,3.0,3.0,1890.0,0.4,2530,85000,0.21,0.3,1.0,6858.521
0.44422898,1.0,1.0,1890.0,0.4,2530,85000,0.21,0.1,1.0,6903.4077
0.3341013,1.0,2.0,1890.0,0.4,1770,220000,0.2,0.3,1.0,5010.875
0.0652992,3.0,1.0,2070.0,0.36,2540,75000,0.22,0.1,2.0,2378.1858
0.23506248,2.0,2.0,2070.0,0.36,2540,75000,0.22,0.1,1.0,3972.516
0.37356007,3.0,2.0,2662.557781,0.38,1470,150000,0.35,0.3,1.0,5501.476
0.32591316,2.0,1.0,2000.0,0.37,2530,85000,0.21,0.1,2.0,4924.668
0.07800722,2.0,4.0,2000.0,0.37,1470,150000,0.35,0.2,1.0,2543.3892
0.07318962,3.0,4.0,2662.557781,0.38,2540,75000,0.22,0.1,2.0,2440.3904
0.12513104,2.0,4.0,1890.0,0.4,2540,75000,0.22,0.1,2.0,3010.9568
0.13389578,1.0,3.0,2070.0,0.36,1770,220000,0.2,0.3,1.0,3010.9568
0.06778002,1.0,4.0,2662.557781,0.38,1770,220000,0.2,0.2,1.0,2379.2732
0.49225447,1.0,2.0,2662.557781,0.38,1770,220000,0.2,0.3,1.0,9418.722
0.3508857,2.0,3.0,2070.0,0.36,2540,75000,0.22,0.2,1.0,5220.35
0.14300922,3.0,1.0,2000.0,0.37,1770,220000,0.2,0.3,1.0,3135.386
0.42910996,2.0,1.0,2000.0,0.37,1770,220000,0.2,0.1,1.0,6712.5728
0.31428382,2.0,4.0,1890.0,0.4,2540,75000,0.22,0.2,1.0,4624.655
0.44702289,3.0,2.0,2070.0,0.36,2540,75000,0.22,0.2,1.0,6903.4077
0.37795657,4.0,4.0,2000.0,0.37,1470,150000,0.35,0.1,1.0,5501.476
0.25457722,4.0,1.0,1890.0,0.4,2530,85000,0.21,0.1,1.0,4049.892
0.28240457,4.0,1.0,2070.0,0.36,2530,85000,0.21,0.1,1.0,4476.866
0.4706762,2.0,2.0,2662.557781,0.38,1470,150000,0.35,0.3,1.0,7473.9014
0.15573,2.0,1.0,2000.0,0.37,2530,85000,0.21,0.2,1.0,3135.386
0.41163087,2.0,1.0,2070.0,0.36,1470,150000,0.35,0.2,1.0,6216.9814
0.093945526,2.0,2.0,1890.0,0.4,2530,85000,0.21,0.3,1.0,2601.8828
0.38153207,4.0,3.0,2662.557781,0.38,1470,150000,0.35,0.1,2.0,5553.007
0.27386013,3.0,1.0,2070.0,0.36,2530,85000,0.21,0.2,1.0,4075.333
0.13313743,2.0,1.0,2070.0,0.36,2540,75000,0.22,0.2,1.0,3010.9568
0.4980291,2.0,4.0,2070.0,0.36,1470,150000,0.35,0.1,1.0,9680.72
0.13762173,1.0,3.0,2662.557781,0.38,2530,85000,0.21,0.1,2.0,3135.386
0.14310081,2.0,1.0,2662.557781,0.38,1770,220000,0.2,0.3,1.0,3135.386
0.42303982,3.0,4.0,2000.0,0.37,2530,85000,0.21,0.1,1.0,6329.005
0.33938894,3.0,3.0,2070.0,0.36,1470,150000,0.35,0.1,2.0,5010.875
0.3582792,2.0,3.0,1890.0,0.4,2530,85000,0.21,0.2,1.0,5220.35
0.08411924,2.0,4.0,2070.0,0.36,2530,85000,0.21,0.1,1.0,2568.8853
0.073445454,3.0,4.0,2000.0,0.37,1470,150000,0.35,0.1,2.0,2440.3904
0.3233983,1.0,2.0,2662.557781,0.38,1770,220000,0.2,0.1,2.0,4924.668
0.054626778,3.0,1.0,2000.0,0.37,2540,75000,0.22,0.1,1.0,2235.9285
0.098390974,1.0,3.0,2000.0,0.37,1470,150000,0.35,0.3,1.0,2785.9377
0.05943484,4.0,2.0,1890.0,0.4,1770,220000,0.2,0.2,1.0,2262.5215
0.22830546,1.0,2.0,2000.0,0.37,2530,85000,0.21,0.2,1.0,3972.516
0.40054664,3.0,4.0,1890.0,0.4,1770,220000,0.2,0.1,1.0,5609.0503
0.13558908,3.0,3.0,2070.0,0.36,1770,220000,0.2,0.1,2.0,3010.9568
0.14521171,2.0,3.0,1890.0,0.4,2530,85000,0.21,0.1,2.0,3135.386
0.44295764,2.0,1.0,1890.0,0.4,1470,150000,0.35,0.1,1.0,6858.521
0.20346531,3.0,1.0,2000.0,0.37,1470,150000,0.35,0.1,2.0,3593.3618
0.08255645,1.0,2.0,2662.557781,0.38,1770,220000,0.2,0.1,1.0,2568.8853
0.40074322,3.0,2.0,1890.0,0.4,1470,150000,0.35,0.1,2.0,5609.0503
0.49706525,3.0,4.0,2662.557781,0.38,2540,75000,0.22,0.1,1.0,9680.72
0.28520083,1.0,1.0,2000.0,0.37,2530,85000,0.21,0.3,1.0,4476.866
0.072428614,4.0,2.0,2000.0,0.37,2530,85000,0.21,0.1,2.0,2440.3904
0.43521142,3.0,3.0,2662.557781,0.38,2540,75000,0.22,0.2,1.0,6712.5728
0.45981905,3.0,4.0,2070.0,0.36,1770,220000,0.2,0.2,1.0,7412.979
0.053972434,3.0,1.0,2662.557781,0.38,2530,85000,0.21,0.2,1.0,2235.9285
0.14390269,1.0,2.0,2070.0,0.36,2540,75000,0.22,0.1,2.0,3135.386
0.4671178,1.0,2.0,1890.0,0.4,1770,220000,0.2,0.2,1.0,7473.9014
0.2228072,1.0,1.0,2662.557781,0.38,1770,220000,0.2,0.3,1.0,3616.0564
0.2468144,2.0,2.0,2662.557781,0.38,1770,220000,0.2,0.1,1.0,3972.516
0.4760968,1.0,1.0,2000.0,0.37,2530,85000,0.21,0.1,1.0,7987.981
0.4301364,1.0,3.0,2070.0,0.36,2540,75000,0.22,0.1,2.0,6712.5728
0.3064228,4.0,1.0,1890.0,0.4,2540,75000,0.22,0.3,1.0,4483.692
0.21296084,4.0,2.0,2000.0,0.37,2540,75000,0.22,0.1,1.0,3593.3618
0.23200473,1.0,1.0,2000.0,0.37,1470,150000,0.35,0.1,2.0,3972.516
0.39381194,4.0,4.0,1890.0,0.4,1470,150000,0.35,0.2,1.0,5609.0503
0.06999767,1.0,1.0,2662.557781,0.38,1770,220000,0.2,0.3,1.0,2440.3904
0.27202478,4.0,3.0,2662.557781,0.38,1470,150000,0.35,0.2,1.0,4075.333
0.36509737,4.0,4.0,2000.0,0.37,1470,150000,0.35,0.1,1.0,5220.35
0.4560673,3.0,3.0,2000.0,0.37,1470,150000,0.35,0.3,1.0,7004.3174
0.10730035,2.0,2.0,2000.0,0.37,1770,220000,0.2,0.2,1.0,2785.9377
0.093280114,3.0,4.0,2000.0,0.37,2530,85000,0.21,0.3,1.0,2601.8828
0.33022124,1.0,3.0,2070.0,0.36,1770,220000,0.2,0.1,2.0,5010.875
0.40263912,4.0,4.0,2662.557781,0.38,2530,85000,0.21,0.2,1.0,5609.0503
0.27726725,3.0,3.0,2662.557781,0.38,2540,75000,0.22,0.1,2.0,4114.24
0.44751203,3.0,4.0,1890.0,0.4,1770,220000,0.2,0.1,1.0,6903.4077
0.20202236,1.0,4.0,1890.0,0.4,2540,75000,0.22,0.3,1.0,3593.3618
0.4819674,1.0,4.0,2070.0,0.36,1770,220000,0.2,0.2,1.0,8096.161
0.44556785,3.0,4.0,1890.0,0.4,2540,75000,0.22,0.2,1.0,6903.4077
0.45307326,3.0,2.0,2000.0,0.37,2530,85000,0.21,0.1,2.0,7004.3174
0.21585612,2.0,1.0,1890.0,0.4,1470,150000,0.35,0.3,1.0,3593.3618
0.2963336,2.0,2.0,2662.557781,0.38,1470,150000,0.35,0.1,2.0,4476.866
0.09474643,2.0,2.0,1890.0,0.4,2530,85000,0.21,0.2,1.0,2601.8828
0.33101478,1.0,4.0,2070.0,0.36,2540,75000,0.22,0.2,1.0,5010.875
0.12799788,3.0,1.0,2662.557781,0.38,1470,150000,0.35,0.2,1.0,3010.9568
0.11515289,4.0,3.0,2070.0,0.36,1770,220000,0.2,0.1,2.0,2785.9377
0.28119197,1.0,3.0,2000.0,0.37,1770,220000,0.2,0.1,2.0,4476.866
0.16743955,3.0,2.0,2000.0,0.37,2540,75000,0.22,0.2,1.0,3428.1687
0.19598095,3.0,2.0,2662.557781,0.38,1770,220000,0.2,0.2,1.0,3593.3618
0.15912311,4.0,1.0,2070.0,0.36,1770,220000,0.2,0.1,2.0,3135.386
0.17622386,4.0,1.0,1890.0,0.4,2530,85000,0.21,0.1,2.0,3593.3618
0.16276585,4.0,1.0,2070.0,0.36,2540,75000,0.22,0.1,1.0,3185.3545
0.29970208,3.0,4.0,1890.0,0.4,1470,150000,0.35,0.2,1.0,4476.866
0.36557716,1.0,3.0,1890.0,0.4,1770,220000,0.2,0.2,1.0,5220.35
0.1938607,1.0,2.0,2662.557781,0.38,2530,85000,0.21,0.3,1.0,3593.3618
0.10457987,3.0,4.0,2662.557781,0.38,1470,150000,0.35,0.1,2.0,2785.9377
0.2524525,4.0,1.0,2070.0,0.36,1770,220000,0.2,0.1,1.0,4049.892
0.37316042,4.0,1.0,1890.0,0.4,1470,150000,0.35,0.1,1.0,5501.476
0.4348336,4.0,4.0,2070.0,0.36,1470,150000,0.35,0.1,2.0,6712.5728
0.24618164,2.0,2.0,2070.0,0.36,1470,150000,0.35,0.3,1.0,3972.516
0.13039204,1.0,4.0,2662.557781,0.38,1470,150000,0.35,0.1,1.0,3010.9568
0.121197514,4.0,1.0,2662.557781,0.38,1470,150000,0.35,0.1,1.0,2888.7456
0.454393,2.0,4.0,2070.0,0.36,2530,85000,0.21,0.1,2.0,7004.3174
0.0903284,4.0,3.0,2662.557781,0.38,1770,220000,0.2,0.2,1.0,2601.8828
0.4199508,1.0,2.0,1890.0,0.4,2530,85000,0.21,0.3,1.0,6329.005
0.11078226,3.0,1.0,2000.0,0.37,2540,75000,0.22,0.2,1.0,2785.9377
0.241066,4.0,1.0,2662.557781,0.38,1770,220000,0.2,0.1,2.0,3972.516
0.25918686,4.0,4.0,2662.557781,0.38,2540,75000,0.22,0.2,1.0,4075.333
0.26458302,2.0,1.0,2000.0,0.37,2540,75000,0.22,0.2,1.0,4075.333
0.2506135,1.0,2.0,1890.0,0.4,2540,75000,0.22,0.1,2.0,4049.892
0.10753799,2.0,1.0,2070.0,0.36,2530,85000,0.21,0.1,1.0,2785.9377
0.42285717,4.0,3.0,2000.0,0.37,1770,220000,0.2,0.1,2.0,6329.005
0.32985535,3.0,3.0,2662.557781,0.38,2540,75000,0.22,0.1,2.0,4927.417
0.13397294,4.0,2.0,2070.0,0.36,2530,85000,0.21,0.1,2.0,3010.9568
0.47592482,3.0,4.0,1890.0,0.4,1770,220000,0.2,0.1,2.0,7987.981
0.13889602,1.0,1.0,2000.0,0.37,1470,150000,0.35,0.1,2.0,3135.386
0.36458567,2.0,4.0,2662.557781,0.38,2540,75000,0.22,0.2,1.0,5220.35
0.36913353,4.0,3.0,1890.0,0.4,1470,150000,0.35,0.3,1.0,5501.476
0.2142766,3.0,1.0,1890.0,0.4,2530,85000,0.21,0.2,1.0,3593.3618
0.11696598,2.0,4.0,2662.557781,0.38,2540,75000,0.22,0.1,1.0,2820.8296
0.19664855,1.0,1.0,2662.557781,0.38,1470,150000,0.35,0.1,2.0,3593.3618
0.22493626,4.0,3.0,2000.0,0.37,2530,85000,0.21,0.1,2.0,3616.0564
0.35927668,3.0,3.0,2070.0,0.36,2540,75000,0.22,0.3,1.0,5220.35
0.32315245,1.0,1.0,2662.557781,0.38,2530,85000,0.21,0.1,1.0,4924.668
0.44263253,4.0,1.0,2000.0,0.37,1770,220000,0.2,0.2,1.0,6858.521
0.3436812,1.0,2.0,2070.0,0.36,1770,220000,0.2,0.3,1.0,5220.35
0.19416173,2.0,3.0,1890.0,0.4,2530,85000,0.21,0.1,2.0,3593.3618
0.09839249,1.0,1.0,2662.557781,0.38,2530,85000,0.21,0.3,1.0,2785.9377
0.47561127,1.0,1.0,2662.557781,0.38,2530,85000,0.21,0.1,1.0,7987.981
0.447139,2.0,2.0,1890.0,0.4,2530,85000,0.21,0.2,1.0,6903.4077
0.33009613,3.0,4.0,2662.557781,0.38,2530,85000,0.21,0.1,2.0,4927.417
0.2604835,4.0,1.0,2070.0,0.36,1770,220000,0.2,0.2,1.0,4075.333
0.43720514,3.0,4.0,2070.0,0.36,2540,75000,0.22,0.3,1.0,6858.521
0.44746915,1.0,2.0,2662.557781,0.38,1470,150000,0.35,0.3,1.0,6903.4077
0.44688377,1.0,3.0,2662.557781,0.38,1470,150000,0.35,0.3,1.0,6903.4077
0.35209525,4.0,2.0,2070.0,0.36,1770,220000,0.2,0.1,2.0,5220.35
0.2888871,1.0,3.0,2662.557781,0.38,2530,85000,0.21,0.2,1.0,4476.866
0.26625243,3.0,3.0,1890.0,0.4,2540,75000,0.22,0.1,2.0,4075.333
0.41969997,2.0,4.0,1890.0,0.4,1470,150000,0.35,0.3,1.0,6329.005
0.14638615,3.0,1.0,2662.557781,0.38,2530,85000,0.21,0.2,1.0,3135.386
0.17711736,1.0,2.0,1890.0,0.4,2540,75000,0.22,0.1,2.0,3593.3618
0.38869146,4.0,4.0,2662.557781,0.38,2530,85000,0.21,0.1,1.0,5609.0503
0.4260005,1.0,2.0,1890.0,0.4,1470,150000,0.35,0.2,1.0,6329.005
0.4079347,3.0,2.0,1890.0,0.4,1770,220000,0.2,0.2,1.0,6216.9814
0.066866286,4.0,1.0,1890.0,0.4,1470,150000,0.35,0.1,1.0,2379.2732
0.20935558,2.0,2.0,2000.0,0.37,2540,75000,0.22,0.3,1.0,3593.3618
0.055580396,4.0,1.0,2000.0,0.37,2540,75000,0.22,0.2,1.0,2235.9285
0.44620594,4.0,4.0,2000.0,0.37,2540,75000,0.22,0.1,2.0,6903.4077
0.34791967,2.0,2.0,2070.0,0.36,1470,150000,0.35,0.3,1.0,5220.35
0.15853737,4.0,2.0,1890.0,0.4,2540,75000,0.22,0.3,1.0,3135.386
0.44216692,2.0,3.0,2000.0,0.37,1770,220000,0.2,0.1,1.0,6858.521
0.3135325,1.0,4.0,2662.557781,0.38,2540,75000,0.22,0.3,1.0,4624.655
0.45799896,1.0,2.0,2662.557781,0.38,2540,75000,0.22,0.1,1.0,7412.979
0.23075049,1.0,4.0,2070.0,0.36,1470,150000,0.35,0.1,1.0,3972.516
0.084501475,2.0,4.0,2662.557781,0.38,1770,220000,0.2,0.2,1.0,2568.8853
0.3743573,3.0,4.0,2000.0,0.37,1770,220000,0.2,0.3,1.0,5501.476
0.49603307,1.0,4.0,2000.0,0.37,2530,85000,0.21,0.2,1.0,9590.157
0.25036746,4.0,2.0,2662.557781,0.38,1470,150000,0.35,0.3,1.0,3972.516
0.44357505,3.0,3.0,2662.557781,0.38,2530,85000,0.21,0.1,2.0,6858.521
0.43546948,4.0,3.0,2662.557781,0.38,2530,85000,0.21,0.2,1.0,6858.521
0.11858831,4.0,1.0,2070.0,0.36,1770,220000,0.2,0.3,1.0,2820.8296
0.39015603,3.0,3.0,2000.0,0.37,1470,150000,0.35,0.1,2.0,5609.0503
0.34918255,3.0,2.0,2000.0,0.37,2530,85000,0.21,0.1,1.0,5220.35
0.2555253,1.0,3.0,2070.0,0.36,2540,75000,0.22,0.1,2.0,4075.333
0.4968667,1.0,4.0,2070.0,0.36,2540,75000,0.22,0.1,1.0,9601.506
0.4153817,1.0,4.0,2070.0,0.36,1470,150000,0.35,0.1,2.0,6216.9814
0.2544153,3.0,4.0,1890.0,0.4,2530,85000,0.21,0.1,2.0,4049.892
0.43091354,3.0,2.0,1890.0,0.4,2530,85000,0.21,0.3,1.0,6712.5728
0.4814082,1.0,4.0,2000.0,0.37,1770,220000,0.2,0.3,1.0,8096.161
0.059556752,2.0,2.0,2000.0,0.37,2530,85000,0.21,0.2,1.0,2262.5215
0.31628317,2.0,2.0,2070.0,0.36,1770,220000,0.2,0.1,2.0,4736.3003
0.06378577,2.0,3.0,2662.557781,0.38,2530,85000,0.21,0.1,1.0,2378.1858
0.42190638,1.0,2.0,1890.0,0.4,2540,75000,0.22,0.3,1.0,6329.005
0.46692392,2.0,4.0,2662.557781,0.38,2540,75000,0.22,0.2,1.0,7412.979
0.09088312,3.0,2.0,2000.0,0.37,1470,150000,0.35,0.2,1.0,2601.8828
0.07654584,2.0,1.0,2000.0,0.37,1770,220000,0.2,0.3,1.0,2543.3892
0.4933736,1.0,4.0,2070.0,0.36,2540,75000,0.22,0.2,1.0,9418.722
0.35873854,4.0,1.0,1890.0,0.4,2530,85000,0.21,0.1,1.0,5220.35
0.4659154,2.0,4.0,2070.0,0.36,2540,75000,0.22,0.2,1.0,7412.979
0.07022982,3.0,2.0,1890.0,0.4,2530,85000,0.21,0.1,2.0,2440.3904
0.35301134,3.0,1.0,2662.557781,0.38,2540,75000,0.22,0.1,2.0,5220.35
0.13295138,4.0,4.0,2070.0,0.36,2540,75000,0.22,0.1,1.0,3010.9568
0.17413358,2.0,2.0,2000.0,0.37,1770,220000,0.2,0.1,1.0,3593.3618
0.14855437,4.0,4.0,1890.0,0.4,2540,75000,0.22,0.1,1.0,3135.386
0.13389252,2.0,3.0,2662.557781,0.38,2530,85000,0.21,0.1,2.0,3010.9568
0.21469283,2.0,3.0,2070.0,0.36,1470,150000,0.35,0.1,2.0,3593.3618
0.056700073,2.0,2.0,2070.0,0.36,2530,85000,0.21,0.1,1.0,2237.101
0.23321253,4.0,4.0,1890.0,0.4,2540,75000,0.22,0.1,1.0,3972.516
0.19880876,2.0,2.0,2070.0,0.36,2530,85000,0.21,0.3,1.0,3593.3618
0.4372426,1.0,4.0,1890.0,0.4,1770,220000,0.2,0.2,1.0,6858.521
0.46955284,2.0,4.0,2000.0,0.37,2530,85000,0.21,0.1,1.0,7473.9014
0.14033905,2.0,4.0,1890.0,0.4,1770,220000,0.2,0.2,1.0,3135.386
0.09632107,3.0,3.0,2070.0,0.36,1770,220000,0.2,0.2,1.0,2601.8828
0.1672569,4.0,4.0,2000.0,0.37,1470,150000,0.35,0.1,1.0,3428.1687
0.43107754,1.0,2.0,2662.557781,0.38,1470,150000,0.35,0.1,2.0,6712.5728
0.43219867,1.0,4.0,1890.0,0.4,2540,75000,0.22,0.2,1.0,6712.5728
0.23061615,1.0,3.0,2000.0,0.37,1770,220000,0.2,0.1,2.0,3972.516
0.21470205,1.0,2.0,2070.0,0.36,2540,75000,0.22,0.1,2.0,3593.3618
0.16355504,4.0,1.0,2662.557781,0.38,2530,85000,0.21,0.2,1.0,3268.7937
0.06665021,4.0,3.0,1890.0,0.4,1470,150000,0.35,0.1,2.0,2378.1858
0.38674614,4.0,3.0,2000.0,0.37,2540,75000,0.22,0.2,1.0,5553.007
0.36780208,2.0,4.0,2000.0,0.37,1470,150000,0.35,0.1,1.0,5220.35
0.48936322,2.0,1.0,1890.0,0.4,1470,150000,0.35,0.2,1.0,9418.722
0.4968234,2.0,3.0,2662.557781,0.38,2530,85000,0.21,0.2,1.0,9601.506
0.40380356,4.0,1.0,2662.557781,0.38,2540,75000,0.22,0.1,2.0,6124.361
0.48787233,1.0,2.0,1890.0,0.4,1770,220000,0.2,0.1,2.0,9418.722
0.058136467,1.0,4.0,1890.0,0.4,2540,75000,0.22,0.2,1.0,2262.5215
0.10636694,3.0,4.0,2070.0,0.36,1770,220000,0.2,0.1,2.0,2785.9377
0.1296006,3.0,3.0,2662.557781,0.38,1470,150000,0.35,0.3,1.0,3010.9568
0.22261877,2.0,4.0,1890.0,0.4,1770,220000,0.2,0.3,1.0,3616.0564
0.4875066,1.0,3.0,2000.0,0.37,2530,85000,0.21,0.2,1.0,9418.722
0.18782197,2.0,2.0,1890.0,0.4,1470,150000,0.35,0.1,2.0,3593.3618
0.30462238,3.0,2.0,1890.0,0.4,2540,75000,0.22,0.3,1.0,4483.692
0.48717877,1.0,2.0,1890.0,0.4,1770,220000,0.2,0.1,2.0,9418.722
0.08265716,2.0,1.0,2662.557781,0.38,1770,220000,0.2,0.3,1.0,2568.8853
0.114443064,3.0,1.0,2070.0,0.36,1470,150000,0.35,0.1,2.0,2785.9377
0.27189794,3.0,3.0,2070.0,0.36,1470,150000,0.35,0.1,2.0,4075.333
0.44920292,1.0,1.0,2070.0,0.36,2540,75000,0.22,0.3,1.0,7004.3174
0.486287,4.0,1.0,2000.0,0.37,1470,150000,0.35,0.3,1.0,8562.654
0.4732913,4.0,4.0,2070.0,0.36,1770,220000,0.2,0.2,1.0,7856.8955
0.4388893,1.0,3.0,2070.0,0.36,1770,220000,0.2,0.3,1.0,6858.521
0.36121765,4.0,4.0,2000.0,0.37,1470,150000,0.35,0.2,1.0,5220.35
0.38950443,4.0,1.0,2662.557781,0.38,1770,220000,0.2,0.2,1.0,5609.0503
0.43010405,1.0,3.0,1890.0,0.4,1470,150000,0.35,0.1,2.0,6712.5728
0.31431526,2.0,4.0,2662.557781,0.38,2530,85000,0.21,0.3,1.0,4624.655
0.13483515,4.0,1.0,2000.0,0.37,2540,75000,0.22,0.2,1.0,3010.9568
0.093075074,4.0,1.0,2662.557781,0.38,1770,220000,0.2,0.2,1.0,2601.8828
0.12741773,3.0,4.0,2070.0,0.36,1770,220000,0.2,0.1,2.0,3010.9568
0.21493661,2.0,4.0,1890.0,0.4,1470,150000,0.35,0.1,1.0,3593.3618
0.32118297,1.0,2.0,2000.0,0.37,2530,85000,0.21,0.2,1.0,4736.3003
0.40568522,2.0,4.0,2000.0,0.37,1470,150000,0.35,0.3,1.0,6216.9814
0.21881272,4.0,3.0,2000.0,0.37,2540,75000,0.22,0.3,1.0,3593.3618
0.19610868,1.0,2.0,2662.557781,0.38,1770,220000,0.2,0.1,2.0,3593.3618
0.08696264,1.0,1.0,1890.0,0.4,1470,150000,0.35,0.3,1.0,2601.8828
0.4880737,1.0,3.0,2070.0,0.36,2530,85000,0.21,0.3,1.0,9418.722
0.14346498,2.0,3.0,2070.0,0.36,2540,75000,0.22,0.1,1.0,3135.386
0.4267347,2.0,1.0,2662.557781,0.38,1470,150000,0.35,0.3,1.0,6613.6978
0.41705,3.0,2.0,2000.0,0.37,2540,75000,0.22,0.1,1.0,6216.9814
0.30323035,1.0,4.0,1890.0,0.4,2530,85000,0.21,0.1,1.0,4483.692
0.06154469,2.0,3.0,2070.0,0.36,2540,75000,0.22,0.2,1.0,2374.8777
0.33945438,4.0,4.0,2070.0,0.36,1770,220000,0.2,0.1,1.0,5010.875
0.2712907,2.0,2.0,2000.0,0.37,1770,220000,0.2,0.1,1.0,4075.333
0.3722924,1.0,2.0,2662.557781,0.38,2540,75000,0.22,0.2,1.0,5501.476
0.11023095,4.0,1.0,2000.0,0.37,1470,150000,0.35,0.2,1.0,2785.9377
0.31062514,4.0,1.0,2070.0,0.36,1470,150000,0.35,0.2,1.0,4483.692
0.06992372,4.0,2.0,2070.0,0.36,2540,75000,0.22,0.2,1.0,2440.3904
0.117204934,1.0,4.0,1890.0,0.4,2530,85000,0.21,0.2,1.0,2820.8296
0.26682463,2.0,3.0,1890.0,0.4,1770,220000,0.2,0.3,1.0,4075.333
0.25505495,1.0,3.0,2070.0,0.36,2530,85000,0.21,0.1,1.0,4075.333
0.44736978,3.0,2.0,2662.557781,0.38,2530,85000,0.21,0.1,1.0,6903.4077
0.07286242,1.0,1.0,2662.557781,0.38,1470,150000,0.35,0.3,1.0,2440.3904
0.113521725,3.0,1.0,2662.557781,0.38,1770,220000,0.2,0.1,1.0,2785.9377
0.058512922,3.0,3.0,2070.0,0.36,2540,75000,0.22,0.1,1.0,2262.5215
0.400615,1.0,2.0,2662.557781,0.38,1770,220000,0.2,0.2,1.0,5609.0503
0.49761164,1.0,1.0,2070.0,0.36,1770,220000,0.2,0.2,1.0,9680.72
0.4118218,2.0,3.0,1890.0,0.4,2540,75000,0.22,0.1,2.0,6216.9814
0.19398065,3.0,2.0,1890.0,0.4,1770,220000,0.2,0.1,2.0,3593.3618
0.16399248,2.0,1.0,2662.557781,0.38,1470,150000,0.35,0.3,1.0,3268.7937
0.31209046,3.0,2.0,2662.557781,0.38,2530,85000,0.21,0.3,1.0,4536.0967
0.47890657,4.0,3.0,1890.0,0.4,2540,75000,0.22,0.1,2.0,7987.981
0.4385344,2.0,2.0,2662.557781,0.38,1770,220000,0.2,0.1,2.0,6858.521
0.20870334,4.0,4.0,2662.557781,0.38,1770,220000,0.2,0.1,2.0,3593.3618
0.35649934,4.0,1.0,2662.557781,0.38,2540,75000,0.22,0.3,1.0,5220.35
0.3997869,4.0,1.0,2000.0,0.37,1770,220000,0.2,0.2,1.0,5609.0503
0.36487785,4.0,1.0,2070.0,0.36,2540,75000,0.22,0.1,2.0,5220.35
0.05891994,4.0,1.0,2000.0,0.37,1770,220000,0.2,0.2,1.0,2262.5215
0.35005292,1.0,4.0,1890.0,0.4,2540,75000,0.22,0.1,1.0,5220.35
0.19726133,3.0,3.0,2662.557781,0.38,1770,220000,0.2,0.2,1.0,3593.3618
0.29643378,3.0,4.0,2000.0,0.37,1770,220000,0.2,0.3,1.0,4476.866
0.40913957,4.0,2.0,2000.0,0.37,1470,150000,0.35,0.3,1.0,6216.9814
0.24966338,3.0,3.0,2000.0,0.37,1770,220000,0.2,0.1,2.0,3972.516
0.43698758,1.0,2.0,1890.0,0.4,2530,85000,0.21,0.1,2.0,6858.521
0.110102355,3.0,3.0,2662.557781,0.38,1470,150000,0.35,0.1,2.0,2785.9377
0.43524846,3.0,3.0,2662.557781,0.38,1770,220000,0.2,0.1,2.0,6858.521
0.115234025,4.0,4.0,1890.0,0.4,2530,85000,0.21,0.1,2.0,2805.4863
0.12995844,2.0,4.0,2000.0,0.37,1470,150000,0.35,0.3,1.0,3010.9568
0.050854966,2.0,1.0,2000.0,0.37,2530,85000,0.21,0.1,1.0,2134.5132
0.48932824,4.0,4.0,1890.0,0.4,1770,220000,0.2,0.2,1.0,9418.722
0.09656842,4.0,4.0,2000.0,0.37,1770,220000,0.2,0.1,1.0,2601.8828
0.38422418,3.0,3.0,2000.0,0.37,1470,150000,0.35,0.2,1.0,5553.007
0.4409486,2.0,4.0,2000.0,0.37,2530,85000,0.21,0.1,2.0,6858.521
0.05443395,3.0,4.0,2070.0,0.36,1770,220000,0.2,0.1,1.0,2235.9285
0.47907394,3.0,3.0,1890.0,0.4,2540,75000,0.22,0.1,2.0,8096.161
0.1586802,2.0,2.0,2000.0,0.37,2530,85000,0.21,0.1,1.0,3135.386
0.41810438,1.0,3.0,1890.0,0.4,1770,220000,0.2,0.1,2.0,6216.9814
0.43372315,3.0,2.0,2662.557781,0.38,2540,75000,0.22,0.3,1.0,6712.5728
0.18937641,4.0,1.0,2000.0,0.37,2540,75000,0.22,0.3,1.0,3593.3618
0.08361785,3.0,1.0,2070.0,0.36,2540,75000,0.22,0.1,2.0,2568.8853
0.15742071,4.0,1.0,2070.0,0.36,1470,150000,0.35,0.2,1.0,3135.386
0.3484241,3.0,1.0,1890.0,0.4,2540,75000,0.22,0.2,1.0,5220.35
0.32549536,3.0,4.0,2070.0,0.36,1470,150000,0.35,0.1,1.0,4924.668
0.09799797,2.0,4.0,2070.0,0.36,2530,85000,0.21,0.1,1.0,2785.9377
0.06841071,2.0,3.0,1890.0,0.4,1470,150000,0.35,0.3,1.0,2379.2732
0.38941374,4.0,3.0,1890.0,0.4,1470,150000,0.35,0.1,2.0,5609.0503
0.27988556,1.0,3.0,2070.0,0.36,1470,150000,0.35,0.2,1.0,4476.866
0.146628,3.0,3.0,2000.0,0.37,1470,150000,0.35,0.2,1.0,3135.386
0.36886826,1.0,1.0,2000.0,0.37,1770,220000,0.2,0.3,1.0,5501.476
0.28176567,4.0,4.0,2662.557781,0.38,2530,85000,0.21,0.2,1.0,4476.866
0.42609754,4.0,1.0,2662.557781,0.38,2530,85000,0.21,0.1,1.0,6329.005
0.24684277,4.0,2.0,2000.0,0.37,1470,150000,0.35,0.1,1.0,3972.516
0.25494617,2.0,4.0,2070.0,0.36,2530,85000,0.21,0.2,1.0,4049.892
0.48183823,3.0,1.0,2070.0,0.36,1770,220000,0.2,0.1,1.0,8096.161
0.44747692,3.0,3.0,2000.0,0.37,2530,85000,0.21,0.1,1.0,6903.4077
0.062413063,1.0,2.0,2000.0,0.37,1470,150000,0.35,0.1,2.0,2378.1858
0.27299887,2.0,1.0,2662.557781,0.38,1470,150000,0.35,0.2,1.0,4075.333
0.41566694,3.0,2.0,1890.0,0.4,1770,220000,0.2,0.1,2.0,6216.9814
0.18567741,1.0,3.0,2662.557781,0.38,1770,220000,0.2,0.1,1.0,3593.3618
0.17609787,1.0,1.0,2662.557781,0.38,2540,75000,0.22,0.3,1.0,3593.3618
0.4411308,4.0,4.0,2070.0,0.36,1470,150000,0.35,0.1,1.0,6858.521
0.27533597,1.0,4.0,2000.0,0.37,1770,220000,0.2,0.2,1.0,4114.24
0.40356725,1.0,4.0,2000.0,0.37,2530,85000,0.21,0.2,1.0,6124.361
0.25284457,3.0,1.0,1890.0,0.4,2540,75000,0.22,0.3,1.0,4049.892
0.16379672,2.0,3.0,2662.557781,0.38,2530,85000,0.21,0.1,2.0,3268.7937
0.083060235,1.0,2.0,2070.0,0.36,2530,85000,0.21,0.2,1.0,2568.8853
0.09313371,3.0,3.0,2070.0,0.36,2530,85000,0.21,0.2,1.0,2601.8828
0.43601835,1.0,1.0,2070.0,0.36,2540,75000,0.22,0.3,1.0,6858.521
0.3911097,4.0,3.0,2662.557781,0.38,1770,220000,0.2,0.2,1.0,5609.0503
0.20664057,1.0,3.0,2070.0,0.36,1470,150000,0.35,0.2,1.0,3593.3618
0.49273577,3.0,1.0,2070.0,0.36,2540,75000,0.22,0.2,1.0,9418.722
0.48014978,3.0,4.0,2000.0,0.37,2540,75000,0.22,0.1,2.0,8096.161
0.28729698,4.0,2.0,1890.0,0.4,1770,220000,0.2,0.1,2.0,4476.866
0.22626272,1.0,4.0,2000.0,0.37,1470,150000,0.35,0.2,1.0,3972.516
0.05537838,3.0,3.0,1890.0,0.4,2540,75000,0.22,0.1,1.0,2235.9285
0.30629203,1.0,4.0,2070.0,0.36,1770,220000,0.2,0.1,1.0,4483.692
0.43751532,4.0,3.0,2070.0,0.36,2540,75000,0.22,0.1,1.0,6858.521
0.20391515,1.0,4.0,2662.557781,0.38,1470,150000,0.35,0.3,1.0,3593.3618
0.13510086,3.0,3.0,2662.557781,0.38,2540,75000,0.22,0.3,1.0,3010.9568
0.07025066,3.0,2.0,2662.557781,0.38,2530,85000,0.21,0.3,1.0,2440.3904
0.25457078,4.0,1.0,1890.0,0.4,2540,75000,0.22,0.1,2.0,4049.892
0.3989257,1.0,4.0,2000.0,0.37,1770,220000,0.2,0.1,1.0,5609.0503
0.29615703,4.0,2.0,2662.557781,0.38,1770,220000,0.2,0.1,2.0,4476.866
0.33664832,2.0,3.0,2662.557781,0.38,1470,150000,0.35,0.2,1.0,5010.875
0.26276192,4.0,2.0,2000.0,0.37,2540,75000,0.22,0.1,2.0,4075.333
0.4824833,4.0,2.0,2000.0,0.37,1470,150000,0.35,0.2,1.0,8096.161
0.14776736,4.0,1.0,2000.0,0.37,1470,150000,0.35,0.2,1.0,3135.386
0.091168225,4.0,2.0,2000.0,0.37,1470,150000,0.35,0.1,1.0,2601.8828
0.107915066,1.0,1.0,1890.0,0.4,2540,75000,0.22,0.1,1.0,2785.9377
0.17041776,1.0,1.0,2070.0,0.36,1770,220000,0.2,0.1,1.0,3593.3618
0.12864538,1.0,1.0,2070.0,0.36,2530,85000,0.21,0.2,1.0,3010.9568
0.4471789,2.0,1.0,2662.557781,0.38,2530,85000,0.21,0.3,1.0,6903.4077
0.4045309,4.0,1.0,2000.0,0.37,1770,220000,0.2,0.1,2.0,6124.361
0.053270645,3.0,3.0,2000.0,0.37,1770,220000,0.2,0.3,1.0,2212.4604
0.18751465,3.0,4.0,1890.0,0.4,2530,85000,0.21,0.2,1.0,3593.3618
0.08429477,4.0,1.0,2662.557781,0.38,1470,150000,0.35,0.3,1.0,2568.8853
0.20627332,3.0,2.0,2070.0,0.36,2530,85000,0.21,0.2,1.0,3593.3618
0.38742685,2.0,4.0,1890.0,0.4,1470,150000,0.35,0.1,2.0,5609.0503
0.26088867,4.0,2.0,2070.0,0.36,2540,75000,0.22,0.3,1.0,4075.333
0.05642117,4.0,3.0,1890.0,0.4,1770,220000,0.2,0.2,1.0,2237.101
0.28903976,3.0,1.0,2000.0,0.37,1770,220000,0.2,0.1,2.0,4476.866
0.051146895,2.0,3.0,2070.0,0.36,1470,150000,0.35,0.2,1.0,2136.0137
0.10432475,2.0,1.0,2662.557781,0.38,2530,85000,0.21,0.1,2.0,2785.9377
0.49277237,2.0,1.0,2070.0,0.36,2530,85000,0.21,0.3,1.0,9418.722
0.13423586,1.0,4.0,2070.0,0.36,1770,220000,0.2,0.2,1.0,3010.9568
0.32028818,2.0,1.0,2070.0,0.36,2540,75000,0.22,0.1,1.0,4736.3003
0.23277418,3.0,1.0,2070.0,0.36,2540,75000,0.22,0.1,2.0,3972.516
0.45463526,4.0,3.0,2662.557781,0.38,1470,150000,0.35,0.3,1.0,7004.3174
0.093567915,2.0,3.0,2662.557781,0.38,2540,75000,0.22,0.1,2.0,2601.8828
0.467163,4.0,4.0,2070.0,0.36,2540,75000,0.22,0.1,1.0,7473.9014
0.3709667,2.0,4.0,2662.557781,0.38,2540,75000,0.22,0.1,1.0,5501.476
0.3643515,3.0,3.0,2000.0,0.37,2530,85000,0.21,0.1,1.0,5220.35
0.23795226,2.0,3.0,2000.0,0.37,2540,75000,0.22,0.3,1.0,3972.516
0.27853078,4.0,1.0,1890.0,0.4,2530,85000,0.21,0.2,1.0,4114.24
0.46627995,3.0,4.0,2662.557781,0.38,2540,75000,0.22,0.1,1.0,7412.979
0.47510883,1.0,3.0,1890.0,0.4,2530,85000,0.21,0.2,1.0,7987.981
0.23688588,2.0,4.0,2662.557781,0.38,1770,220000,0.2,0.2,1.0,3972.516
0.06158841,4.0,3.0,2000.0,0.37,2540,75000,0.22,0.3,1.0,2374.8777
0.10717853,1.0,4.0,2070.0,0.36,1770,220000,0.2,0.2,1.0,2785.9377
0.19992429,4.0,3.0,1890.0,0.4,2540,75000,0.22,0.3,1.0,3593.3618
0.42996174,4.0,3.0,1890.0,0.4,1470,150000,0.35,0.2,1.0,6712.5728
0.44403434,4.0,3.0,2000.0,0.37,1470,150000,0.35,0.2,1.0,6858.521
0.08970274,4.0,1.0,2070.0,0.36,2530,85000,0.21,0.2,1.0,2601.8828
0.10270576,3.0,2.0,1890.0,0.4,2540,75000,0.22,0.2,1.0,2785.9377
0.09638542,4.0,1.0,2000.0,0.37,2530,85000,0.21,0.3,1.0,2601.8828
0.05659598,1.0,3.0,2070.0,0.36,2540,75000,0.22,0.1,2.0,2237.101
0.09898153,2.0,1.0,2662.557781,0.38,2530,85000,0.21,0.3,1.0,2785.9377
0.23213749,1.0,2.0,2000.0,0.37,2530,85000,0.21,0.3,1.0,3972.516
0.33581468,3.0,4.0,2000.0,0.37,1470,150000,0.35,0.3,1.0,5010.875
0.06749914,2.0,1.0,2662.557781,0.38,2540,75000,0.22,0.1,1.0,2379.2732
0.27318943,1.0,1.0,2662.557781,0.38,2530,85000,0.21,0.3,1.0,4075.333
0.06424438,1.0,4.0,2070.0,0.36,2540,75000,0.22,0.3,1.0,2378.1858
0.20929278,3.0,4.0,2662.557781,0.38,2540,75000,0.22,0.3,1.0,3593.3618
0.4963744,3.0,4.0,2662.557781,0.38,2540,75000,0.22,0.1,1.0,9601.506
0.3591943,4.0,1.0,2000.0,0.37,2540,75000,0.22,0.3,1.0,5220.35
0.46124107,1.0,3.0,2000.0,0.37,1470,150000,0.35,0.1,1.0,7412.979
0.32515782,1.0,4.0,2000.0,0.37,2540,75000,0.22,0.3,1.0,4924.668
0.06833563,1.0,4.0,2000.0,0.37,2540,75000,0.22,0.2,1.0,2379.2732
0.4158204,4.0,4.0,2662.557781,0.38,1770,220000,0.2,0.2,1.0,6216.9814
0.34297594,1.0,4.0,2000.0,0.37,1470,150000,0.35,0.2,1.0,5010.875
0.22531861,3.0,2.0,2070.0,0.36,1770,220000,0.2,0.2,1.0,3616.0564
0.30878112,1.0,3.0,1890.0,0.4,2540,75000,0.22,0.2,1.0,4483.692
0.46418354,2.0,4.0,2662.557781,0.38,1470,150000,0.35,0.2,1.0,7412.979
0.09126238,2.0,3.0,2662.557781,0.38,1770,220000,0.2,0.2,1.0,2601.8828
0.42229453,3.0,2.0,1890.0,0.4,1470,150000,0.35,0.2,1.0,6329.005
0.16529445,1.0,2.0,2070.0,0.36,2540,75000,0.22,0.2,1.0,3303.0898
0.066501364,2.0,1.0,2070.0,0.36,1770,220000,0.2,0.1,1.0,2378.1858
0.06536441,2.0,3.0,1890.0,0.4,1770,220000,0.2,0.1,1.0,2378.1858
0.45716277,1.0,1.0,2070.0,0.36,2530,85000,0.21,0.3,1.0,7412.979
0.4883462,2.0,4.0,2070.0,0.36,1470,150000,0.35,0.1,2.0,9418.722
0.36527452,3.0,4.0,2662.557781,0.38,2530,85000,0.21,0.3,1.0,5220.35
0.40534514,2.0,4.0,1890.0,0.4,1770,220000,0.2,0.1,1.0,6124.361
0.056952696,3.0,2.0,2070.0,0.36,2540,75000,0.22,0.1,1.0,2237.101
0.09222136,3.0,2.0,2662.557781,0.38,2530,85000,0.21,0.3,1.0,2601.8828
0.4594214,1.0,4.0,2662.557781,0.38,1770,220000,0.2,0.2,1.0,7412.979
0.34356868,3.0,3.0,2662.557781,0.38,1770,220000,0.2,0.1,1.0,5010.875
0.31866786,4.0,1.0,2662.557781,0.38,2540,75000,0.22,0.2,1.0,4736.3003
0.4723371,4.0,2.0,2070.0,0.36,1770,220000,0.2,0.2,1.0,7856.8955
0.28300875,1.0,1.0,2662.557781,0.38,1770,220000,0.2,0.1,2.0,4476.866
0.35722753,2.0,4.0,2662.557781,0.38,1770,220000,0.2,0.3,1.0,5220.35
0.41067863,3.0,3.0,2070.0,0.36,2540,75000,0.22,0.1,2.0,6216.9814
0.45472202,4.0,2.0,2070.0,0.36,1770,220000,0.2,0.1,2.0,7004.3174
0.41255242,3.0,4.0,1890.0,0.4,1470,150000,0.35,0.2,1.0,6216.9814
0.13300763,3.0,4.0,2662.557781,0.38,2530,85000,0.21,0.1,2.0,3010.9568
0.47684616,1.0,4.0,2070.0,0.36,2540,75000,0.22,0.2,1.0,7987.981
0.30254942,3.0,1.0,2662.557781,0.38,2530,85000,0.21,0.3,1.0,4483.692
0.27495608,3.0,1.0,2662.557781,0.38,2530,85000,0.21,0.3,1.0,4114.24
0.27674872,3.0,2.0,1890.0,0.4,2530,85000,0.21,0.3,1.0,4114.24
0.46282625,1.0,3.0,2662.557781,0.38,2540,75000,0.22,0.1,2.0,7412.979
0.15156832,1.0,4.0,2000.0,0.37,2540,75000,0.22,0.1,2.0,3135.386
0.48475856,4.0,1.0,2070.0,0.36,2530,85000,0.21,0.1,1.0,8096.161
0.4888404,3.0,4.0,2662.557781,0.38,2530,85000,0.21,0.1,1.0,9418.722
0.30506057,2.0,2.0,2000.0,0.37,2540,75000,0.22,0.3,1.0,4483.692
0.23092268,1.0,1.0,2000.0,0.37,2530,85000,0.21,0.3,1.0,3972.516
0.30887717,4.0,4.0,2662.557781,0.38,2540,75000,0.22,0.2,1.0,4483.692
0.054076444,1.0,1.0,2000.0,0.37,2540,75000,0.22,0.3,1.0,2235.9285
0.1877693,3.0,4.0,2070.0,0.36,1470,150000,0.35,0.2,1.0,3593.3618
0.46256855,4.0,1.0,2070.0,0.36,1470,150000,0.35,0.1,1.0,7412.979
0.16096652,1.0,2.0,1890.0,0.4,2530,85000,0.21,0.1,2.0,3142.396
0.3828278,1.0,4.0,2000.0,0.37,1470,150000,0.35,0.2,1.0,5553.007
0.359814,3.0,1.0,2000.0,0.37,2530,85000,0.21,0.2,1.0,5220.35
0.39971268,2.0,3.0,2000.0,0.37,1470,150000,0.35,0.2,1.0,5609.0503
0.3265785,2.0,3.0,1890.0,0.4,1770,220000,0.2,0.3,1.0,4924.668
0.44026184,4.0,3.0,2662.557781,0.38,1770,220000,0.2,0.1,2.0,6858.521
0.3267634,1.0,2.0,2070.0,0.36,1470,150000,0.35,0.1,1.0,4924.668
0.27927592,1.0,1.0,2662.557781,0.38,1470,150000,0.35,0.1,1.0,4213.201
0.45956194,3.0,1.0,2070.0,0.36,2540,75000,0.22,0.2,1.0,7412.979
0.18983681,2.0,4.0,2000.0,0.37,2540,75000,0.22,0.1,2.0,3593.3618
0.056079157,3.0,1.0,2662.557781,0.38,1770,220000,0.2,0.2,1.0,2237.101
0.14014241,3.0,3.0,2070.0,0.36,1770,220000,0.2,0.3,1.0,3135.386
0.24008736,3.0,3.0,2070.0,0.36,1470,150000,0.35,0.1,2.0,3972.516
0.2556602,3.0,3.0,2070.0,0.36,1470,150000,0.35,0.1,2.0,4075.333
0.30943584,3.0,3.0,2000.0,0.37,2530,85000,0.21,0.1,2.0,4483.692
0.14795595,2.0,3.0,2000.0,0.37,2540,75000,0.22,0.1,2.0,3135.386
0.23205595,1.0,2.0,2000.0,0.37,2540,75000,0.22,0.1,2.0,3972.516
0.05642354,3.0,3.0,1890.0,0.4,1770,220000,0.2,0.2,1.0,2237.101
0.24230105,2.0,1.0,2070.0,0.36,1770,220000,0.2,0.3,1.0,3972.516
0.32900324,3.0,2.0,1890.0,0.4,1770,220000,0.2,0.3,1.0,4927.417
0.44300455,2.0,3.0,2662.557781,0.38,2530,85000,0.21,0.3,1.0,6858.521
0.48419198,2.0,3.0,1890.0,0.4,2530,85000,0.21,0.2,1.0,8096.161
0.42058674,3.0,2.0,2662.557781,0.38,1470,150000,0.35,0.3,1.0,6329.005
0.0777022,4.0,3.0,2662.557781,0.38,1770,220000,0.2,0.1,1.0,2543.3892
0.3658138,3.0,4.0,2662.557781,0.38,2540,75000,0.22,0.1,1.0,5220.35
0.17927839,2.0,2.0,2000.0,0.37,2530,85000,0.21,0.1,1.0,3593.3618
0.11924973,1.0,1.0,2070.0,0.36,1470,150000,0.35,0.3,1.0,2888.7456
0.0764342,3.0,3.0,2070.0,0.36,2530,85000,0.21,0.1,1.0,2543.3892
0.05269139,4.0,4.0,1890.0,0.4,2540,75000,0.22,0.2,1.0,2172.7473
0.3079176,3.0,1.0,2662.557781,0.38,1470,150000,0.35,0.2,1.0,4483.692
0.45760828,2.0,3.0,1890.0,0.4,2540,75000,0.22,0.1,2.0,7412.979
0.3971998,4.0,3.0,2662.557781,0.38,2540,75000,0.22,0.2,1.0,5609.0503
0.45850205,2.0,2.0,2070.0,0.36,2540,75000,0.22,0.3,1.0,7412.979
0.090364955,1.0,1.0,2000.0,0.37,1470,150000,0.35,0.1,1.0,2601.8828
0.12518647,3.0,2.0,2662.557781,0.38,2540,75000,0.22,0.2,1.0,3010.9568
0.4163985,4.0,1.0,2662.557781,0.38,1470,150000,0.35,0.3,1.0,6216.9814
0.4825523,2.0,2.0,2662.557781,0.38,1770,220000,0.2,0.2,1.0,8096.161
0.40771338,1.0,2.0,2000.0,0.37,2530,85000,0.21,0.1,1.0,6216.9814
0.13539359,4.0,1.0,2662.557781,0.38,2530,85000,0.21,0.1,2.0,3010.9568
0.16212516,2.0,1.0,2070.0,0.36,2540,75000,0.22,0.3,1.0,3185.3545
0.07818987,3.0,4.0,1890.0,0.4,2540,75000,0.22,0.1,1.0,2543.3892
0.07063872,2.0,2.0,2070.0,0.36,2540,75000,0.22,0.2,1.0,2440.3904
0.16636224,2.0,4.0,2000.0,0.37,1770,220000,0.2,0.2,1.0,3303.0898
0.15236603,1.0,4.0,2000.0,0.37,2530,85000,0.21,0.3,1.0,3135.386
0.4663201,1.0,1.0,2000.0,0.37,2530,85000,0.21,0.3,1.0,7412.979
0.13250443,3.0,3.0,2662.557781,0.38,1470,150000,0.35,0.2,1.0,3010.9568
0.19138816,2.0,3.0,2662.557781,0.38,1770,220000,0.2,0.3,1.0,3593.3618
0.07699023,3.0,1.0,1890.0,0.4,2540,75000,0.22,0.1,2.0,2543.3892
0.0746613,1.0,2.0,2662.557781,0.38,1770,220000,0.2,0.1,2.0,2440.3904
0.35237578,1.0,3.0,2070.0,0.36,2530,85000,0.21,0.3,1.0,5220.35
0.2982017,2.0,4.0,2662.557781,0.38,2540,75000,0.22,0.1,1.0,4476.866
0.24870643,2.0,4.0,2070.0,0.36,2540,75000,0.22,0.3,1.0,3972.516
0.3776327,4.0,1.0,1890.0,0.4,2530,85000,0.21,0.2,1.0,5501.476
0.08601292,1.0,1.0,1890.0,0.4,2540,75000,0.22,0.3,1.0,2582.9492
0.07431912,3.0,3.0,2070.0,0.36,1770,220000,0.2,0.1,2.0,2440.3904
0.48362967,1.0,1.0,1890.0,0.4,1470,150000,0.35,0.2,1.0,8096.161
0.36556494,3.0,2.0,2000.0,0.37,1770,220000,0.2,0.1,2.0,5220.35
0.05086107,4.0,4.0,1890.0,0.4,1470,150000,0.35,0.2,1.0,2134.5132
0.24003017,1.0,1.0,2070.0,0.36,1770,220000,0.2,0.3,1.0,3972.516
0.08581993,2.0,2.0,2662.557781,0.38,2530,85000,0.21,0.2,1.0,2568.8853
0.3121461,2.0,3.0,1890.0,0.4,2540,75000,0.22,0.1,2.0,4536.0967
0.3897194,1.0,2.0,2662.557781,0.38,2540,75000,0.22,0.3,1.0,5609.0503
0.12961155,3.0,4.0,2662.557781,0.38,1770,220000,0.2,0.1,1.0,3010.9568
0.41458803,3.0,1.0,2000.0,0.37,2540,75000,0.22,0.3,1.0,6216.9814
0.4298577,3.0,3.0,2662.557781,0.38,2530,85000,0.21,0.3,1.0,6712.5728
0.2755048,3.0,2.0,2662.557781,0.38,1770,220000,0.2,0.2,2.0,4114.24
0.38587412,3.0,3.0,2000.0,0.37,2540,75000,0.22,0.2,1.0,5553.007
0.21256736,4.0,4.0,2000.0,0.37,1470,150000,0.35,0.2,1.0,3593.3618
0.07787008,4.0,2.0,2662.557781,0.38,1470,150000,0.35,0.3,1.0,2543.3892
0.07087242,2.0,2.0,2070.0,0.36,2540,75000,0.22,0.2,1.0,2440.3904
0.20208518,3.0,4.0,2662.557781,0.38,2530,85000,0.21,0.2,1.0,3593.3618
0.07997204,4.0,4.0,2662.557781,0.38,2530,85000,0.21,0.3,1.0,2568.8853
0.07590743,1.0,4.0,1890.0,0.4,1470,150000,0.35,0.3,1.0,2543.3892
0.4123246,4.0,4.0,2070.0,0.36,2540,75000,0.22,0.1,1.0,6216.9814
0.49293017,1.0,4.0,2662.557781,0.38,1770,220000,0.2,0.2,1.0,9418.722
0.058704097,4.0,1.0,2000.0,0.37,1770,220000,0.2,0.1,2.0,2262.5215
0.36118942,4.0,2.0,2662.557781,0.38,1470,150000,0.35,0.3,1.0,5220.35
0.26699406,3.0,3.0,1890.0,0.4,1770,220000,0.2,0.1,2.0,4075.333
0.45803592,1.0,3.0,2000.0,0.37,1470,150000,0.35,0.3,1.0,7412.979
0.07892223,1.0,4.0,2000.0,0.37,1470,150000,0.35,0.3,1.0,2543.3892
0.10729601,2.0,1.0,1890.0,0.4,1470,150000,0.35,0.2,1.0,2785.9377
0.32834023,1.0,1.0,2662.557781,0.38,1470,150000,0.35,0.2,1.0,4927.417
0.45356205,4.0,4.0,1890.0,0.4,2530,85000,0.21,0.1,2.0,7004.3174
0.33382046,4.0,3.0,2070.0,0.36,2540,75000,0.22,0.2,1.0,5010.875
0.2238778,3.0,2.0,2662.557781,0.38,2540,75000,0.22,0.1,2.0,3616.0564
0.3902211,1.0,3.0,2662.557781,0.38,2540,75000,0.22,0.1,1.0,5609.0503
0.07336325,2.0,1.0,2000.0,0.37,1470,150000,0.35,0.3,1.0,2440.3904
0.07272126,3.0,2.0,2070.0,0.36,2540,75000,0.22,0.2,1.0,2440.3904
0.07029406,3.0,1.0,2070.0,0.36,1470,150000,0.35,0.1,2.0,2440.3904
0.47646564,3.0,1.0,1890.0,0.4,2530,85000,0.21,0.3,1.0,7987.981
0.4283881,1.0,4.0,2000.0,0.37,2530,85000,0.21,0.2,1.0,6712.5728
0.48193827,4.0,1.0,2662.557781,0.38,1470,150000,0.35,0.2,1.0,8096.161
0.19441517,4.0,4.0,2662.557781,0.38,1770,220000,0.2,0.3,1.0,3593.3618
0.17211613,1.0,4.0,1890.0,0.4,1470,150000,0.35,0.1,2.0,3593.3618
0.28461665,3.0,4.0,2070.0,0.36,1470,150000,0.35,0.1,1.0,4476.866
0.22301665,2.0,2.0,1890.0,0.4,2540,75000,0.22,0.1,2.0,3616.0564
0.4124056,3.0,2.0,2000.0,0.37,2540,75000,0.22,0.3,1.0,6216.9814
0.44000897,4.0,4.0,1890.0,0.4,1770,220000,0.2,0.2,1.0,6858.521
0.20824072,3.0,2.0,2662.557781,0.38,1770,220000,0.2,0.3,1.0,3593.3618
0.1821656,2.0,1.0,2000.0,0.37,1470,150000,0.35,0.3,1.0,3593.3618
0.19014053,4.0,3.0,1890.0,0.4,1470,150000,0.35,0.3,1.0,3593.3618
0.10804739,4.0,3.0,1890.0,0.4,2540,75000,0.22,0.2,1.0,2785.9377
0.4097772,2.0,4.0,2662.557781,0.38,2540,75000,0.22,0.2,1.0,6216.9814
0.2746082,3.0,2.0,2662.557781,0.38,1770,220000,0.2,0.1,2.0,4114.24
0.21870764,3.0,2.0,2000.0,0.37,2540,75000,0.22,0.1,2.0,3593.3618
0.4878583,4.0,2.0,2000.0,0.37,2530,85000,0.21,0.1,2.0,9418.722
0.46488178,1.0,4.0,2662.557781,0.38,1770,220000,0.2,0.3,1.0,7412.979
0.261894,2.0,3.0,2070.0,0.36,2540,75000,0.22,0.2,1.0,4075.333
0.33409807,4.0,3.0,2662.557781,0.38,2540,75000,0.22,0.3,1.0,5010.875
0.47102886,1.0,2.0,1890.0,0.4,1470,150000,0.35,0.2,1.0,7473.9014
0.4771404,3.0,3.0,2662.557781,0.38,1770,220000,0.2,0.2,1.0,7987.981
0.069673754,4.0,2.0,1890.0,0.4,1470,150000,0.35,0.1,2.0,2379.2732
0.14498703,4.0,1.0,2000.0,0.37,2540,75000,0.22,0.2,1.0,3135.386
0.12805463,3.0,4.0,2662.557781,0.38,1770,220000,0.2,0.1,2.0,3010.9568
0.15413842,3.0,3.0,1890.0,0.4,2540,75000,0.22,0.1,2.0,3135.386
0.16858,3.0,4.0,2070.0,0.36,1770,220000,0.2,0.1,2.0,3589.7683
0.34260282,4.0,3.0,2662.557781,0.38,1470,150000,0.35,0.1,1.0,5010.875
0.13016328,2.0,1.0,2000.0,0.37,1770,220000,0.2,0.3,1.0,3010.9568
0.19645157,2.0,3.0,2662.557781,0.38,1770,220000,0.2,0.3,1.0,3593.3618
0.17467952,3.0,2.0,2662.557781,0.38,2540,75000,0.22,0.1,2.0,3593.3618
0.12365577,4.0,3.0,2662.557781,0.38,1770,220000,0.2,0.3,1.0,3010.9568
0.46301678,4.0,4.0,2000.0,0.37,1470,150000,0.35,0.2,1.0,7412.979
0.40848693,2.0,4.0,2662.557781,0.38,1770,220000,0.2,0.2,1.0,6216.9814
0.12833385,1.0,1.0,2070.0,0.36,2540,75000,0.22,0.1,1.0,3010.9568
0.07981107,2.0,3.0,2662.557781,0.38,2530,85000,0.21,0.3,1.0,2568.8853
0.17936851,1.0,3.0,1890.0,0.4,1470,150000,0.35,0.3,1.0,3593.3618
0.46464184,4.0,3.0,2070.0,0.36,1770,220000,0.2,0.1,1.0,7412.979
0.4091896,4.0,3.0,1890.0,0.4,1470,150000,0.35,0.1,2.0,6216.9814
0.08019926,2.0,4.0,1890.0,0.4,1770,220000,0.2,0.2,1.0,2568.8853
0.49606782,1.0,4.0,2070.0,0.36,1470,150000,0.35,0.1,2.0,9601.506
0.43211916,4.0,4.0,1890.0,0.4,1770,220000,0.2,0.2,1.0,6712.5728
0.2527464,3.0,4.0,1890.0,0.4,1770,220000,0.2,0.1,2.0,4049.892
0.31084052,1.0,2.0,2000.0,0.37,2540,75000,0.22,0.1,2.0,4536.0967
0.13064139,2.0,1.0,2000.0,0.37,2530,85000,0.21,0.3,1.0,3010.9568
0.15573986,4.0,3.0,2070.0,0.36,1470,150000,0.35,0.3,1.0,3135.386
0.3809785,3.0,3.0,2000.0,0.37,1470,150000,0.35,0.1,2.0,5553.007
0.31950343,4.0,1.0,2070.0,0.36,1470,150000,0.35,0.1,2.0,4736.3003
0.34201205,4.0,1.0,2000.0,0.37,1770,220000,0.2,0.1,1.0,5010.875
0.4176777,2.0,2.0,2070.0,0.36,1470,150000,0.35,0.3,1.0,6216.9814
0.3918527,1.0,1.0,2000.0,0.37,1470,150000,0.35,0.1,1.0,5609.0503
0.14927936,3.0,1.0,1890.0,0.4,2540,75000,0.22,0.2,1.0,3135.386
0.36118844,3.0,4.0,1890.0,0.4,2530,85000,0.21,0.2,1.0,5220.35
0.42781895,1.0,4.0,1890.0,0.4,2530,85000,0.21,0.1,2.0,6712.5728
0.44634804,3.0,3.0,1890.0,0.4,2530,85000,0.21,0.1,2.0,6903.4077
0.06135479,4.0,3.0,2070.0,0.36,2540,75000,0.22,0.1,2.0,2374.8777
0.15247086,4.0,4.0,2070.0,0.36,2540,75000,0.22,0.3,1.0,3135.386
0.23540449,2.0,1.0,2070.0,0.36,2540,75000,0.22,0.2,1.0,3972.516
0.06858483,4.0,1.0,1890.0,0.4,1470,150000,0.35,0.1,1.0,2379.2732
0.18968366,1.0,4.0,2662.557781,0.38,1770,220000,0.2,0.1,2.0,3593.3618
0.1420798,2.0,4.0,2000.0,0.37,2530,85000,0.21,0.2,1.0,3135.386
0.09200286,2.0,4.0,1890.0,0.4,1770,220000,0.2,0.1,1.0,2601.8828
0.35592481,4.0,2.0,2662.557781,0.38,2540,75000,0.22,0.2,1.0,5220.35
0.24882244,3.0,3.0,2000.0,0.37,1470,150000,0.35,0.2,1.0,3972.516
0.24631725,1.0,4.0,1890.0,0.4,1470,150000,0.35,0.2,1.0,3972.516
0.16623797,3.0,2.0,2000.0,0.37,1770,220000,0.2,0.1,1.0,3303.0898
0.24729264,2.0,2.0,2662.557781,0.38,2540,75000,0.22,0.1,1.0,3972.516
0.058710992,1.0,3.0,2070.0,0.36,1770,220000,0.2,0.1,2.0,2262.5215
0.1228361,1.0,3.0,2070.0,0.36,2530,85000,0.21,0.3,1.0,3010.9568
0.11002823,3.0,1.0,2662.557781,0.38,1770,220000,0.2,0.3,1.0,2785.9377
0.44913185,1.0,2.0,2662.557781,0.38,2540,75000,0.22,0.1,1.0,6903.4077
0.059395116,3.0,2.0,2662.557781,0.38,2530,85000,0.21,0.2,1.0,2262.5215
0.11134828,4.0,3.0,1890.0,0.4,2540,75000,0.22,0.3,1.0,2785.9377
0.29800475,1.0,4.0,1890.0,0.4,2530,85000,0.21,0.3,1.0,4476.866
0.2688648,2.0,2.0,1890.0,0.4,2530,85000,0.21,0.3,1.0,4075.333
0.08226158,1.0,3.0,2070.0,0.36,1770,220000,0.2,0.1,1.0,2568.8853
0.22193666,2.0,3.0,2000.0,0.37,2530,85000,0.21,0.2,1.0,3593.3618
0.35275945,3.0,1.0,2070.0,0.36,2530,85000,0.21,0.1,2.0,5220.35
0.41629574,3.0,1.0,2662.557781,0.38,1770,220000,0.2,0.2,1.0,6216.9814
0.069762856,1.0,3.0,2070.0,0.36,1470,150000,0.35,0.1,1.0,2440.3904
0.3839686,3.0,4.0,2000.0,0.37,1770,220000,0.2,0.1,2.0,5553.007
0.42412764,4.0,3.0,2000.0,0.37,2530,85000,0.21,0.3,1.0,6329.005
0.06557286,2.0,3.0,2070.0,0.36,2540,75000,0.22,0.2,1.0,2378.1858
0.10252233,1.0,4.0,2070.0,0.36,2540,75000,0.22,0.1,2.0,2785.9377
0.45609906,4.0,4.0,2662.557781,0.38,2530,85000,0.21,0.3,1.0,7004.3174
0.27888715,3.0,4.0,2000.0,0.37,2540,75000,0.22,0.2,1.0,4114.24
0.4809291,1.0,4.0,1890.0,0.4,2540,75000,0.22,0.3,1.0,8096.161
0.08965207,4.0,1.0,2662.557781,0.38,2540,75000,0.22,0.1,1.0,2601.8828
0.054584086,1.0,3.0,2662.557781,0.38,2530,85000,0.21,0.1,2.0,2235.9285
0.08183164,1.0,1.0,1890.0,0.4,1470,150000,0.35,0.3,1.0,2568.8853
0.29308867,3.0,4.0,2662.557781,0.38,1770,220000,0.2,0.3,1.0,4476.866
0.29778698,2.0,4.0,2662.557781,0.38,2540,75000,0.22,0.1,1.0,4476.866
0.18704292,4.0,3.0,2000.0,0.37,2530,85000,0.21,0.1,1.0,3593.3618
0.49367577,1.0,3.0,1890.0,0.4,2530,85000,0.21,0.1,2.0,9590.157
0.16351786,1.0,3.0,2662.557781,0.38,1470,150000,0.35,0.1,2.0,3268.7937
0.38343692,1.0,4.0,1890.0,0.4,1470,150000,0.35,0.2,1.0,5553.007
0.21247804,2.0,1.0,2000.0,0.37,1770,220000,0.2,0.1,1.0,3593.3618
0.3169402,4.0,4.0,2662.557781,0.38,2530,85000,0.21,0.3,1.0,4736.3003
0.4357831,1.0,2.0,2000.0,0.37,2540,75000,0.22,0.1,2.0,6858.521
0.25737664,4.0,1.0,2000.0,0.37,2530,85000,0.21,0.1,1.0,4075.333
0.41871208,1.0,2.0,2662.557781,0.38,1770,220000,0.2,0.1,1.0,6304.164
0.38955975,1.0,3.0,2000.0,0.37,1470,150000,0.35,0.2,1.0,5609.0503
0.45433867,4.0,1.0,1890.0,0.4,1470,150000,0.35,0.3,1.0,7004.3174
0.21921156,1.0,2.0,2070.0,0.36,1770,220000,0.2,0.3,1.0,3593.3618
0.07282013,4.0,4.0,2000.0,0.37,1470,150000,0.35,0.2,1.0,2440.3904
0.30364382,2.0,2.0,1890.0,0.4,1770,220000,0.2,0.2,1.0,4483.692
0.053638086,1.0,4.0,2070.0,0.36,1470,150000,0.35,0.2,1.0,2235.9285
0.45879182,1.0,1.0,1890.0,0.4,2530,85000,0.21,0.2,1.0,7412.979
0.33247215,4.0,4.0,2070.0,0.36,1770,220000,0.2,0.1,1.0,5010.875
0.19949645,1.0,2.0,1890.0,0.4,2540,75000,0.22,0.2,1.0,3593.3618
0.19112822,4.0,2.0,2662.557781,0.38,2530,85000,0.21,0.2,1.0,3593.3618
0.43845123,2.0,2.0,1890.0,0.4,2540,75000,0.22,0.1,1.0,6858.521
0.14055885,4.0,1.0,2000.0,0.37,2540,75000,0.22,0.3,1.0,3135.386
0.09750204,1.0,3.0,2000.0,0.37,2540,75000,0.22,0.1,1.0,2785.9377
0.22841576,1.0,4.0,2070.0,0.36,1770,220000,0.2,0.2,1.0,3972.516
0.3135303,3.0,1.0,2070.0,0.36,1470,150000,0.35,0.3,1.0,4536.0967
0.40580234,2.0,4.0,2070.0,0.36,1470,150000,0.35,0.3,1.0,6216.9814
0.17909071,3.0,2.0,2662.557781,0.38,1770,220000,0.2,0.3,1.0,3593.3618
0.4026971,4.0,1.0,1890.0,0.4,2530,85000,0.21,0.3,1.0,6124.361
0.08843111,3.0,2.0,1890.0,0.4,1470,150000,0.35,0.1,2.0,2601.8828
0.47819912,4.0,4.0,1890.0,0.4,1470,150000,0.35,0.1,1.0,7987.981
0.13407248,2.0,3.0,2000.0,0.37,2530,85000,0.21,0.2,1.0,3010.9568
0.22199057,3.0,2.0,2000.0,0.37,2530,85000,0.21,0.3,1.0,3593.3618
0.13350663,2.0,4.0,1890.0,0.4,1470,150000,0.35,0.1,2.0,3010.9568
0.34130424,3.0,3.0,2070.0,0.36,2540,75000,0.22,0.3,1.0,5010.875
0.37688574,3.0,1.0,2000.0,0.37,1470,150000,0.35,0.1,2.0,5501.476
0.47896573,4.0,1.0,2000.0,0.37,1770,220000,0.2,0.1,1.0,7987.981
0.38486576,2.0,3.0,2000.0,0.37,1470,150000,0.35,0.3,1.0,5553.007
0.47947106,3.0,1.0,2000.0,0.37,2540,75000,0.22,0.3,1.0,8096.161
0.40715382,3.0,3.0,2662.557781,0.38,2540,75000,0.22,0.1,2.0,6216.9814
0.29225805,3.0,3.0,2070.0,0.36,2530,85000,0.21,0.1,2.0,4476.866
0.41975024,1.0,3.0,2662.557781,0.38,2540,75000,0.22,0.1,1.0,6329.005
0.16838102,4.0,3.0,2070.0,0.36,2540,75000,0.22,0.3,1.0,3428.1687
0.17335942,4.0,4.0,1890.0,0.4,2530,85000,0.21,0.1,2.0,3593.3618
0.23404461,2.0,4.0,2662.557781,0.38,2530,85000,0.21,0.1,1.0,3972.516
0.104492635,1.0,1.0,1890.0,0.4,1770,220000,0.2,0.2,1.0,2785.9377
0.35140014,1.0,4.0,2662.557781,0.38,2540,75000,0.22,0.1,1.0,5220.35
0.22175963,4.0,2.0,2662.557781,0.38,2540,75000,0.22,0.1,1.0,3593.3618
0.31024614,4.0,4.0,2070.0,0.36,2530,85000,0.21,0.3,1.0,4483.692
0.05764284,4.0,3.0,2000.0,0.37,2530,85000,0.21,0.2,1.0,2237.101
0.15016864,3.0,3.0,2000.0,0.37,1470,150000,0.35,0.2,1.0,3135.386
0.32424325,4.0,1.0,1890.0,0.4,2530,85000,0.21,0.1,1.0,4924.668
0.12878127,3.0,1.0,1890.0,0.4,2530,85000,0.21,0.2,1.0,3010.9568
0.16204484,4.0,2.0,1890.0,0.4,1770,220000,0.2,0.1,2.0,3185.3545
0.28773987,3.0,2.0,2070.0,0.36,2540,75000,0.22,0.1,2.0,4476.866
0.19125302,1.0,1.0,2662.557781,0.38,2530,85000,0.21,0.1,1.0,3593.3618
0.34965363,1.0,1.0,1890.0,0.4,2530,85000,0.21,0.2,1.0,5220.35
0.4206515,3.0,2.0,2662.557781,0.38,1470,150000,0.35,0.1,2.0,6329.005
0.1534625,3.0,1.0,2662.557781,0.38,1770,220000,0.2,0.3,1.0,3135.386
0.16712229,1.0,2.0,2000.0,0.37,2540,75000,0.22,0.2,1.0,3428.1687
0.19479862,2.0,3.0,1890.0,0.4,2530,85000,0.21,0.1,2.0,3593.3618
0.39638323,2.0,2.0,1890.0,0.4,2530,85000,0.21,0.2,1.0,5609.0503
0.16408204,1.0,1.0,2662.557781,0.38,1470,150000,0.35,0.3,1.0,3268.7937
0.22063807,4.0,3.0,2662.557781,0.38,1770,220000,0.2,0.1,2.0,3593.3618
0.10956044,4.0,2.0,2000.0,0.37,1770,220000,0.2,0.1,2.0,2785.9377
0.43720832,3.0,4.0,1890.0,0.4,1770,220000,0.2,0.3,1.0,6858.521
0.22526339,2.0,4.0,2070.0,0.36,2530,85000,0.21,0.3,1.0,3616.0564
0.17823629,4.0,3.0,2000.0,0.37,1470,150000,0.35,0.3,1.0,3593.3618
0.4458796,2.0,1.0,1890.0,0.4,1770,220000,0.2,0.1,1.0,6903.4077
0.19593213,2.0,2.0,2070.0,0.36,2530,85000,0.21,0.2,1.0,3593.3618
0.26425067,3.0,3.0,1890.0,0.4,1470,150000,0.35,0.1,2.0,4075.333
0.37507677,3.0,2.0,2662.557781,0.38,1770,220000,0.2,0.1,2.0,5501.476
0.1180442,4.0,3.0,1890.0,0.4,1470,150000,0.35,0.2,1.0,2820.8296
0.19846119,4.0,4.0,2000.0,0.37,1770,220000,0.2,0.1,1.0,3593.3618
0.12925845,1.0,3.0,2070.0,0.36,2540,75000,0.22,0.1,2.0,3010.9568
0.2651524,3.0,1.0,2000.0,0.37,2530,85000,0.21,0.3,1.0,4075.333
0.06354509,4.0,1.0,2070.0,0.36,2540,75000,0.22,0.1,1.0,2378.1858
0.3869551,3.0,1.0,2662.557781,0.38,1770,220000,0.2,0.3,1.0,5609.0503
0.39352426,3.0,1.0,1890.0,0.4,2530,85000,0.21,0.1,2.0,5609.0503
0.34068048,1.0,1.0,2070.0,0.36,1770,220000,0.2,0.1,1.0,5010.875
0.08510689,2.0,3.0,2662.557781,0.38,1770,220000,0.2,0.2,1.0,2568.8853
0.3008376,3.0,1.0,2070.0,0.36,1470,150000,0.35,0.2,1.0,4483.692
0.137143,4.0,3.0,2000.0,0.37,1770,220000,0.2,0.3,1.0,3010.9568
0.4969132,4.0,1.0,2000.0,0.37,2530,85000,0.21,0.1,2.0,9680.72
0.48648798,3.0,1.0,2000.0,0.37,2530,85000,0.21,0.1,1.0,8562.654
0.08655652,1.0,2.0,1890.0,0.4,2530,85000,0.21,0.1,1.0,2601.8828
0.088127546,3.0,4.0,1890.0,0.4,2540,75000,0.22,0.2,1.0,2601.8828
0.20827901,2.0,3.0,1890.0,0.4,1770,220000,0.2,0.2,1.0,3593.3618
0.3607889,2.0,2.0,1890.0,0.4,1470,150000,0.35,0.1,1.0,5220.35
0.2169072,2.0,4.0,2662.557781,0.38,2530,85000,0.21,0.1,2.0,3593.3618
0.48684135,3.0,4.0,2662.557781,0.38,1470,150000,0.35,0.2,1.0,8562.654
0.2598623,3.0,2.0,2000.0,0.37,1470,150000,0.35,0.2,1.0,4075.333
0.2958777,4.0,1.0,2000.0,0.37,1470,150000,0.35,0.2,1.0,4476.866
0.17871445,2.0,2.0,2662.557781,0.38,1770,220000,0.2,0.3,1.0,3593.3618
0.21725756,4.0,4.0,2662.557781,0.38,1770,220000,0.2,0.1,1.0,3593.3618
0.26299027,3.0,3.0,2000.0,0.37,2540,75000,0.22,0.1,2.0,4075.333
0.2015662,3.0,3.0,2662.557781,0.38,1770,220000,0.2,0.3,1.0,3593.3618
0.12821576,4.0,4.0,2662.557781,0.38,2530,85000,0.21,0.2,1.0,3010.9568
0.26411578,4.0,3.0,2070.0,0.36,2540,75000,0.22,0.1,2.0,4075.333
0.21219316,2.0,4.0,2662.557781,0.38,2540,75000,0.22,0.3,1.0,3593.3618
0.0954732,1.0,4.0,2070.0,0.36,1470,150000,0.35,0.2,1.0,2601.8828
0.48314837,4.0,4.0,2662.557781,0.38,2530,85000,0.21,0.3,1.0,8096.161
0.054027412,2.0,4.0,1890.0,0.4,1470,150000,0.35,0.2,1.0,2235.9285
0.41950926,1.0,4.0,2000.0,0.37,2530,85000,0.21,0.1,1.0,6304.164
0.22314666,3.0,4.0,2000.0,0.37,1470,150000,0.35,0.3,1.0,3616.0564
0.2570536,1.0,2.0,2662.557781,0.38,1470,150000,0.35,0.2,1.0,4075.333
0.07759681,2.0,2.0,2662.557781,0.38,2530,85000,0.21,0.2,1.0,2543.3892
0.48259676,1.0,1.0,2000.0,0.37,2530,85000,0.21,0.1,2.0,8096.161
0.074084714,3.0,1.0,1890.0,0.4,2530,85000,0.21,0.2,1.0,2440.3904
0.16114706,4.0,1.0,2662.557781,0.38,2540,75000,0.22,0.3,1.0,3142.396
0.20893587,1.0,3.0,2662.557781,0.38,2530,85000,0.21,0.2,1.0,3593.3618
0.22208038,1.0,4.0,2070.0,0.36,1770,220000,0.2,0.1,2.0,3616.0564
0.072272696,2.0,1.0,2000.0,0.37,2540,75000,0.22,0.2,1.0,2440.3904
0.49767634,1.0,4.0,2070.0,0.36,1470,150000,0.35,0.1,1.0,9680.72
0.4938823,2.0,1.0,2070.0,0.36,2540,75000,0.22,0.1,1.0,9590.157
0.12958145,1.0,3.0,2000.0,0.37,2530,85000,0.21,0.2,1.0,3010.9568
0.45434037,4.0,3.0,2662.557781,0.38,1770,220000,0.2,0.1,2.0,7004.3174
0.47257963,4.0,1.0,1890.0,0.4,2530,85000,0.21,0.1,2.0,7856.8955
0.2452765,1.0,1.0,2000.0,0.37,1770,220000,0.2,0.2,1.0,3972.516
0.39384237,2.0,1.0,1890.0,0.4,1470,150000,0.35,0.2,1.0,5609.0503
0.115511365,1.0,2.0,1890.0,0.4,2530,85000,0.21,0.3,1.0,2820.8296
0.28168994,4.0,4.0,2070.0,0.36,2530,85000,0.21,0.2,1.0,4476.866
0.09539773,2.0,1.0,2070.0,0.36,2530,85000,0.21,0.2,1.0,2601.8828
0.24909881,3.0,1.0,2070.0,0.36,2540,75000,0.22,0.1,1.0,3972.516
0.21118098,4.0,3.0,2662.557781,0.38,1770,220000,0.2,0.1,1.0,3593.3618
0.33459732,2.0,2.0,2662.557781,0.38,1470,150000,0.35,0.1,2.0,5010.875
0.18220462,4.0,1.0,2662.557781,0.38,2530,85000,0.21,0.2,1.0,3593.3618
0.28252578,1.0,2.0,1890.0,0.4,2530,85000,0.21,0.1,2.0,4476.866
0.2417857,2.0,1.0,2070.0,0.36,2530,85000,0.21,0.1,1.0,3972.516
0.08026403,3.0,2.0,2662.557781,0.38,1770,220000,0.2,0.2,1.0,2568.8853
0.09919842,1.0,4.0,2662.557781,0.38,2540,75000,0.22,0.3,1.0,2785.9377
0.37339845,1.0,4.0,2070.0,0.36,2540,75000,0.22,0.1,1.0,5501.476
0.11265984,1.0,3.0,2000.0,0.37,2530,85000,0.21,0.2,1.0,2785.9377
0.29286423,4.0,4.0,2000.0,0.37,1770,220000,0.2,0.2,1.0,4476.866
0.34034172,3.0,4.0,2070.0,0.36,1770,220000,0.2,0.2,1.0,5010.875
0.4760739,1.0,1.0,1890.0,0.4,1770,220000,0.2,0.3,1.0,7987.981
0.05387265,3.0,3.0,2070.0,0.36,1770,220000,0.2,0.1,2.0,2235.9285
0.48370028,4.0,3.0,2070.0,0.36,1770,220000,0.2,0.2,1.0,8096.161
0.35358915,1.0,1.0,1890.0,0.4,2540,75000,0.22,0.2,1.0,5220.35
0.35827702,4.0,3.0,2070.0,0.36,2540,75000,0.22,0.2,1.0,5220.35
0.47374916,3.0,1.0,2000.0,0.37,2530,85000,0.21,0.1,1.0,7856.8955
0.37584916,3.0,4.0,2662.557781,0.38,1770,220000,0.2,0.3,1.0,5501.476
0.10207744,1.0,4.0,1890.0,0.4,1770,220000,0.2,0.2,1.0,2785.9377
0.45510042,3.0,3.0,2070.0,0.36,1770,220000,0.2,0.1,2.0,7004.3174
0.37991378,4.0,1.0,2070.0,0.36,1770,220000,0.2,0.3,1.0,5501.476
0.26088393,2.0,1.0,2000.0,0.37,1770,220000,0.2,0.1,1.0,4075.333
0.3737485,4.0,4.0,2662.557781,0.38,1770,220000,0.2,0.2,1.0,5501.476
0.29790336,4.0,4.0,2000.0,0.37,2540,75000,0.22,0.2,1.0,4476.866
0.087318614,3.0,1.0,2070.0,0.36,1470,150000,0.35,0.3,1.0,2601.8828
0.20875677,2.0,2.0,2000.0,0.37,1770,220000,0.2,0.1,1.0,3593.3618
0.08932633,1.0,3.0,2662.557781,0.38,1470,150000,0.35,0.1,1.0,2601.8828
0.25003445,3.0,2.0,1890.0,0.4,2530,85000,0.21,0.1,2.0,3972.516
0.32619202,4.0,4.0,2000.0,0.37,2530,85000,0.21,0.1,2.0,4924.668
0.25353828,4.0,2.0,1890.0,0.4,1470,150000,0.35,0.2,1.0,4049.892
0.072126314,2.0,4.0,1890.0,0.4,2540,75000,0.22,0.3,1.0,2440.3904
0.28020474,1.0,2.0,2662.557781,0.38,1770,220000,0.2,0.2,1.0,4476.866
0.11989502,4.0,2.0,2070.0,0.36,2540,75000,0.22,0.3,1.0,2888.7456
0.11136341,3.0,4.0,2000.0,0.37,1770,220000,0.2,0.1,1.0,2785.9377
0.49108043,1.0,1.0,2070.0,0.36,1470,150000,0.35,0.2,1.0,9418.722
0.2405468,2.0,2.0,2070.0,0.36,1770,220000,0.2,0.1,1.0,3972.516
0.15418169,4.0,3.0,2070.0,0.36,1770,220000,0.2,0.2,1.0,3135.386
0.34198645,4.0,1.0,1890.0,0.4,1770,220000,0.2,0.2,1.0,5010.875
0.21551594,4.0,3.0,1890.0,0.4,2530,85000,0.21,0.2,1.0,3593.3618
0.13580485,2.0,2.0,2000.0,0.37,1470,150000,0.35,0.2,1.0,3010.9568
0.2728104,3.0,2.0,2000.0,0.37,2530,85000,0.21,0.1,2.0,4075.333
0.44862384,4.0,2.0,2662.557781,0.38,1770,220000,0.2,0.1,1.0,6903.4077
0.076390296,2.0,1.0,2000.0,0.37,1470,150000,0.35,0.3,1.0,2543.3892
0.18828592,3.0,3.0,1890.0,0.4,1470,150000,0.35,0.1,2.0,3593.3618
0.42137992,2.0,4.0,2000.0,0.37,1770,220000,0.2,0.2,1.0,6329.005
0.25635186,2.0,3.0,2000.0,0.37,2540,75000,0.22,0.1,2.0,4075.333
0.091643326,4.0,2.0,2000.0,0.37,1770,220000,0.2,0.3,1.0,2601.8828
0.07937901,1.0,1.0,2662.557781,0.38,1770,220000,0.2,0.1,2.0,2568.8853
0.39395344,1.0,2.0,2662.557781,0.38,2530,85000,0.21,0.2,1.0,5609.0503
0.07494052,4.0,2.0,2070.0,0.36,1770,220000,0.2,0.3,1.0,2440.3904
0.22128649,2.0,1.0,2662.557781,0.38,1770,220000,0.2,0.3,1.0,3593.3618
0.38132882,3.0,2.0,2662.557781,0.38,2530,85000,0.21,0.1,1.0,5553.007
0.2489486,3.0,3.0,2070.0,0.36,2540,75000,0.22,0.3,1.0,3972.516
0.13949952,3.0,2.0,2662.557781,0.38,2530,85000,0.21,0.1,2.0,3135.386
0.44747669,4.0,1.0,1890.0,0.4,2540,75000,0.22,0.2,1.0,6903.4077
0.30493352,3.0,1.0,2070.0,0.36,2530,85000,0.21,0.2,1.0,4483.692
0.11731408,3.0,4.0,2070.0,0.36,2530,85000,0.21,0.3,1.0,2820.8296
0.36365744,2.0,2.0,2662.557781,0.38,1770,220000,0.2,0.1,1.0,5220.35
0.30902213,2.0,2.0,2070.0,0.36,2540,75000,0.22,0.1,2.0,4483.692
0.41971952,3.0,1.0,1890.0,0.4,1470,150000,0.35,0.1,2.0,6329.005
0.44668308,1.0,1.0,2070.0,0.36,1470,150000,0.35,0.3,1.0,6903.4077
0.2595445,4.0,1.0,2662.557781,0.38,1770,220000,0.2,0.1,2.0,4075.333
0.26885572,3.0,2.0,2000.0,0.37,1470,150000,0.35,0.1,1.0,4075.333
0.16467059,3.0,2.0,2070.0,0.36,1470,150000,0.35,0.3,1.0,3303.0898
0.13068837,3.0,1.0,2000.0,0.37,2540,75000,0.22,0.3,1.0,3010.9568
0.11598681,4.0,1.0,2662.557781,0.38,1470,150000,0.35,0.2,1.0,2820.8296
0.1729756,3.0,4.0,2000.0,0.37,1770,220000,0.2,0.1,1.0,3593.3618
0.21869229,4.0,3.0,2000.0,0.37,1770,220000,0.2,0.1,1.0,3593.3618
0.34310964,3.0,1.0,2070.0,0.36,1770,220000,0.2,0.1,1.0,5010.875
0.49230474,4.0,2.0,2070.0,0.36,1770,220000,0.2,0.2,1.0,9418.722
0.30587992,2.0,2.0,2000.0,0.37,2540,75000,0.22,0.1,1.0,4483.692
0.13519008,1.0,3.0,2662.557781,0.38,2530,85000,0.21,0.3,1.0,3010.9568
0.48558506,3.0,3.0,2070.0,0.36,1470,150000,0.35,0.2,1.0,8562.654
0.13944662,4.0,4.0,2662.557781,0.38,1470,150000,0.35,0.2,1.0,3135.386
0.054292414,2.0,1.0,2662.557781,0.38,2540,75000,0.22,0.1,1.0,2235.9285
0.37604815,3.0,4.0,1890.0,0.4,1770,220000,0.2,0.3,1.0,5501.476
0.27830014,3.0,3.0,2070.0,0.36,1770,220000,0.2,0.1,2.0,4114.24
0.44711885,1.0,2.0,2000.0,0.37,1770,220000,0.2,0.3,1.0,6903.4077
0.09284145,2.0,3.0,2000.0,0.37,2530,85000,0.21,0.2,1.0,2601.8828
0.3798498,3.0,4.0,1890.0,0.4,2530,85000,0.21,0.1,1.0,5501.476
0.25281075,1.0,2.0,2662.557781,0.38,2540,75000,0.22,0.2,1.0,4049.892
0.27229258,3.0,2.0,2662.557781,0.38,2540,75000,0.22,0.1,2.0,4075.333
0.34590757,1.0,1.0,2000.0,0.37,1770,220000,0.2,0.1,2.0,5220.35
0.14950238,3.0,3.0,2000.0,0.37,1470,150000,0.35,0.3,1.0,3135.386
0.2979391,4.0,1.0,2662.557781,0.38,1470,150000,0.35,0.1,1.0,4476.866
0.36276287,3.0,4.0,2070.0,0.36,2540,75000,0.22,0.3,1.0,5220.35
0.22102916,3.0,3.0,2000.0,0.37,1770,220000,0.2,0.1,2.0,3593.3618
0.3164592,1.0,4.0,2070.0,0.36,2530,85000,0.21,0.3,1.0,4736.3003
0.28678516,1.0,4.0,2662.557781,0.38,1770,220000,0.2,0.3,1.0,4476.866
0.3566407,2.0,1.0,2662.557781,0.38,1470,150000,0.35,0.2,1.0,5220.35
0.103025764,4.0,4.0,2070.0,0.36,2530,85000,0.21,0.2,1.0,2785.9377
0.05300831,1.0,4.0,2000.0,0.37,2540,75000,0.22,0.1,1.0,2212.4604
0.4616365,2.0,1.0,2070.0,0.36,2530,85000,0.21,0.3,1.0,7412.979
0.18231308,2.0,3.0,2070.0,0.36,2540,75000,0.22,0.2,1.0,3593.3618
0.1645658,2.0,3.0,2662.557781,0.38,1470,150000,0.35,0.2,1.0,3268.7937
0.36055374,1.0,3.0,2000.0,0.37,1770,220000,0.2,0.2,1.0,5220.35
0.06724451,2.0,1.0,2070.0,0.36,1470,150000,0.35,0.1,1.0,2379.2732
0.0835123,3.0,2.0,2070.0,0.36,1470,150000,0.35,0.2,1.0,2568.8853
0.119754955,1.0,4.0,2662.557781,0.38,2540,75000,0.22,0.1,1.0,2888.7456
0.07152333,1.0,4.0,2000.0,0.37,1470,150000,0.35,0.1,1.0,2440.3904
0.30719241,1.0,4.0,2000.0,0.37,1470,150000,0.35,0.2,1.0,4483.692
0.42218098,1.0,2.0,1890.0,0.4,1770,220000,0.2,0.2,1.0,6329.005
0.21375097,1.0,3.0,2662.557781,0.38,1770,220000,0.2,0.1,1.0,3593.3618
0.4936614,4.0,4.0,1890.0,0.4,1770,220000,0.2,0.3,1.0,9418.722
0.15038466,4.0,1.0,1890.0,0.4,2530,85000,0.21,0.2,1.0,3135.386
0.44721055,2.0,4.0,2000.0,0.37,1470,150000,0.35,0.3,1.0,6903.4077
0.21674493,4.0,1.0,2070.0,0.36,1770,220000,0.2,0.1,1.0,3593.3618
0.33858314,1.0,3.0,2662.557781,0.38,2530,85000,0.21,0.1,1.0,5010.875
0.41745135,2.0,2.0,2662.557781,0.38,2540,75000,0.22,0.1,1.0,6216.9814
0.31363583,4.0,3.0,2662.557781,0.38,2540,75000,0.22,0.2,1.0,4624.655
0.08237448,1.0,4.0,2000.0,0.37,2530,85000,0.21,0.1,1.0,2568.8853
0.06560288,3.0,1.0,2662.557781,0.38,2530,85000,0.21,0.2,1.0,2378.1858
0.30077118,1.0,1.0,1890.0,0.4,2530,85000,0.21,0.3,1.0,4483.692
0.11918883,4.0,1.0,2070.0,0.36,2530,85000,0.21,0.3,1.0,2820.8296
0.13384236,1.0,3.0,1890.0,0.4,1470,150000,0.35,0.3,1.0,3010.9568
0.42638665,1.0,1.0,2000.0,0.37,2540,75000,0.22,0.3,1.0,6329.005
0.15605503,1.0,3.0,2000.0,0.37,2530,85000,0.21,0.1,2.0,3135.386
0.4636222,3.0,1.0,2070.0,0.36,1770,220000,0.2,0.2,1.0,7412.979
0.267598,1.0,2.0,2662.557781,0.38,1470,150000,0.35,0.3,1.0,4075.333
0.10953678,2.0,1.0,2070.0,0.36,2530,85000,0.21,0.3,1.0,2785.9377
0.46687004,3.0,1.0,2662.557781,0.38,1470,150000,0.35,0.2,1.0,7412.979
0.119240575,3.0,3.0,2662.557781,0.38,1770,220000,0.2,0.2,1.0,2820.8296
0.2906548,4.0,1.0,2662.557781,0.38,1470,150000,0.35,0.1,1.0,4476.866
0.43447566,2.0,3.0,1890.0,0.4,2530,85000,0.21,0.2,1.0,6712.5728
0.443408,1.0,2.0,2070.0,0.36,1770,220000,0.2,0.2,1.0,6858.521
0.40729052,2.0,2.0,1890.0,0.4,1470,150000,0.35,0.3,1.0,6216.9814
0.36080694,3.0,3.0,2000.0,0.37,1770,220000,0.2,0.1,2.0,5220.35
0.15529974,1.0,1.0,2662.557781,0.38,2530,85000,0.21,0.1,1.0,3135.386
0.1574715,4.0,3.0,1890.0,0.4,2530,85000,0.21,0.2,1.0,3135.386
0.1364633,3.0,2.0,1890.0,0.4,1470,150000,0.35,0.1,2.0,3010.9568
0.38321427,1.0,3.0,2070.0,0.36,2540,75000,0.22,0.1,2.0,5553.007
0.4827189,1.0,2.0,2070.0,0.36,1470,150000,0.35,0.2,1.0,8096.161
0.22459878,3.0,3.0,2662.557781,0.38,2530,85000,0.21,0.1,2.0,3616.0564
0.061215926,2.0,3.0,2070.0,0.36,2540,75000,0.22,0.1,1.0,2374.8777
0.108893335,4.0,1.0,1890.0,0.4,2540,75000,0.22,0.2,1.0,2785.9377
0.2530278,4.0,1.0,2000.0,0.37,2540,75000,0.22,0.3,1.0,4049.892
0.093449205,2.0,2.0,2000.0,0.37,2530,85000,0.21,0.2,1.0,2601.8828
0.4056019,1.0,1.0,2000.0,0.37,2540,75000,0.22,0.1,2.0,6216.9814
0.41994455,1.0,4.0,2662.557781,0.38,2540,75000,0.22,0.2,1.0,6329.005
0.42036536,4.0,2.0,1890.0,0.4,1470,150000,0.35,0.3,1.0,6329.005
0.44935632,3.0,3.0,1890.0,0.4,1770,220000,0.2,0.1,2.0,7004.3174
0.40644014,3.0,2.0,2070.0,0.36,1470,150000,0.35,0.3,1.0,6216.9814
0.25289562,4.0,1.0,2000.0,0.37,2530,85000,0.21,0.1,1.0,4049.892
0.3371488,1.0,3.0,1890.0,0.4,2540,75000,0.22,0.3,1.0,5010.875
0.4854975,3.0,2.0,2662.557781,0.38,2540,75000,0.22,0.1,1.0,8562.654
0.122499965,4.0,2.0,1890.0,0.4,2530,85000,0.21,0.2,1.0,2888.7456
0.46919268,3.0,2.0,2662.557781,0.38,2530,85000,0.21,0.1,2.0,7473.9014
0.4953041,1.0,3.0,2662.557781,0.38,2530,85000,0.21,0.1,1.0,9590.157
0.39418635,3.0,3.0,2662.557781,0.38,1470,150000,0.35,0.1,2.0,5609.0503
0.07590301,4.0,3.0,2000.0,0.37,1770,220000,0.2,0.2,1.0,2543.3892
0.4820949,1.0,1.0,1890.0,0.4,2530,85000,0.21,0.2,1.0,8096.161
0.4978067,3.0,1.0,1890.0,0.4,2540,75000,0.22,0.1,1.0,9680.72
0.2629777,3.0,3.0,1890.0,0.4,2530,85000,0.21,0.3,1.0,4075.333
0.1516482,3.0,2.0,2000.0,0.37,2540,75000,0.22,0.1,2.0,3135.386
0.35766822,1.0,3.0,2000.0,0.37,1770,220000,0.2,0.3,1.0,5220.35
0.09575134,4.0,3.0,2070.0,0.36,1770,220000,0.2,0.3,1.0,2601.8828
0.47746956,2.0,3.0,2000.0,0.37,2540,75000,0.22,0.2,1.0,7987.981
0.17761606,2.0,2.0,2000.0,0.37,2530,85000,0.21,0.3,1.0,3593.3618
0.38710302,2.0,1.0,2000.0,0.37,1770,220000,0.2,0.2,1.0,5609.0503
0.3545467,1.0,4.0,1890.0,0.4,1770,220000,0.2,0.3,1.0,5220.35
0.16609852,3.0,4.0,2662.557781,0.38,2540,75000,0.22,0.2,1.0,3303.0898
0.22532687,3.0,3.0,2070.0,0.36,2540,75000,0.22,0.1,1.0,3616.0564
0.37564647,1.0,3.0,2662.557781,0.38,2540,75000,0.22,0.1,1.0,5501.476
0.13412525,3.0,1.0,2662.557781,0.38,1770,220000,0.2,0.3,1.0,3010.9568
0.09093093,4.0,1.0,1890.0,0.4,2540,75000,0.22,0.2,1.0,2601.8828
0.14629935,2.0,3.0,2662.557781,0.38,1770,220000,0.2,0.1,2.0,3135.386
0.24247426,4.0,2.0,2662.557781,0.38,2540,75000,0.22,0.1,2.0,3972.516
0.07343982,4.0,4.0,2662.557781,0.38,2530,85000,0.21,0.2,1.0,2440.3904
0.13337296,1.0,1.0,2662.557781,0.38,2540,75000,0.22,0.1,1.0,3010.9568
0.37684873,3.0,3.0,2070.0,0.36,2530,85000,0.21,0.1,2.0,5501.476
0.12370452,1.0,4.0,2662.557781,0.38,2540,75000,0.22,0.1,1.0,3010.9568
0.21027799,1.0,1.0,2662.557781,0.38,2530,85000,0.21,0.3,1.0,3593.3618
0.46490914,3.0,3.0,2662.557781,0.38,2540,75000,0.22,0.2,1.0,7412.979
0.17316982,3.0,2.0,2662.557781,0.38,1770,220000,0.2,0.3,1.0,3593.3618
0.0735738,3.0,4.0,2070.0,0.36,2530,85000,0.21,0.1,2.0,2440.3904
0.11997692,2.0,3.0,1890.0,0.4,2530,85000,0.21,0.3,1.0,2888.7456
0.18953225,1.0,2.0,1890.0,0.4,2530,85000,0.21,0.2,1.0,3593.3618
0.13330983,4.0,4.0,1890.0,0.4,1770,220000,0.2,0.1,1.0,3010.9568
0.3803636,2.0,1.0,2070.0,0.36,2530,85000,0.21,0.1,2.0,5512.2256
0.33775154,4.0,1.0,2662.557781,0.38,1770,220000,0.2,0.2,1.0,5010.875
0.14920922,3.0,3.0,2000.0,0.37,1470,150000,0.35,0.1,2.0,3135.386
0.26354167,1.0,1.0,2000.0,0.37,1470,150000,0.35,0.3,1.0,4075.333
0.26488104,3.0,4.0,1890.0,0.4,2540,75000,0.22,0.2,1.0,4075.333
0.07998091,4.0,1.0,2000.0,0.37,2530,85000,0.21,0.3,1.0,2568.8853
0.12697041,2.0,3.0,2070.0,0.36,1470,150000,0.35,0.1,1.0,3010.9568
0.4069619,4.0,1.0,2070.0,0.36,1470,150000,0.35,0.1,2.0,6216.9814
0.09022856,1.0,4.0,2070.0,0.36,2530,85000,0.21,0.2,1.0,2601.8828
0.41952366,4.0,2.0,1890.0,0.4,2540,75000,0.22,0.1,2.0,6329.005
0.34650505,1.0,1.0,1890.0,0.4,2540,75000,0.22,0.3,1.0,5220.35
0.15185921,2.0,1.0,1890.0,0.4,2530,85000,0.21,0.2,1.0,3135.386
0.06298384,1.0,4.0,2662.557781,0.38,2540,75000,0.22,0.1,1.0,2378.1858
0.4537278,3.0,3.0,2070.0,0.36,1470,150000,0.35,0.1,2.0,7004.3174
0.33238965,2.0,4.0,2000.0,0.37,2530,85000,0.21,0.3,1.0,5010.875
0.07585009,1.0,1.0,2070.0,0.36,1770,220000,0.2,0.2,1.0,2543.3892
0.3025124,1.0,3.0,2662.557781,0.38,2540,75000,0.22,0.1,2.0,4483.692
0.4803687,2.0,1.0,2662.557781,0.38,1770,220000,0.2,0.1,1.0,8096.161
0.093388565,2.0,4.0,2000.0,0.37,2530,85000,0.21,0.2,1.0,2601.8828
0.39987063,4.0,2.0,2662.557781,0.38,2530,85000,0.21,0.3,1.0,5609.0503
0.364161,2.0,1.0,1890.0,0.4,1470,150000,0.35,0.1,2.0,5220.35
0.438641,3.0,1.0,2662.557781,0.38,2540,75000,0.22,0.3,1.0,6858.521
0.30474135,1.0,1.0,2000.0,0.37,1770,220000,0.2,0.1,1.0,4483.692
0.18211852,3.0,3.0,2000.0,0.37,1470,150000,0.35,0.1,1.0,3593.3618
0.33705428,2.0,4.0,2000.0,0.37,2540,75000,0.22,0.3,1.0,5010.875
0.4191425,3.0,1.0,2662.557781,0.38,1770,220000,0.2,0.1,1.0,6304.164
0.25887224,4.0,2.0,2662.557781,0.38,1470,150000,0.35,0.3,1.0,4075.333
0.24880277,4.0,4.0,1890.0,0.4,1470,150000,0.35,0.2,1.0,3972.516
0.088861905,1.0,3.0,2070.0,0.36,1770,220000,0.2,0.3,1.0,2601.8828
0.142702,1.0,3.0,2662.557781,0.38,1470,150000,0.35,0.3,1.0,3135.386
0.30941597,2.0,3.0,2000.0,0.37,2530,85000,0.21,0.2,1.0,4483.692
0.37874258,1.0,2.0,2000.0,0.37,1770,220000,0.2,0.1,1.0,5501.476
0.49008963,3.0,1.0,1890.0,0.4,1470,150000,0.35,0.1,1.0,9418.722
0.44188252,3.0,2.0,2662.557781,0.38,2530,85000,0.21,0.2,1.0,6858.521
0.2493685,3.0,3.0,2070.0,0.36,1470,150000,0.35,0.1,2.0,3972.516
0.422502,1.0,2.0,2000.0,0.37,2530,85000,0.21,0.1,1.0,6329.005
0.32437733,1.0,2.0,1890.0,0.4,2530,85000,0.21,0.2,1.0,4924.668
0.30194375,3.0,4.0,1890.0,0.4,1770,220000,0.2,0.1,1.0,4483.692
0.1421143,4.0,4.0,2070.0,0.36,1470,150000,0.35,0.1,1.0,3135.386
0.21949956,2.0,4.0,1890.0,0.4,1770,220000,0.2,0.2,1.0,3593.3618
0.14939894,1.0,4.0,2000.0,0.37,2540,75000,0.22,0.1,2.0,3135.386
0.47734,1.0,4.0,2662.557781,0.38,2540,75000,0.22,0.3,1.0,7987.981
0.2432179,4.0,2.0,2070.0,0.36,2540,75000,0.22,0.2,1.0,3972.516
0.13786586,4.0,2.0,1890.0,0.4,1470,150000,0.35,0.3,1.0,3135.386
0.34896123,1.0,4.0,2662.557781,0.38,1770,220000,0.2,0.1,2.0,5220.35
0.47977003,3.0,3.0,2000.0,0.37,2530,85000,0.21,0.2,1.0,8096.161
0.33636168,2.0,4.0,2662.557781,0.38,2540,75000,0.22,0.2,1.0,5010.875
0.47049806,4.0,2.0,2000.0,0.37,1470,150000,0.35,0.3,1.0,7473.9014
0.27533457,2.0,3.0,2662.557781,0.38,1770,220000,0.2,0.2,1.0,4114.24
0.42284748,1.0,4.0,1890.0,0.4,2530,85000,0.21,0.2,1.0,6329.005
0.060887422,2.0,2.0,2662.557781,0.38,2540,75000,0.22,0.1,2.0,2374.8777
0.24778299,1.0,2.0,2662.557781,0.38,1770,220000,0.2,0.2,1.0,3972.516
0.07375948,1.0,3.0,2662.557781,0.38,1770,220000,0.2,0.2,1.0,2440.3904
0.05515932,1.0,4.0,2662.557781,0.38,1470,150000,0.35,0.1,1.0,2235.9285
0.27774853,1.0,1.0,1890.0,0.4,2540,75000,0.22,0.3,1.0,4114.24
0.29771015,3.0,3.0,2000.0,0.37,1470,150000,0.35,0.1,2.0,4476.866
0.3577484,1.0,3.0,2662.557781,0.38,2530,85000,0.21,0.3,1.0,5220.35
0.20938991,4.0,3.0,2000.0,0.37,2530,85000,0.21,0.1,2.0,3593.3618
0.4114567,4.0,2.0,2070.0,0.36,1470,150000,0.35,0.2,1.0,6216.9814
0.45518902,4.0,4.0,2070.0,0.36,2540,75000,0.22,0.2,1.0,7004.3174
0.36551553,4.0,4.0,2662.557781,0.38,2540,75000,0.22,0.1,1.0,5220.35
0.49366972,3.0,2.0,1890.0,0.4,1470,150000,0.35,0.1,2.0,9590.157
0.06143745,1.0,1.0,2000.0,0.37,1470,150000,0.35,0.2,1.0,2374.8777
0.37626436,4.0,4.0,1890.0,0.4,1770,220000,0.2,0.3,1.0,5501.476
0.07514415,4.0,2.0,2662.557781,0.38,1470,150000,0.35,0.1,2.0,2440.3904
0.40475875,3.0,1.0,2662.557781,0.38,2540,75000,0.22,0.3,1.0,6124.361
0.4455208,1.0,3.0,2070.0,0.36,2530,85000,0.21,0.1,1.0,6903.4077
0.116432205,3.0,3.0,1890.0,0.4,2540,75000,0.22,0.1,2.0,2820.8296
0.16237566,1.0,4.0,1890.0,0.4,2540,75000,0.22,0.1,2.0,3185.3545
0.1287047,2.0,4.0,2662.557781,0.38,2530,85000,0.21,0.3,1.0,3010.9568
0.38342664,1.0,2.0,2000.0,0.37,2540,75000,0.22,0.2,1.0,5553.007
0.084290184,3.0,3.0,1890.0,0.4,2540,75000,0.22,0.1,1.0,2568.8853
0.23349041,1.0,3.0,2000.0,0.37,1470,150000,0.35,0.3,1.0,3972.516
0.07347716,4.0,1.0,2070.0,0.36,1470,150000,0.35,0.3,1.0,2440.3904
0.4581458,1.0,1.0,2662.557781,0.38,1470,150000,0.35,0.1,1.0,7412.979
0.4314539,4.0,4.0,1890.0,0.4,2540,75000,0.22,0.1,1.0,6712.5728
0.18375483,1.0,4.0,2070.0,0.36,2540,75000,0.22,0.1,2.0,3593.3618
0.1503808,3.0,3.0,2000.0,0.37,2540,75000,0.22,0.1,2.0,3135.386
0.2658323,2.0,1.0,1890.0,0.4,1470,150000,0.35,0.3,1.0,4075.333
0.0519059,1.0,2.0,2070.0,0.36,2540,75000,0.22,0.3,1.0,2171.3457
0.27198458,4.0,1.0,2662.557781,0.38,2540,75000,0.22,0.3,1.0,4075.333
0.47175387,4.0,4.0,2000.0,0.37,2530,85000,0.21,0.1,1.0,7856.8955
0.1938627,1.0,1.0,1890.0,0.4,1470,150000,0.35,0.2,1.0,3593.3618
0.068287455,4.0,4.0,1890.0,0.4,1470,150000,0.35,0.3,1.0,2379.2732
0.49822685,1.0,1.0,1890.0,0.4,2530,85000,0.21,0.1,1.0,9680.72
0.05932527,2.0,1.0,2662.557781,0.38,2530,85000,0.21,0.2,1.0,2262.5215
0.36144915,4.0,1.0,2000.0,0.37,2530,85000,0.21,0.1,1.0,5220.35
0.12813872,3.0,1.0,2662.557781,0.38,2540,75000,0.22,0.2,1.0,3010.9568
0.45841113,4.0,2.0,2070.0,0.36,1470,150000,0.35,0.2,1.0,7412.979
0.12914802,1.0,3.0,2662.557781,0.38,1770,220000,0.2,0.2,1.0,3010.9568
0.23985894,1.0,4.0,2000.0,0.37,2540,75000,0.22,0.1,2.0,3972.516
0.3312612,1.0,2.0,2070.0,0.36,2530,85000,0.21,0.2,1.0,5010.875
0.4378958,4.0,3.0,2070.0,0.36,1770,220000,0.2,0.3,1.0,6858.521
0.07560075,1.0,1.0,1890.0,0.4,1770,220000,0.2,0.1,2.0,2543.3892
0.1358508,4.0,1.0,1890.0,0.4,1770,220000,0.2,0.2,1.0,3010.9568
0.43256512,3.0,1.0,2662.557781,0.38,1770,220000,0.2,0.1,1.0,6712.5728
0.07465233,1.0,3.0,1890.0,0.4,2540,75000,0.22,0.1,2.0,2440.3904
0.48055118,3.0,1.0,2070.0,0.36,1770,220000,0.2,0.1,1.0,8096.161
0.42515862,2.0,3.0,1890.0,0.4,2540,75000,0.22,0.3,1.0,6329.005
0.3354826,4.0,2.0,2000.0,0.37,1770,220000,0.2,0.1,1.0,5010.875
0.20901151,2.0,2.0,2070.0,0.36,2540,75000,0.22,0.1,2.0,3593.3618
0.25092527,4.0,4.0,2070.0,0.36,2530,85000,0.21,0.3,1.0,4049.892
0.17358671,2.0,2.0,2070.0,0.36,1470,150000,0.35,0.2,1.0,3593.3618
0.46867555,2.0,1.0,1890.0,0.4,2530,85000,0.21,0.2,1.0,7473.9014
0.2873523,4.0,1.0,1890.0,0.4,1470,150000,0.35,0.3,1.0,4476.866
0.4098168,2.0,2.0,2000.0,0.37,2540,75000,0.22,0.2,1.0,6216.9814
0.14188571,1.0,4.0,1890.0,0.4,2530,85000,0.21,0.1,1.0,3135.386
0.06537211,2.0,2.0,2662.557781,0.38,1470,150000,0.35,0.2,1.0,2378.1858
0.29758933,1.0,4.0,2662.557781,0.38,2530,85000,0.21,0.3,1.0,4476.866
0.06221044,2.0,4.0,1890.0,0.4,2530,85000,0.21,0.1,2.0,2378.1858
0.49936813,4.0,4.0,2000.0,0.37,2540,75000,0.22,0.1,1.0,10969.864
0.113183826,3.0,4.0,2662.557781,0.38,1770,220000,0.2,0.2,1.0,2785.9377
0.19863878,1.0,3.0,2662.557781,0.38,1470,150000,0.35,0.2,1.0,3593.3618
0.4760894,4.0,2.0,2000.0,0.37,2530,85000,0.21,0.1,2.0,7987.981
0.3385182,4.0,3.0,2000.0,0.37,2530,85000,0.21,0.3,1.0,5010.875
0.32127407,4.0,3.0,2070.0,0.36,1470,150000,0.35,0.1,1.0,4736.3003
0.3855312,1.0,4.0,2662.557781,0.38,1770,220000,0.2,0.2,1.0,5553.007
0.30979154,1.0,1.0,1890.0,0.4,2530,85000,0.21,0.3,1.0,4483.692
0.4903669,3.0,3.0,1890.0,0.4,2540,75000,0.22,0.1,2.0,9418.722
0.2844216,1.0,1.0,1890.0,0.4,2530,85000,0.21,0.1,1.0,4476.866
0.40424722,2.0,3.0,2070.0,0.36,2540,75000,0.22,0.2,2.0,6124.361
0.43353188,1.0,4.0,2070.0,0.36,2540,75000,0.22,0.2,1.0,6712.5728
0.4486944,3.0,4.0,2000.0,0.37,1770,220000,0.2,0.2,1.0,6903.4077
0.2625121,1.0,2.0,2662.557781,0.38,2540,75000,0.22,0.3,1.0,4075.333
0.09689541,4.0,4.0,1890.0,0.4,1770,220000,0.2,0.2,1.0,2601.8828
0.3311055,1.0,1.0,2070.0,0.36,2530,85000,0.21,0.1,1.0,5010.875
0.47424233,2.0,1.0,2662.557781,0.38,2530,85000,0.21,0.2,1.0,7856.8955
0.45175055,4.0,4.0,2070.0,0.36,2540,75000,0.22,0.1,1.0,7004.3174
0.20857114,4.0,4.0,2000.0,0.37,1470,150000,0.35,0.2,1.0,3593.3618
0.11716508,1.0,1.0,2000.0,0.37,2530,85000,0.21,0.1,1.0,2820.8296
0.45945802,3.0,3.0,1890.0,0.4,2540,75000,0.22,0.1,2.0,7412.979
0.3367017,1.0,3.0,2070.0,0.36,2530,85000,0.21,0.1,2.0,5010.875
0.40134954,3.0,3.0,2000.0,0.37,1470,150000,0.35,0.1,2.0,5609.0503
0.415964,3.0,4.0,2662.557781,0.38,1770,220000,0.2,0.2,1.0,6216.9814
0.102582574,2.0,3.0,2000.0,0.37,2540,75000,0.22,0.1,2.0,2785.9377
0.06606276,1.0,3.0,2070.0,0.36,2530,85000,0.21,0.3,1.0,2378.1858
0.27693102,4.0,1.0,1890.0,0.4,2530,85000,0.21,0.2,1.0,4114.24
0.23303653,3.0,4.0,2662.557781,0.38,1770,220000,0.2,0.1,2.0,3972.516
0.29232132,3.0,2.0,2662.557781,0.38,2540,75000,0.22,0.2,1.0,4476.866
0.45756042,4.0,4.0,2070.0,0.36,1770,220000,0.2,0.3,1.0,7412.979
0.3301416,3.0,4.0,2000.0,0.37,2540,75000,0.22,0.1,2.0,5010.875
0.45951217,1.0,1.0,2000.0,0.37,1770,220000,0.2,0.1,1.0,7412.979
0.30196184,3.0,1.0,2000.0,0.37,2540,75000,0.22,0.1,1.0,4483.692
0.38147116,1.0,1.0,2070.0,0.36,2530,85000,0.21,0.1,1.0,5553.007
0.23718049,2.0,4.0,2000.0,0.37,1470,150000,0.35,0.1,2.0,3972.516
0.12693864,2.0,3.0,2070.0,0.36,1470,150000,0.35,0.1,2.0,3010.9568
0.2285363,3.0,4.0,2000.0,0.37,2530,85000,0.21,0.1,1.0,3972.516
0.41272593,4.0,2.0,2070.0,0.36,1770,220000,0.2,0.3,1.0,6216.9814
0.24392888,4.0,2.0,2070.0,0.36,1470,150000,0.35,0.2,1.0,3972.516
0.35372928,1.0,4.0,2070.0,0.36,1470,150000,0.35,0.1,2.0,5220.35
0.3816027,1.0,4.0,1890.0,0.4,1770,220000,0.2,0.2,1.0,5553.007
0.4119194,3.0,4.0,2662.557781,0.38,1770,220000,0.2,0.3,1.0,6216.9814
0.48783174,1.0,3.0,2070.0,0.36,1770,220000,0.2,0.2,1.0,9418.722
0.4867487,3.0,1.0,2662.557781,0.38,2540,75000,0.22,0.1,1.0,8562.654
0.30490154,2.0,2.0,2070.0,0.36,1470,150000,0.35,0.3,1.0,4483.692
0.068213925,3.0,3.0,2070.0,0.36,2540,75000,0.22,0.2,1.0,2379.2732
0.23630622,3.0,1.0,2662.557781,0.38,2540,75000,0.22,0.1,1.0,3972.516
0.1350851,3.0,1.0,2000.0,0.37,1770,220000,0.2,0.1,2.0,3010.9568
0.088229984,1.0,3.0,2070.0,0.36,2540,75000,0.22,0.3,1.0,2601.8828
0.12783535,1.0,4.0,1890.0,0.4,1470,150000,0.35,0.2,1.0,3010.9568
0.30216753,2.0,1.0,2070.0,0.36,1470,150000,0.35,0.2,1.0,4483.692
0.34365517,1.0,3.0,2070.0,0.36,2530,85000,0.21,0.3,1.0,5220.35
0.28170076,3.0,4.0,2662.557781,0.38,2530,85000,0.21,0.3,1.0,4476.866
0.45877162,3.0,3.0,2000.0,0.37,1770,220000,0.2,0.2,1.0,7412.979
0.274104,4.0,1.0,2662.557781,0.38,1770,220000,0.2,0.2,1.0,4075.333
0.11307542,3.0,3.0,2070.0,0.36,2530,85000,0.21,0.1,2.0,2785.9377
0.25297397,4.0,3.0,2070.0,0.36,2530,85000,0.21,0.3,1.0,4049.892
0.45906186,2.0,2.0,2000.0,0.37,1470,150000,0.35,0.3,1.0,7412.979
0.22188045,1.0,4.0,2000.0,0.37,2540,75000,0.22,0.2,1.0,3593.3618
0.36171323,1.0,3.0,2070.0,0.36,2530,85000,0.21,0.3,1.0,5220.35
0.22214703,2.0,1.0,2662.557781,0.38,2530,85000,0.21,0.2,1.0,3616.0564
0.07631818,1.0,1.0,2662.557781,0.38,1770,220000,0.2,0.2,1.0,2543.3892
0.3282102,3.0,2.0,2000.0,0.37,2540,75000,0.22,0.1,2.0,4927.417
0.41008615,1.0,2.0,2662.557781,0.38,1770,220000,0.2,0.1,2.0,6216.9814
0.439264,1.0,2.0,1890.0,0.4,2530,85000,0.21,0.2,1.0,6858.521
0.47324136,3.0,2.0,1890.0,0.4,1470,150000,0.35,0.3,1.0,7856.8955
0.14589071,1.0,4.0,1890.0,0.4,1470,150000,0.35,0.3,1.0,3135.386
0.1522384,1.0,1.0,1890.0,0.4,2530,85000,0.21,0.1,2.0,3135.386
0.46701673,3.0,2.0,2000.0,0.37,2540,75000,0.22,0.3,1.0,7412.979
0.43729854,2.0,3.0,2000.0,0.37,2530,85000,0.21,0.2,1.0,6858.521
0.24974164,3.0,4.0,1890.0,0.4,1770,220000,0.2,0.3,1.0,3972.516
0.060633224,2.0,4.0,2070.0,0.36,2530,85000,0.21,0.1,2.0,2374.8777
0.19101557,2.0,4.0,2070.0,0.36,2530,85000,0.21,0.3,1.0,3593.3618
0.06623324,4.0,1.0,2662.557781,0.38,2530,85000,0.21,0.2,1.0,2378.1858
0.38746914,1.0,3.0,2000.0,0.37,2540,75000,0.22,0.1,2.0,5609.0503
0.080239445,1.0,2.0,2000.0,0.37,2530,85000,0.21,0.2,1.0,2568.8853
0.37119165,3.0,1.0,1890.0,0.4,1770,220000,0.2,0.2,1.0,5501.476
0.40637207,2.0,4.0,2000.0,0.37,1770,220000,0.2,0.1,1.0,6216.9814
0.42033303,3.0,1.0,1890.0,0.4,1770,220000,0.2,0.2,1.0,6329.005
0.10331936,2.0,3.0,2662.557781,0.38,2540,75000,0.22,0.2,2.0,2785.9377
0.06278253,3.0,3.0,2662.557781,0.38,2530,85000,0.21,0.1,2.0,2378.1858
0.23602901,4.0,1.0,1890.0,0.4,2540,75000,0.22,0.3,1.0,3972.516
0.48101312,2.0,3.0,2662.557781,0.38,1770,220000,0.2,0.1,2.0,8096.161
0.15779035,3.0,3.0,2662.557781,0.38,1470,150000,0.35,0.1,2.0,3135.386
0.4210412,1.0,2.0,1890.0,0.4,1470,150000,0.35,0.1,1.0,6329.005
0.4001337,3.0,1.0,1890.0,0.4,2530,85000,0.21,0.1,1.0,5609.0503
0.48843604,2.0,3.0,2070.0,0.36,1770,220000,0.2,0.2,1.0,9418.722
0.41191426,2.0,1.0,2662.557781,0.38,1770,220000,0.2,0.1,2.0,6216.9814
0.30218714,4.0,4.0,2662.557781,0.38,1770,220000,0.2,0.2,1.0,4483.692
0.3103351,4.0,1.0,2000.0,0.37,1470,150000,0.35,0.1,2.0,4483.692
0.46577057,4.0,2.0,2662.557781,0.38,1770,220000,0.2,0.2,1.0,7412.979
0.26777914,2.0,3.0,2662.557781,0.38,2530,85000,0.21,0.1,2.0,4075.333
0.3688953,1.0,4.0,2662.557781,0.38,2530,85000,0.21,0.1,2.0,5501.476
0.3895097,2.0,4.0,2662.557781,0.38,2540,75000,0.22,0.1,2.0,5609.0503
0.46279246,4.0,2.0,2070.0,0.36,1470,150000,0.35,0.3,1.0,7412.979
0.35313883,3.0,1.0,1890.0,0.4,2540,75000,0.22,0.2,1.0,5220.35
0.43585294,2.0,4.0,2070.0,0.36,1770,220000,0.2,0.3,1.0,6858.521
0.40965033,3.0,3.0,1890.0,0.4,2540,75000,0.22,0.1,2.0,6216.9814
0.09887947,3.0,4.0,2000.0,0.37,2530,85000,0.21,0.2,1.0,2785.9377
0.1170104,3.0,3.0,1890.0,0.4,1770,220000,0.2,0.1,2.0,2820.8296
0.40046898,3.0,4.0,2070.0,0.36,1770,220000,0.2,0.1,1.0,5609.0503
0.1463981,2.0,3.0,1890.0,0.4,1470,150000,0.35,0.2,1.0,3135.386
0.05098789,2.0,1.0,1890.0,0.4,1770,220000,0.2,0.2,1.0,2136.0137
0.34268844,3.0,2.0,2000.0,0.37,2530,85000,0.21,0.2,2.0,5010.875
0.19262503,2.0,2.0,2070.0,0.36,2530,85000,0.21,0.1,2.0,3593.3618
0.4513951,1.0,2.0,2000.0,0.37,2530,85000,0.21,0.3,1.0,7004.3174
0.4881783,3.0,3.0,1890.0,0.4,2540,75000,0.22,0.1,2.0,9418.722
0.34679472,4.0,2.0,2070.0,0.36,1470,150000,0.35,0.3,1.0,5220.35
0.3894274,3.0,3.0,2662.557781,0.38,2540,75000,0.22,0.1,2.0,5609.0503
0.092531376,4.0,4.0,1890.0,0.4,1470,150000,0.35,0.1,1.0,2601.8828
0.14288937,2.0,2.0,2000.0,0.37,2540,75000,0.22,0.3,1.0,3135.386
0.41247112,4.0,3.0,2070.0,0.36,1770,220000,0.2,0.1,2.0,6216.9814
0.4958672,4.0,2.0,2000.0,0.37,2540,75000,0.22,0.2,1.0,9590.157
0.054554313,1.0,2.0,2662.557781,0.38,2530,85000,0.21,0.1,1.0,2235.9285
0.43544796,3.0,3.0,2662.557781,0.38,1770,220000,0.2,0.1,2.0,6858.521
0.32158977,2.0,1.0,2070.0,0.36,1470,150000,0.35,0.2,1.0,4736.3003
0.41723636,3.0,3.0,2000.0,0.37,1470,150000,0.35,0.1,2.0,6216.9814
0.35440165,3.0,1.0,2000.0,0.37,2540,75000,0.22,0.1,2.0,5220.35
0.49466953,3.0,1.0,1890.0,0.4,2540,75000,0.22,0.3,1.0,9590.157
0.05392758,3.0,4.0,2070.0,0.36,2540,75000,0.22,0.1,1.0,2235.9285
0.26776016,4.0,1.0,2662.557781,0.38,1770,220000,0.2,0.2,1.0,4075.333
0.4890032,4.0,4.0,2000.0,0.37,2530,85000,0.21,0.2,1.0,9418.722
0.2130932,3.0,3.0,1890.0,0.4,2540,75000,0.22,0.1,2.0,3593.3618
0.342504,2.0,2.0,2662.557781,0.38,2540,75000,0.22,0.1,1.0,5010.875
0.09344423,4.0,2.0,2662.557781,0.38,2540,75000,0.22,0.1,2.0,2601.8828
0.17016813,1.0,4.0,2000.0,0.37,1770,220000,0.2,0.1,1.0,3593.3618
0.3044345,1.0,4.0,2000.0,0.37,2540,75000,0.22,0.1,1.0,4483.692
0.48143247,2.0,3.0,2000.0,0.37,2540,75000,0.22,0.1,1.0,8096.161
0.07376089,3.0,4.0,2070.0,0.36,2540,75000,0.22,0.1,1.0,2440.3904
0.32527804,3.0,3.0,2662.557781,0.38,1470,150000,0.35,0.1,2.0,4924.668
0.1003137,3.0,3.0,2070.0,0.36,1770,220000,0.2,0.2,1.0,2785.9377
0.09893325,1.0,1.0,1890.0,0.4,2540,75000,0.22,0.3,1.0,2785.9377
0.36195898,3.0,1.0,2662.557781,0.38,2540,75000,0.22,0.3,1.0,5220.35
0.45618498,2.0,2.0,2662.557781,0.38,2540,75000,0.22,0.3,1.0,7004.3174
0.11537803,3.0,4.0,2000.0,0.37,1770,220000,0.2,0.1,1.0,2805.4863
0.316889,3.0,1.0,2000.0,0.37,2540,75000,0.22,0.3,1.0,4736.3003
0.20358196,2.0,2.0,2000.0,0.37,1470,150000,0.35,0.1,1.0,3593.3618
0.20038863,2.0,1.0,2662.557781,0.38,1470,150000,0.35,0.1,1.0,3593.3618
0.23001318,3.0,3.0,2070.0,0.36,2540,75000,0.22,0.1,1.0,3972.516
0.061128587,1.0,4.0,2000.0,0.37,1470,150000,0.35,0.1,1.0,2374.8777
0.34244886,4.0,1.0,2662.557781,0.38,1470,150000,0.35,0.1,1.0,5010.875
0.48282185,4.0,1.0,2070.0,0.36,1470,150000,0.35,0.1,1.0,8096.161
0.07727866,1.0,3.0,1890.0,0.4,1470,150000,0.35,0.1,2.0,2543.3892
0.119409904,2.0,3.0,1890.0,0.4,1470,150000,0.35,0.1,1.0,2888.7456
0.15451704,3.0,3.0,2070.0,0.36,1470,150000,0.35,0.3,1.0,3135.386
0.34443188,4.0,2.0,1890.0,0.4,2540,75000,0.22,0.2,1.0,5220.35
0.09180666,4.0,1.0,2070.0,0.36,1770,220000,0.2,0.1,1.0,2601.8828
0.4566803,1.0,4.0,2000.0,0.37,2530,85000,0.21,0.2,1.0,7412.979
0.2972246,2.0,2.0,2070.0,0.36,2530,85000,0.21,0.1,2.0,4476.866
0.14441511,1.0,3.0,2000.0,0.37,1470,150000,0.35,0.1,2.0,3135.386
0.26815155,2.0,2.0,2070.0,0.36,2540,75000,0.22,0.1,2.0,4075.333
0.16043231,3.0,3.0,2662.557781,0.38,1470,150000,0.35,0.1,2.0,3135.386
0.2196905,4.0,2.0,2662.557781,0.38,1770,220000,0.2,0.2,1.0,3593.3618
0.21170458,4.0,1.0,1890.0,0.4,2540,75000,0.22,0.3,1.0,3593.3618
0.05542321,4.0,4.0,2662.557781,0.38,1470,150000,0.35,0.1,1.0,2235.9285
0.37757075,2.0,3.0,1890.0,0.4,1470,150000,0.35,0.1,2.0,5501.476
0.056524936,2.0,1.0,2070.0,0.36,2530,85000,0.21,0.1,1.0,2237.101
0.093674384,4.0,2.0,2070.0,0.36,1770,220000,0.2,0.1,2.0,2601.8828
0.47393945,4.0,4.0,2070.0,0.36,1470,150000,0.35,0.1,1.0,7856.8955
0.30646077,3.0,3.0,2070.0,0.36,1470,150000,0.35,0.1,1.0,4483.692
0.0819202,4.0,3.0,1890.0,0.4,2530,85000,0.21,0.1,1.0,2568.8853
0.2984662,4.0,2.0,2662.557781,0.38,2530,85000,0.21,0.1,1.0,4476.866
0.26049173,4.0,1.0,2070.0,0.36,2530,85000,0.21,0.2,1.0,4075.333
0.3514157,2.0,4.0,2000.0,0.37,1770,220000,0.2,0.3,1.0,5220.35
0.45581913,4.0,2.0,1890.0,0.4,1770,220000,0.2,0.1,1.0,7004.3174
0.4422942,4.0,2.0,1890.0,0.4,1470,150000,0.35,0.2,1.0,6858.521
0.13637742,4.0,2.0,2000.0,0.37,1470,150000,0.35,0.2,1.0,3010.9568
0.09452791,2.0,4.0,2000.0,0.37,2540,75000,0.22,0.2,1.0,2601.8828
0.056833055,2.0,1.0,1890.0,0.4,1470,150000,0.35,0.2,1.0,2237.101
0.07925243,3.0,4.0,2662.557781,0.38,2530,85000,0.21,0.1,1.0,2543.3892
0.3558583,1.0,1.0,2662.557781,0.38,2540,75000,0.22,0.1,1.0,5220.35
0.10066988,2.0,1.0,2000.0,0.37,1770,220000,0.2,0.3,1.0,2785.9377
0.23496109,4.0,1.0,2662.557781,0.38,2540,75000,0.22,0.1,1.0,3972.516
0.20262733,4.0,2.0,2070.0,0.36,2540,75000,0.22,0.1,2.0,3593.3618
0.08507582,1.0,2.0,2000.0,0.37,1770,220000,0.2,0.2,1.0,2568.8853
0.36547163,4.0,4.0,2070.0,0.36,2530,85000,0.21,0.1,2.0,5220.35
0.47114822,1.0,4.0,2070.0,0.36,1470,150000,0.35,0.1,2.0,7856.8955
0.20071343,4.0,1.0,2070.0,0.36,2540,75000,0.22,0.2,1.0,3593.3618
0.43523622,2.0,2.0,2070.0,0.36,1470,150000,0.35,0.1,2.0,6858.521
0.209687,2.0,4.0,2070.0,0.36,2530,85000,0.21,0.1,1.0,3593.3618
0.4628152,1.0,4.0,2070.0,0.36,1470,150000,0.35,0.2,1.0,7412.979
0.0730771,4.0,2.0,1890.0,0.4,2530,85000,0.21,0.3,1.0,2440.3904
0.104833655,1.0,1.0,2000.0,0.37,1770,220000,0.2,0.1,2.0,2785.9377
0.10918508,3.0,3.0,2000.0,0.37,2540,75000,0.22,0.2,1.0,2785.9377
0.46073663,4.0,2.0,2070.0,0.36,1470,150000,0.35,0.2,1.0,7412.979
0.46933284,4.0,1.0,1890.0,0.4,1470,150000,0.35,0.2,1.0,7473.9014
0.32256386,4.0,4.0,2070.0,0.36,1770,220000,0.2,0.1,1.0,4736.3003
0.07413422,1.0,4.0,2000.0,0.37,1770,220000,0.2,0.2,1.0,2440.3904
0.12644668,4.0,4.0,2662.557781,0.38,1770,220000,0.2,0.3,1.0,3010.9568
0.08194982,2.0,4.0,2000.0,0.37,2530,85000,0.21,0.3,1.0,2568.8853
0.11346342,3.0,1.0,2000.0,0.37,2530,85000,0.21,0.2,1.0,2785.9377
0.40554345,3.0,3.0,1890.0,0.4,2540,75000,0.22,0.1,2.0,6216.9814
0.32474306,2.0,1.0,2000.0,0.37,2530,85000,0.21,0.3,1.0,4924.668
0.31184548,4.0,3.0,2070.0,0.36,2540,75000,0.22,0.1,2.0,4536.0967
0.12325583,1.0,3.0,2000.0,0.37,1470,150000,0.35,0.2,1.0,3010.9568
0.05970033,4.0,2.0,2662.557781,0.38,2540,75000,0.22,0.1,1.0,2293.8384
0.4455979,1.0,4.0,1890.0,0.4,1470,150000,0.35,0.2,1.0,6903.4077
0.120434664,4.0,2.0,2070.0,0.36,1470,150000,0.35,0.3,1.0,2888.7456
0.45095098,1.0,1.0,2662.557781,0.38,2530,85000,0.21,0.1,1.0,7004.3174
0.47141737,1.0,3.0,2070.0,0.36,2540,75000,0.22,0.1,1.0,7856.8955
0.052143354,3.0,4.0,2662.557781,0.38,2530,85000,0.21,0.1,1.0,2171.3457
0.43790993,1.0,2.0,2000.0,0.37,1770,220000,0.2,0.1,1.0,6858.521
0.11168471,4.0,1.0,2000.0,0.37,2540,75000,0.22,0.3,1.0,2785.9377
0.43897563,4.0,1.0,2000.0,0.37,1770,220000,0.2,0.2,1.0,6858.521
0.10113308,3.0,3.0,2000.0,0.37,1770,220000,0.2,0.1,2.0,2785.9377
0.16667835,3.0,3.0,2000.0,0.37,1470,150000,0.35,0.3,1.0,3303.0898
0.41960862,1.0,4.0,2070.0,0.36,1770,220000,0.2,0.2,1.0,6329.005
0.09712332,1.0,4.0,2070.0,0.36,2530,85000,0.21,0.2,1.0,2702.1045
0.48690507,1.0,2.0,2662.557781,0.38,1470,150000,0.35,0.1,2.0,9418.722
0.43675184,1.0,3.0,2662.557781,0.38,2540,75000,0.22,0.1,2.0,6858.521
0.24145898,3.0,1.0,2662.557781,0.38,1470,150000,0.35,0.1,2.0,3972.516
0.2537865,2.0,2.0,2662.557781,0.38,1470,150000,0.35,0.2,1.0,4049.892
0.49653292,3.0,3.0,2070.0,0.36,1470,150000,0.35,0.1,2.0,9601.506
0.49786872,2.0,2.0,1890.0,0.4,2540,75000,0.22,0.2,1.0,9680.72
0.37047076,1.0,2.0,1890.0,0.4,2530,85000,0.21,0.1,2.0,5501.476
0.19765535,3.0,1.0,1890.0,0.4,1770,220000,0.2,0.2,1.0,3593.3618
0.055815183,1.0,1.0,2070.0,0.36,1770,220000,0.2,0.1,1.0,2237.101
0.3032765,1.0,2.0,2000.0,0.37,1770,220000,0.2,0.3,1.0,4483.692
0.17734416,1.0,1.0,1890.0,0.4,2530,85000,0.21,0.1,2.0,3593.3618
0.44795993,2.0,3.0,2662.557781,0.38,1770,220000,0.2,0.1,2.0,6903.4077
0.4229191,2.0,3.0,2070.0,0.36,2540,75000,0.22,0.1,2.0,6329.005
0.06313307,2.0,4.0,1890.0,0.4,1470,150000,0.35,0.1,2.0,2378.1858
0.3912297,4.0,4.0,2662.557781,0.38,1770,220000,0.2,0.2,1.0,5609.0503
0.29122177,2.0,4.0,2000.0,0.37,1770,220000,0.2,0.1,2.0,4476.866
0.47131473,1.0,1.0,2662.557781,0.38,1770,220000,0.2,0.1,2.0,7856.8955
0.2613142,2.0,4.0,2662.557781,0.38,1770,220000,0.2,0.1,2.0,4075.333
0.20296112,2.0,3.0,2662.557781,0.38,2540,75000,0.22,0.1,2.0,3593.3618
0.1506356,3.0,3.0,2662.557781,0.38,2530,85000,0.21,0.1,2.0,3135.386
0.23927361,4.0,1.0,2662.557781,0.38,2530,85000,0.21,0.3,1.0,3972.516
0.21736342,2.0,3.0,2070.0,0.36,1470,150000,0.35,0.1,2.0,3593.3618
0.08750277,4.0,2.0,1890.0,0.4,2530,85000,0.21,0.1,2.0,2601.8828
0.21186002,4.0,1.0,2070.0,0.36,1770,220000,0.2,0.3,1.0,3593.3618
0.21108064,2.0,4.0,2070.0,0.36,2530,85000,0.21,0.2,1.0,3593.3618
0.17171346,3.0,1.0,1890.0,0.4,2530,85000,0.21,0.2,1.0,3593.3618
0.23183788,3.0,2.0,2662.557781,0.38,1470,150000,0.35,0.1,2.0,3972.516
0.07362303,3.0,3.0,2000.0,0.37,1470,150000,0.35,0.3,1.0,2440.3904
0.15965854,1.0,2.0,2662.557781,0.38,2530,85000,0.21,0.3,1.0,3135.386
0.09552167,3.0,1.0,2070.0,0.36,1770,220000,0.2,0.1,2.0,2601.8828
0.2178849,1.0,1.0,2070.0,0.36,1470,150000,0.35,0.1,1.0,3593.3618
0.4445651,4.0,2.0,1890.0,0.4,1770,220000,0.2,0.2,1.0,6903.4077
0.11548872,1.0,4.0,2000.0,0.37,1770,220000,0.2,0.2,1.0,2820.8296
0.102157824,1.0,2.0,1890.0,0.4,2540,75000,0.22,0.2,1.0,2785.9377
